location,energy_class,condition,renovation_year,building_year,type,address,rooms,surface_area,count,rent,rating,Internet: Trinet,Remontoitu tai uusi,Hissi,Vesimaksu kulutuksen mukaan,Internet: DNA,Pesutupa,Kerhotila,Internet: Telia,Sauna
"Oulunkylä, Helsinki",G,no condition,2004,1976,Soluhuone,Lohkopellontie 1,1h,11.9,"3
                                   ",294,2,0,0,0,0,1,1,1,0,1
"Oulunkylä, Helsinki",G,no condition,2004,1976,Soluhuone,Lohkopellontie 1,1h,12.6,"1
                                   ",282,2,0,0,0,0,1,1,1,0,1
"Oulunkylä, Helsinki",G,no condition,2004,1976,Soluhuone,Lohkopellontie 1,1h,12.6,"2
                                   ",300,2,0,0,0,0,1,1,1,0,1
"Oulunkylä, Helsinki",G,no condition,2004,1976,Soluhuone,Lohkopellontie 1,1h,13.3,"3
                                   ",297,2,0,0,0,0,1,1,1,0,1
"Oulunkylä, Helsinki",G,no condition,2004,1976,Soluhuone,Lohkopellontie 1,1h,13.3,"1
                                   ",327,2,0,0,0,0,1,1,1,0,1
"Oulunkylä, Helsinki",G,no condition,2004,1976,Soluhuone,Lohkopellontie 1,1h,15.7,"1
                                   ",323,2,0,0,0,0,1,1,1,0,1
"Oulunkylä, Helsinki",G,no condition,2004,1976,Soluhuone,Lohkopellontie 1,1h,15.7,"2
                                   ",344,2,0,0,0,0,1,1,1,0,1
"Oulunkylä, Helsinki",G,no condition,2004,1976,Soluhuone,Lohkopellontie 1,1h,15.9,"1
                                   ",324,2,0,0,0,0,1,1,1,0,1
"Oulunkylä, Helsinki",G,no condition,2004,1976,Soluhuone,Lohkopellontie 1,1h,15.9,"5
                                   ",345,2,0,0,0,0,1,1,1,0,1
"Oulunkylä, Helsinki",G,no condition,2004,1976,Soluhuone,Lohkopellontie 1,1h,16.2,"3
                                   ",336,2,0,0,0,0,1,1,1,0,1
"Oulunkylä, Helsinki",G,no condition,2004,1976,Soluhuone,Lohkopellontie 1,1h,16.2,"3
                                   ",352,2,0,0,0,0,1,1,1,0,1
"Oulunkylä, Helsinki",G,no condition,2004,1976,Soluhuone,Lohkopellontie 1,1h,17.7,"3
                                   ",358,2,0,0,0,0,1,1,1,0,1
"Oulunkylä, Helsinki",G,no condition,2004,1976,Soluhuone,Lohkopellontie 1,1h,17.7,"1
                                   ",389,2,0,0,0,0,1,1,1,0,1
"Oulunkylä, Helsinki",G,no condition,2004,1976,Kaksio,Lohkopellontie 1,1h+oh+kk,48,"6
                                   ",709,2,0,0,0,0,1,1,1,0,1
"Oulunkylä, Helsinki",G,no condition,2004,1976,Kaksio,Lohkopellontie 1,2h+kk,50,"8
                                   ",713,2,0,0,0,0,1,1,1,0,1
"Katajanokka, Helsinki",D,no condition,2021,1982,Kaksio,Katajanokanranta 21,1h+oh+kt,40.5,"1
                                   ",946,4,0,1,1,1,1,1,1,0,1
"Katajanokka, Helsinki",D,no condition,2021,1982,Kaksio,Katajanokanranta 21,1h+oh+kt,40.5,"1
                                   ",957,4,0,1,1,1,1,1,1,0,1
"Katajanokka, Helsinki",D,no condition,2021,1982,Kaksio,Katajanokanranta 21,1h+oh+kt,40.5,"1
                                   ",968,4,0,1,1,1,1,1,1,0,1
"Katajanokka, Helsinki",D,no condition,2021,1982,Kaksio,Katajanokanranta 21,1h+oh+kt,40.5,"1
                                   ",979,4,0,1,1,1,1,1,1,0,1
"Katajanokka, Helsinki",D,no condition,2021,1982,Kaksio,Katajanokanranta 21,1h+oh+kt,41,"1
                                   ",958,4,0,1,1,1,1,1,1,0,1
"Katajanokka, Helsinki",D,no condition,2021,1982,Kaksio,Katajanokanranta 21,1h+oh+k,42,"1
                                   ",1001,4,0,1,1,1,1,1,1,0,1
"Katajanokka, Helsinki",D,no condition,2021,1982,Kaksio,Katajanokanranta 21,1h+oh+k,43,"1
                                   ",1007,4,0,1,1,1,1,1,1,0,1
"Katajanokka, Helsinki",D,no condition,2021,1982,Kaksio,Katajanokanranta 21,1h+oh+kt,47,"2
                                   ",1069,4,0,1,1,1,1,1,1,0,1
"Katajanokka, Helsinki",D,no condition,2021,1982,Kaksio,Katajanokanranta 21,1h+oh+kt,47,"2
                                   ",1081,4,0,1,1,1,1,1,1,0,1
"Katajanokka, Helsinki",D,no condition,2021,1982,Kaksio,Katajanokanranta 21,1h+oh+kt,47,"1
                                   ",1086,4,0,1,1,1,1,1,1,0,1
"Katajanokka, Helsinki",D,no condition,2021,1982,Kaksio,Katajanokanranta 21,1h+oh+kt,47,"3
                                   ",1091,4,0,1,1,1,1,1,1,0,1
"Katajanokka, Helsinki",D,no condition,2021,1982,Kaksio,Katajanokanranta 21,1h+oh+kt,47.5,"1
                                   ",1047,4,0,1,1,1,1,1,1,0,1
"Katajanokka, Helsinki",D,no condition,2021,1982,Kaksio,Katajanokanranta 21,1h+oh+kt,47.5,"1
                                   ",1062,4,0,1,1,1,1,1,1,0,1
"Katajanokka, Helsinki",D,no condition,2021,1982,Kaksio,Katajanokanranta 21,1h+oh+kt,47.5,"1
                                   ",1069,4,0,1,1,1,1,1,1,0,1
"Katajanokka, Helsinki",D,no condition,2021,1982,Kaksio,Katajanokanranta 21,1h+oh+kt,47.5,"2
                                   ",1075,4,0,1,1,1,1,1,1,0,1
"Katajanokka, Helsinki",D,no condition,2021,1982,Kaksio,Katajanokanranta 21,1h+oh+kt,47.5,"2
                                   ",1086,4,0,1,1,1,1,1,1,0,1
"Katajanokka, Helsinki",D,no condition,2021,1982,Kaksio,Katajanokanranta 21,1h+oh+kt,47.5,"1
                                   ",1096,4,0,1,1,1,1,1,1,0,1
"Katajanokka, Helsinki",D,no condition,2021,1982,Kaksio,Katajanokanranta 21,1h+oh+k,48,"2
                                   ",1075,4,0,1,1,1,1,1,1,0,1
"Katajanokka, Helsinki",D,no condition,2021,1982,Kaksio,Katajanokanranta 21,1h+oh+k,48,"2
                                   ",1086,4,0,1,1,1,1,1,1,0,1
"Katajanokka, Helsinki",D,no condition,2021,1982,Kaksio,Katajanokanranta 21,1h+oh+k,48,"2
                                   ",1096,4,0,1,1,1,1,1,1,0,1
"Katajanokka, Helsinki",D,no condition,2021,1982,Kaksio,Katajanokanranta 21,1h+oh+k,48,"1
                                   ",1109,4,0,1,1,1,1,1,1,0,1
"Katajanokka, Helsinki",D,no condition,2021,1982,Kaksio,Katajanokanranta 21,1h+oh+kt,48,"1
                                   ",1047,4,0,1,1,1,1,1,1,0,1
"Katajanokka, Helsinki",D,no condition,2021,1982,Kaksio,Katajanokanranta 21,1h+oh+kt,48,"5
                                   ",1062,4,0,1,1,1,1,1,1,0,1
"Katajanokka, Helsinki",D,no condition,2021,1982,Kaksio,Katajanokanranta 21,1h+oh+kt,48,"5
                                   ",1075,4,0,1,1,1,1,1,1,0,1
"Katajanokka, Helsinki",D,no condition,2021,1982,Kaksio,Katajanokanranta 21,1h+oh+kt,48,"5
                                   ",1086,4,0,1,1,1,1,1,1,0,1
"Katajanokka, Helsinki",D,no condition,2021,1982,Kolmio,Katajanokanranta 21,2h+oh+kt,60,"2
                                   ",1256,4,0,1,1,1,1,1,1,0,1
"Katajanokka, Helsinki",D,no condition,2021,1982,Kolmio,Katajanokanranta 21,2h+oh+kt,62.5,"1
                                   ",1280,4,0,1,1,1,1,1,1,0,1
"Katajanokka, Helsinki",D,no condition,2021,1982,Kolmio,Katajanokanranta 21,2h+oh+kt,63,"1
                                   ",1283,4,0,1,1,1,1,1,1,0,1
"Katajanokka, Helsinki",F,no condition,2000,1840,Kaksio,Linnankuja 2,1h+tpk,31,"1
                                   ",631,no rating,0,0,0,0,1,0,0,0,0
"Katajanokka, Helsinki",F,no condition,2000,1840,Kaksio,Linnankuja 2,1h+oh+kk,45,"1
                                   ",805,no rating,0,0,0,0,1,0,0,0,0
"Katajanokka, Helsinki",F,no condition,2000,1840,Kaksio,Linnankuja 2,1h+oh+k,55.5,"1
                                   ",938,no rating,0,0,0,0,1,0,0,0,0
"Katajanokka, Helsinki",F,no condition,2000,1840,Kaksio,Linnankuja 2,1h+oh+k,64,"1
                                   ",1040,no rating,0,0,0,0,1,0,0,0,0
"Katajanokka, Helsinki",F,no condition,2000,1840,Yksiö,Linnankuja 2,1h+kk,32.5,"1
                                   ",666,no rating,0,0,0,0,1,0,0,0,0
"Katajanokka, Helsinki",F,no condition,2000,1840,Yksiö,Linnankuja 2,1h+kk,36,"1
                                   ",722,no rating,0,0,0,0,1,0,0,0,0
"Katajanokka, Helsinki",F,no condition,2000,1840,Yksiö,Linnankuja 2,1h+k,37,"1
                                   ",713,no rating,0,0,0,0,1,0,0,0,0
"Katajanokka, Helsinki",F,no condition,2000,1840,Yksiö,Linnankuja 2,1h+kk,53.5,"1
                                   ",936,no rating,0,0,0,0,1,0,0,0,0
"Katajanokka, Helsinki",F,no condition,2000,1840,Yksiö,Linnankuja 2,1h+kk,57,"1
                                   ",994,no rating,0,0,0,0,1,0,0,0,0
"Leppävaara-Vermonniitty, Espoo",F,no condition,2012,1986,Soluhuone,Timpurinkuja 1,1h,12,"2
                                   ",325,no rating,0,0,1,0,1,1,1,0,1
"Leppävaara-Vermonniitty, Espoo",F,no condition,2012,1986,Soluhuone,Timpurinkuja 1,1h,12.5,"1
                                   ",326,no rating,0,0,1,0,1,1,1,0,1
"Leppävaara-Vermonniitty, Espoo",F,no condition,2012,1986,Soluhuone,Timpurinkuja 1,1h,12.5,"2
                                   ",336,no rating,0,0,1,0,1,1,1,0,1
"Leppävaara-Vermonniitty, Espoo",F,no condition,2012,1986,Soluhuone,Timpurinkuja 1,1h,13,"1
                                   ",339,no rating,0,0,1,0,1,1,1,0,1
"Leppävaara-Vermonniitty, Espoo",F,no condition,2012,1986,Soluhuone,Timpurinkuja 1,1h,13.5,"1
                                   ",354,no rating,0,0,1,0,1,1,1,0,1
"Leppävaara-Vermonniitty, Espoo",F,no condition,2012,1986,Soluhuone,Timpurinkuja 1,1h,14.5,"2
                                   ",391,no rating,0,0,1,0,1,1,1,0,1
"Leppävaara-Vermonniitty, Espoo",F,no condition,2012,1986,Soluhuone,Timpurinkuja 1,1h,15,"2
                                   ",355,no rating,0,0,1,0,1,1,1,0,1
"Leppävaara-Vermonniitty, Espoo",F,no condition,2012,1986,Soluhuone,Timpurinkuja 1,1h,16,"2
                                   ",374,no rating,0,0,1,0,1,1,1,0,1
"Leppävaara-Vermonniitty, Espoo",F,no condition,2012,1986,Soluhuone,Timpurinkuja 1,1h,16.5,"2
                                   ",379,no rating,0,0,1,0,1,1,1,0,1
"Leppävaara-Vermonniitty, Espoo",F,no condition,2012,1986,Soluhuone,Timpurinkuja 1,1h,17,"2
                                   ",388,no rating,0,0,1,0,1,1,1,0,1
"Leppävaara-Vermonniitty, Espoo",F,no condition,2012,1986,Kalustettu soluhuone,Timpurinkuja 1,1h,12,"3
                                   ",491,no rating,0,0,1,0,1,1,1,0,1
"Leppävaara-Vermonniitty, Espoo",F,no condition,2012,1986,Kalustettu soluhuone,Timpurinkuja 1,1h,12.5,"2
                                   ",492,no rating,0,0,1,0,1,1,1,0,1
"Leppävaara-Vermonniitty, Espoo",F,no condition,2012,1986,Kalustettu soluhuone,Timpurinkuja 1,1h,12.5,"2
                                   ",500,no rating,0,0,1,0,1,1,1,0,1
"Leppävaara-Vermonniitty, Espoo",F,no condition,2012,1986,Kalustettu soluhuone,Timpurinkuja 1,1h,12.5,"3
                                   ",504,no rating,0,0,1,0,1,1,1,0,1
"Leppävaara-Vermonniitty, Espoo",F,no condition,2012,1986,Kalustettu soluhuone,Timpurinkuja 1,1h,13,"2
                                   ",509,no rating,0,0,1,0,1,1,1,0,1
"Leppävaara-Vermonniitty, Espoo",F,no condition,2012,1986,Kalustettu soluhuone,Timpurinkuja 1,1h,13,"2
                                   ",510,no rating,0,0,1,0,1,1,1,0,1
"Leppävaara-Vermonniitty, Espoo",F,no condition,2012,1986,Kalustettu soluhuone,Timpurinkuja 1,1h,13.5,"2
                                   ",521,no rating,0,0,1,0,1,1,1,0,1
"Leppävaara-Vermonniitty, Espoo",F,no condition,2012,1986,Kalustettu soluhuone,Timpurinkuja 1,1h,13.5,"2
                                   ",529,no rating,0,0,1,0,1,1,1,0,1
"Leppävaara-Vermonniitty, Espoo",F,no condition,2012,1986,Kalustettu soluhuone,Timpurinkuja 1,1h,14,"9
                                   ",543,no rating,0,0,1,0,1,1,1,0,1
"Leppävaara-Vermonniitty, Espoo",F,no condition,2012,1986,Kalustettu soluhuone,Timpurinkuja 1,1h,14.5,"3
                                   ",578,no rating,0,0,1,0,1,1,1,0,1
"Leppävaara-Vermonniitty, Espoo",F,no condition,2012,1986,Yksiö,Timpurinkuja 1,1h+kk,30.5,"1
                                   ",568,no rating,0,0,1,0,1,1,1,0,1
"Leppävaara-Vermonniitty, Espoo",F,no condition,2012,1986,Kaksio,Timpurinkuja 1,1h+tpk,45,"5
                                   ",740,no rating,0,0,1,0,1,1,1,0,1
"Leppävaara-Vermonniitty, Espoo",F,no condition,2012,1986,Kaksio,Timpurinkuja 1,2h+kk,45,"2
                                   ",740,no rating,0,0,1,0,1,1,1,0,1
"Leppävaara-Vermonniitty, Espoo",F,no condition,2012,1986,Kaksio,Timpurinkuja 1,2h+kk,48,"3
                                   ",767,no rating,0,0,1,0,1,1,1,0,1
"Leppävaara-Vermonniitty, Espoo",F,no condition,2012,1986,Kaksio,Timpurinkuja 1,1h+tpk,55,"5
                                   ",868,no rating,0,0,1,0,1,1,1,0,1
"Leppävaara-Vermonniitty, Espoo",F,no condition,2012,1986,Kolmio,Timpurinkuja 1,2h+tpk,67,"1
                                   ",963,no rating,0,0,1,0,1,1,1,0,1
"Leppävaara-Vermonniitty, Espoo",F,no condition,2012,1986,Kolmio,Timpurinkuja 1,2h+tpk,67,"5
                                   ",973,no rating,0,0,1,0,1,1,1,0,1
"Leppävaara-Vermonniitty, Espoo",F,no condition,2012,1986,Kolmio,Timpurinkuja 1,3h+kt,67,"1
                                   ",974,no rating,0,0,1,0,1,1,1,0,1
"Leppävaara-Vermonniitty, Espoo",F,no condition,2012,1986,Kolmio,Timpurinkuja 1,2h+oh+k,69,"5
                                   ",986,no rating,0,0,1,0,1,1,1,0,1
"Leppävaara-Vermonniitty, Espoo",F,no condition,2012,1986,Kolmio,Timpurinkuja 1,3h+kt,72,"2
                                   ",1045,no rating,0,0,1,0,1,1,1,0,1
"Leppävaara-Vermonniitty, Espoo",B,no condition,-,2022,Yksiö,Anna Sahlsténin katu 4,1h+kt,24,"1
                                   ",568,4,0,1,1,1,1,1,1,0,1
"Leppävaara-Vermonniitty, Espoo",B,no condition,-,2022,Yksiö,Anna Sahlsténin katu 4,1h+kt,24,"3
                                   ",574,4,0,1,1,1,1,1,1,0,1
"Leppävaara-Vermonniitty, Espoo",B,no condition,-,2022,Yksiö,Anna Sahlsténin katu 4,1h+kt,24,"3
                                   ",585,4,0,1,1,1,1,1,1,0,1
"Leppävaara-Vermonniitty, Espoo",B,no condition,-,2022,Yksiö,Anna Sahlsténin katu 4,1h+kt,24.5,"2
                                   ",575,4,0,1,1,1,1,1,1,0,1
"Leppävaara-Vermonniitty, Espoo",B,no condition,-,2022,Yksiö,Anna Sahlsténin katu 4,1h+kt,24.5,"7
                                   ",586,4,0,1,1,1,1,1,1,0,1
"Leppävaara-Vermonniitty, Espoo",B,no condition,-,2022,Yksiö,Anna Sahlsténin katu 4,1h+kt,24.5,"2
                                   ",597,4,0,1,1,1,1,1,1,0,1
"Leppävaara-Vermonniitty, Espoo",B,no condition,-,2022,Yksiö,Anna Sahlsténin katu 4,1h+kt,24.5,"4
                                   ",598,4,0,1,1,1,1,1,1,0,1
"Leppävaara-Vermonniitty, Espoo",B,no condition,-,2022,Yksiö,Anna Sahlsténin katu 4,1h+kt,25,"11
                                   ",586,4,0,1,1,1,1,1,1,0,1
"Leppävaara-Vermonniitty, Espoo",B,no condition,-,2022,Yksiö,Anna Sahlsténin katu 4,1h+kt,25,"14
                                   ",597,4,0,1,1,1,1,1,1,0,1
"Leppävaara-Vermonniitty, Espoo",B,no condition,-,2022,Yksiö,Anna Sahlsténin katu 4,1h+kt,25,"22
                                   ",598,4,0,1,1,1,1,1,1,0,1
"Leppävaara-Vermonniitty, Espoo",B,no condition,-,2022,Yksiö,Anna Sahlsténin katu 4,1h+kt,25,"22
                                   ",608,4,0,1,1,1,1,1,1,0,1
"Leppävaara-Vermonniitty, Espoo",B,no condition,-,2022,Yksiö,Anna Sahlsténin katu 4,1h+kt,25,"9
                                   ",609,4,0,1,1,1,1,1,1,0,1
"Leppävaara-Vermonniitty, Espoo",B,no condition,-,2022,Yksiö,Anna Sahlsténin katu 4,1h+kt,26,"2
                                   ",598,4,0,1,1,1,1,1,1,0,1
"Leppävaara-Vermonniitty, Espoo",B,no condition,-,2022,Yksiö,Anna Sahlsténin katu 4,1h+kt,26,"7
                                   ",609,4,0,1,1,1,1,1,1,0,1
"Leppävaara-Vermonniitty, Espoo",B,no condition,-,2022,Yksiö,Anna Sahlsténin katu 4,1h+kt,26,"6
                                   ",620,4,0,1,1,1,1,1,1,0,1
"Leppävaara-Vermonniitty, Espoo",B,no condition,-,2022,Yksiö,Anna Sahlsténin katu 4,1h+kt,30.5,"1
                                   ",658,4,0,1,1,1,1,1,1,0,1
"Leppävaara-Vermonniitty, Espoo",B,no condition,-,2022,Yksiö,Anna Sahlsténin katu 4,1h+kt,30.5,"3
                                   ",668,4,0,1,1,1,1,1,1,0,1
"Leppävaara-Vermonniitty, Espoo",B,no condition,-,2022,Yksiö,Anna Sahlsténin katu 4,1h+kt,30.5,"3
                                   ",681,4,0,1,1,1,1,1,1,0,1
"Leppävaara-Vermonniitty, Espoo",B,no condition,-,2022,Kaksio,Anna Sahlsténin katu 4,2h+kt,40.5,"2
                                   ",753,4,0,1,1,1,1,1,1,0,1
"Leppävaara-Vermonniitty, Espoo",B,no condition,-,2022,Kaksio,Anna Sahlsténin katu 4,2h+kt,40.5,"6
                                   ",763,4,0,1,1,1,1,1,1,0,1
"Leppävaara-Vermonniitty, Espoo",B,no condition,-,2022,Kaksio,Anna Sahlsténin katu 4,2h+kt,40.5,"6
                                   ",773,4,0,1,1,1,1,1,1,0,1
"Leppävaara-Vermonniitty, Espoo",D,no condition,-,1994,Yksiö,Kyyhkysmäki 2,1h+k,39,"20
                                   ",641,5,0,0,0,0,1,1,1,0,1
"Leppävaara-Vermonniitty, Espoo",D,no condition,-,1994,Yksiö,Kyyhkysmäki 2,1h+k,39,"2
                                   ",665,5,0,0,0,0,1,1,1,0,1
"Leppävaara-Vermonniitty, Espoo",D,no condition,-,1994,Kaksio,Kyyhkysmäki 2,1h+oh+k,58,"17
                                   ",835,5,0,0,0,0,1,1,1,0,1
"Leppävaara-Vermonniitty, Espoo",D,no condition,-,1994,Kaksio,Kyyhkysmäki 2,1h+oh+k,58,"6
                                   ",846,5,0,0,0,0,1,1,1,0,1
"Leppävaara-Vermonniitty, Espoo",D,no condition,-,1994,Kolmio,Kyyhkysmäki 2,2h+tpk,65,"6
                                   ",881,5,0,0,0,0,1,1,1,0,1
"Leppävaara-Vermonniitty, Espoo",E,no condition,-,1990,Kaksio,Kyyhkysmäki 3,2h+k,46.5,"3
                                   ",734,4,0,0,0,0,1,1,1,0,1
"Leppävaara-Vermonniitty, Espoo",E,no condition,-,1990,Kaksio,Kyyhkysmäki 3,2h+kt,46.5,"3
                                   ",734,4,0,0,0,0,1,1,1,0,1
"Leppävaara-Vermonniitty, Espoo",E,no condition,-,1990,Kaksio,Kyyhkysmäki 3,1h+tpk,49.5,"3
                                   ",766,4,0,0,0,0,1,1,1,0,1
"Leppävaara-Vermonniitty, Espoo",E,no condition,-,1990,Kaksio,Kyyhkysmäki 3,1h+oh+k,53,"3
                                   ",822,4,0,0,0,0,1,1,1,0,1
"Leppävaara-Vermonniitty, Espoo",E,no condition,-,1990,Kaksio,Kyyhkysmäki 3,2h+k,53,"2
                                   ",812,4,0,0,0,0,1,1,1,0,1
"Leppävaara-Vermonniitty, Espoo",E,no condition,-,1990,Kaksio,Kyyhkysmäki 3,2h+kt,53,"4
                                   ",812,4,0,0,0,0,1,1,1,0,1
"Leppävaara-Vermonniitty, Espoo",E,no condition,-,1990,Kolmio,Kyyhkysmäki 3,1h+oh+tpk,61.5,"3
                                   ",882,4,0,0,0,0,1,1,1,0,1
"Leppävaara-Vermonniitty, Espoo",F,no condition,-,1997,Yksiö,Alberganesplanadi 2,1h+kt,37,"1
                                   ",670,3,0,1,1,0,1,1,1,0,0
"Leppävaara-Vermonniitty, Espoo",F,no condition,-,1997,Yksiö,Alberganesplanadi 2,1h+kt,37,"5
                                   ",671,3,0,1,1,0,1,1,1,0,0
"Leppävaara-Vermonniitty, Espoo",F,no condition,-,1997,Kaksio,Alberganesplanadi 2,1h+oh+kk,46.5,"24
                                   ",747,3,0,1,1,0,1,1,1,0,0
"Leppävaara-Vermonniitty, Espoo",F,no condition,-,1997,Kaksio,Alberganesplanadi 2,1h+tpk,51,"1
                                   ",781,3,0,1,1,0,1,1,1,0,0
"Leppävaara-Vermonniitty, Espoo",F,no condition,-,1997,Kaksio,Alberganesplanadi 2,1h+tpk,55,"6
                                   ",824,3,0,1,1,0,1,1,1,0,0
"Leppävaara-Vermonniitty, Espoo",F,no condition,-,1997,Kaksio,Alberganesplanadi 2,1h+oh+k,58,"6
                                   ",868,3,0,1,1,0,1,1,1,0,0
"Leppävaara-Vermonniitty, Espoo",F,no condition,-,1997,Kaksio,Alberganesplanadi 2,1h+oh+k,60,"1
                                   ",884,3,0,1,1,0,1,1,1,0,0
"Leppävaara-Vermonniitty, Espoo",F,no condition,-,1997,Kaksio,Alberganesplanadi 2,1h+oh+k,61,"6
                                   ",899,3,0,1,1,0,1,1,1,0,0
"Leppävaara-Vermonniitty, Espoo",F,no condition,-,1997,Kaksio,Alberganesplanadi 2,1h+oh+k,65,"6
                                   ",946,3,0,1,1,0,1,1,1,0,0
"Leppävaara-Vermonniitty, Espoo",F,no condition,-,1997,Kolmio,Alberganesplanadi 2,2h+tpk,76,"6
                                   ",984,3,0,1,1,0,1,1,1,0,0
"Leppävaara-Vermonniitty, Espoo",F,no condition,1998,1977,Soluhuone,Metsälinnunreitti 2,1h,11.65,"24
                                   ",222,1,0,0,0,0,1,1,1,0,1
"Leppävaara-Vermonniitty, Espoo",F,no condition,1998,1977,Soluhuone,Metsälinnunreitti 2,1h,11.65,"4
                                   ",231,1,0,0,0,0,1,1,1,0,1
"Leppävaara-Vermonniitty, Espoo",F,no condition,1998,1977,Soluhuone,Metsälinnunreitti 2,1h,11.65,"4
                                   ",239,1,0,0,0,0,1,1,1,0,1
"Leppävaara-Vermonniitty, Espoo",F,no condition,1998,1977,Soluhuone,Metsälinnunreitti 2,1h,11.65,"12
                                   ",244,1,0,0,0,0,1,1,1,0,1
"Leppävaara-Vermonniitty, Espoo",F,no condition,1998,1977,Soluhuone,Metsälinnunreitti 2,1h,11.65,"104
                                   ",245,1,0,0,0,0,1,1,1,0,1
"Leppävaara-Vermonniitty, Espoo",F,no condition,1998,1977,Kaksio,Metsälinnunreitti 2,2h+kk,41,"4
                                   ",448,1,0,0,0,0,1,1,1,0,1
"Leppävaara-Vermonniitty, Espoo",F,no condition,1998,1977,Kaksio,Metsälinnunreitti 2,2h+kk,41,"1
                                   ",461,1,0,0,0,0,1,1,1,0,1
"Leppävaara-Vermonniitty, Espoo",F,no condition,1998,1977,Kaksio,Metsälinnunreitti 2,2h+kk,41,"1
                                   ",477,1,0,0,0,0,1,1,1,0,1
"Leppävaara-Vermonniitty, Espoo",F,no condition,1998,1977,Kaksio,Metsälinnunreitti 2,2h+kk,41,"92
                                   ",490,1,0,0,0,0,1,1,1,0,1
"Leppävaara-Vermonniitty, Espoo",F,no condition,1998,1977,Kolmio,Metsälinnunreitti 2,2h+oh+k,78,"1
                                   ",754,1,0,0,0,0,1,1,1,0,1
"Leppävaara-Vermonniitty, Espoo",F,no condition,1998,1977,Kolmio,Metsälinnunreitti 2,2h+oh+kk,78,"2
                                   ",834,1,0,0,0,0,1,1,1,0,1
"Leppävaara-Vermonniitty, Espoo",F,no condition,1998,1977,Kolmio,Metsälinnunreitti 2,2h+oh+tpk,78,"1
                                   ",834,1,0,0,0,0,1,1,1,0,1
"Leppävaara-Vermonniitty, Espoo",F,no condition,1998,1977,Kolmio,Metsälinnunreitti 2,2h+tpk,78,"1
                                   ",754,1,0,0,0,0,1,1,1,0,1
"Leppävaara-Vermonniitty, Espoo",F,no condition,1998,1977,Kolmio,Metsälinnunreitti 2,2h+tpk,78,"4
                                   ",834,1,0,0,0,0,1,1,1,0,1
"Leppävaara-Vermonniitty, Espoo",F,no condition,1998,1977,Kolmio,Metsälinnunreitti 2,3h+oh+k,78,"1
                                   ",834,1,0,0,0,0,1,1,1,0,1
"Leppävaara-Vermonniitty, Espoo",F,no condition,1998,1977,Kolmio,Metsälinnunreitti 2,3h+tpk,78,"1
                                   ",762,1,0,0,0,0,1,1,1,0,1
"Leppävaara-Vermonniitty, Espoo",F,no condition,1998,1977,Kolmio,Metsälinnunreitti 2,3h+tpk,78,"5
                                   ",834,1,0,0,0,0,1,1,1,0,1
"Leppävaara-Vermonniitty, Espoo",F,no condition,1998,1977,Kolmio,Metsälinnunreitti 2,4h+kk,78,"1
                                   ",834,1,0,0,0,0,1,1,1,0,1
"Leppävaara-Vermonniitty, Espoo",F,no condition,1998,1977,Kolmio,Metsälinnunreitti 2,4h+kk,78,"1
                                   ",938,1,0,0,0,0,1,1,1,0,1
"Leppävaara-Vermonniitty, Espoo",F,no condition,-,2002,Kaksio,Majurinkulma 2,1h+tpk,46,"12
                                   ",745,no rating,0,1,1,0,1,1,1,0,1
"Leppävaara-Vermonniitty, Espoo",F,no condition,-,2002,Kaksio,Majurinkulma 2,1h+tpk,46,"2
                                   ",756,no rating,0,1,1,0,1,1,1,0,1
"Leppävaara-Vermonniitty, Espoo",F,no condition,-,2002,Kaksio,Majurinkulma 2,1h+tpk,48,"24
                                   ",763,no rating,0,1,1,0,1,1,1,0,1
"Leppävaara-Vermonniitty, Espoo",F,no condition,-,2002,Kaksio,Majurinkulma 2,1h+tpk,48,"5
                                   ",775,no rating,0,1,1,0,1,1,1,0,1
"Leppävaara-Vermonniitty, Espoo",F,no condition,-,2002,Kaksio,Majurinkulma 2,2h+k,53,"1
                                   ",854,no rating,0,1,1,0,1,1,1,0,1
"Leppävaara-Vermonniitty, Espoo",F,no condition,-,2002,Kaksio,Majurinkulma 2,2h+kt,53,"11
                                   ",854,no rating,0,1,1,0,1,1,1,0,1
"Leppävaara-Vermonniitty, Espoo",F,no condition,-,2002,Kaksio,Majurinkulma 2,1h+oh+k,58,"8
                                   ",869,no rating,0,1,1,0,1,1,1,0,1
"Leppävaara-Vermonniitty, Espoo",F,no condition,-,2002,Kaksio,Majurinkulma 2,2h+k,58,"1
                                   ",859,no rating,0,1,1,0,1,1,1,0,1
"Leppävaara-Vermonniitty, Espoo",F,no condition,-,2002,Kaksio,Majurinkulma 2,2h+kt,58,"3
                                   ",859,no rating,0,1,1,0,1,1,1,0,1
"Leppävaara-Vermonniitty, Espoo",F,no condition,-,2002,Kaksio,Majurinkulma 2,1h+oh+k,58.5,"2
                                   ",877,no rating,0,1,1,0,1,1,1,0,1
"Leppävaara-Vermonniitty, Espoo",F,no condition,-,2002,Kaksio,Majurinkulma 2,1h+oh+k,58.5,"9
                                   ",887,no rating,0,1,1,0,1,1,1,0,1
"Leppävaara-Vermonniitty, Espoo",F,no condition,-,2002,Kaksio,Majurinkulma 2,2h+k,58.5,"1
                                   ",851,no rating,0,1,1,0,1,1,1,0,1
"Leppävaara-Vermonniitty, Espoo",F,no condition,-,2002,Kaksio,Majurinkulma 2,2h+kt,58.5,"3
                                   ",877,no rating,0,1,1,0,1,1,1,0,1
"Leppävaara-Vermonniitty, Espoo",F,no condition,-,2002,Kolmio,Majurinkulma 2,2h+tpk,59,"1
                                   ",854,no rating,0,1,1,0,1,1,1,0,1
"Kauniainen, Kauniainen",F,no condition,2015,1992,Soluhuone,Juusintie 5,1h,14,"8
                                   ",377,2,0,0,0,0,0,1,1,1,1
"Kauniainen, Kauniainen",F,no condition,2015,1992,Soluhuone,Juusintie 5,1h,14,"24
                                   ",380,2,0,0,0,0,0,1,1,1,1
"Kauniainen, Kauniainen",F,no condition,2015,1992,Soluhuone,Juusintie 5,1h,15,"9
                                   ",350,2,0,0,0,0,0,1,1,1,1
"Kauniainen, Kauniainen",F,no condition,2015,1992,Kaksio,Juusintie 5,1h+tpk,33.5,"4
                                   ",515,2,0,0,0,0,0,1,1,1,1
"Kauniainen, Kauniainen",F,no condition,2015,1992,Kaksio,Juusintie 5,1h+tpk,35.5,"4
                                   ",538,2,0,0,0,0,0,1,1,1,1
"Kauniainen, Kauniainen",F,no condition,2015,1992,Kaksio,Juusintie 5,1h+tpk,36,"6
                                   ",541,2,0,0,0,0,0,1,1,1,1
"Kauniainen, Kauniainen",F,no condition,2015,1992,Kaksio,Juusintie 5,1h+tpk,36,"6
                                   ",546,2,0,0,0,0,0,1,1,1,1
"Kauniainen, Kauniainen",F,no condition,2015,1992,Kaksio,Juusintie 5,1h+tpk,45,"7
                                   ",676,2,0,0,0,0,0,1,1,1,1
"Kauniainen, Kauniainen",F,no condition,2015,1992,Kaksio,Juusintie 5,1h+tpk,45,"5
                                   ",682,2,0,0,0,0,0,1,1,1,1
"Kauniainen, Kauniainen",F,no condition,2015,1992,Kolmio,Juusintie 5,2h+tpk,52,"4
                                   ",782,2,0,0,0,0,0,1,1,1,1
"Kauniainen, Kauniainen",F,no condition,2015,1992,Kolmio,Juusintie 5,2h+tpk,52.5,"3
                                   ",778,2,0,0,0,0,0,1,1,1,1
"Kauniainen, Kauniainen",F,no condition,2015,1992,Kolmio,Juusintie 5,2h+tpk,52.5,"1
                                   ",786,2,0,0,0,0,0,1,1,1,1
"Kauniainen, Kauniainen",F,no condition,2015,1992,Kolmio,Juusintie 5,2h+tpk,71,"1
                                   ",1008,2,0,0,0,0,0,1,1,1,1
"Kauniainen, Kauniainen",F,no condition,2015,1992,Kolmio,Juusintie 5,2h+tpk,71,"1
                                   ",997,2,0,0,0,0,0,1,1,1,1
"Kauniainen, Kauniainen",F,no condition,2015,1992,Kolmio,Juusintie 5,2h+tpk,71,"2
                                   ",999,2,0,0,0,0,0,1,1,1,1
"Kauniainen, Kauniainen",F,no condition,2015,1992,Kolmio,Juusintie 5,2h+tpk,72.5,"5
                                   ",1009,2,0,0,0,0,0,1,1,1,1
"Kauniainen, Kauniainen",F,no condition,2015,1992,Kolmio,Juusintie 5,2h+tpk,72.5,"8
                                   ",999,2,0,0,0,0,0,1,1,1,1
"Kauniainen, Kauniainen",F,no condition,2015,1992,Kolmio,Juusintie 5,3h+tpk,72.5,"3
                                   ",1051,2,0,0,0,0,0,1,1,1,1
"Tali, Helsinki","D, C, G",no condition,-,1993,Soluhuone,Muusantori 5,1h,12.6,"1
                                   ",360,3,0,1,0,0,1,1,1,0,1
"Tali, Helsinki","D, C, G",no condition,-,1993,Soluhuone,Muusantori 5,1h,12.9,"1
                                   ",363,3,0,1,0,0,1,1,1,0,1
"Tali, Helsinki","D, C, G",no condition,-,1993,Soluhuone,Muusantori 5,1h,13.1,"1
                                   ",353,3,0,1,0,0,1,1,1,0,1
"Tali, Helsinki","D, C, G",no condition,-,1993,Soluhuone,Muusantori 5,1h,13.1,"1
                                   ",355,3,0,1,0,0,1,1,1,0,1
"Tali, Helsinki","D, C, G",no condition,-,1993,Soluhuone,Muusantori 5,1h,13.4,"1
                                   ",371,3,0,1,0,0,1,1,1,0,1
"Tali, Helsinki","D, C, G",no condition,-,1993,Soluhuone,Muusantori 5,1h,13.7,"1
                                   ",384,3,0,1,0,0,1,1,1,0,1
"Tali, Helsinki","D, C, G",no condition,-,1993,Soluhuone,Muusantori 5,1h,13.7,"1
                                   ",412,3,0,1,0,0,1,1,1,0,1
"Tali, Helsinki","D, C, G",no condition,-,1993,Soluhuone,Muusantori 5,1h,14,"1
                                   ",368,3,0,1,0,0,1,1,1,0,1
"Tali, Helsinki","D, C, G",no condition,-,1993,Soluhuone,Muusantori 5,1h,14,"1
                                   ",369,3,0,1,0,0,1,1,1,0,1
"Tali, Helsinki","D, C, G",no condition,-,1993,Soluhuone,Muusantori 5,1h,14.1,"1
                                   ",378,3,0,1,0,0,1,1,1,0,1
"Tali, Helsinki","D, C, G",no condition,-,1993,Soluhuone,Muusantori 5,1h,15,"1
                                   ",399,3,0,1,0,0,1,1,1,0,1
"Tali, Helsinki","D, C, G",no condition,-,1993,Soluhuone,Muusantori 5,1h,15,"1
                                   ",426,3,0,1,0,0,1,1,1,0,1
"Tali, Helsinki","D, C, G",no condition,-,1993,Soluhuone,Muusantori 5,1h,15.5,"4
                                   ",343,3,0,1,0,0,1,1,1,0,1
"Tali, Helsinki","D, C, G",no condition,-,1993,Soluhuone,Muusantori 5,1h,16.1,"2
                                   ",336,3,0,1,0,0,1,1,1,0,1
"Tali, Helsinki","D, C, G",no condition,-,1993,Soluhuone,Muusantori 5,1h,16.1,"1
                                   ",425,3,0,1,0,0,1,1,1,0,1
"Tali, Helsinki","D, C, G",no condition,-,1993,Soluhuone,Muusantori 5,1h,16.6,"2
                                   ",360,3,0,1,0,0,1,1,1,0,1
"Tali, Helsinki","D, C, G",no condition,-,1993,Soluhuone,Muusantori 5,1h,16.6,"2
                                   ",370,3,0,1,0,0,1,1,1,0,1
"Tali, Helsinki","D, C, G",no condition,-,1993,Soluhuone,Muusantori 5,1h,16.9,"2
                                   ",368,3,0,1,0,0,1,1,1,0,1
"Tali, Helsinki","D, C, G",no condition,-,1993,Soluhuone,Muusantori 5,1h,17.2,"2
                                   ",299,3,0,1,0,0,1,1,1,0,1
"Tali, Helsinki","D, C, G",no condition,-,1993,Soluhuone,Muusantori 5,1h,17.2,"2
                                   ",314,3,0,1,0,0,1,1,1,0,1
"Tali, Helsinki","D, C, G",no condition,-,1993,Soluhuone,Muusantori 5,1h,17.2,"1
                                   ",372,3,0,1,0,0,1,1,1,0,1
"Tali, Helsinki","D, C, G",no condition,-,1993,Soluhuone,Muusantori 5,1h,17.2,"1
                                   ",377,3,0,1,0,0,1,1,1,0,1
"Tali, Helsinki","D, C, G",no condition,-,1993,Soluhuone,Muusantori 5,1h,17.6,"2
                                   ",417,3,0,1,0,0,1,1,1,0,1
"Tali, Helsinki","D, C, G",no condition,-,1993,Soluhuone,Muusantori 5,1h,17.6,"2
                                   ",468,3,0,1,0,0,1,1,1,0,1
"Tali, Helsinki","D, C, G",no condition,-,1993,Soluhuone,Muusantori 5,1h,17.8,"2
                                   ",376,3,0,1,0,0,1,1,1,0,1
"Tali, Helsinki","D, C, G",no condition,-,1993,Soluhuone,Muusantori 5,1h,17.8,"1
                                   ",383,3,0,1,0,0,1,1,1,0,1
"Tali, Helsinki","D, C, G",no condition,-,1993,Soluhuone,Muusantori 5,1h,17.9,"2
                                   ",360,3,0,1,0,0,1,1,1,0,1
"Tali, Helsinki","D, C, G",no condition,-,1993,Soluhuone,Muusantori 5,1h,17.9,"4
                                   ",371,3,0,1,0,0,1,1,1,0,1
"Tali, Helsinki","D, C, G",no condition,-,1993,Soluhuone,Muusantori 5,1h,17.9,"1
                                   ",447,3,0,1,0,0,1,1,1,0,1
"Tali, Helsinki","D, C, G",no condition,-,1993,Soluhuone,Muusantori 5,1h,18.1,"2
                                   ",384,3,0,1,0,0,1,1,1,0,1
"Tali, Helsinki","D, C, G",no condition,-,1993,Soluhuone,Muusantori 5,1h,18.1,"1
                                   ",388,3,0,1,0,0,1,1,1,0,1
"Tali, Helsinki","D, C, G",no condition,-,1993,Soluhuone,Muusantori 5,1h,18.2,"1
                                   ",384,3,0,1,0,0,1,1,1,0,1
"Tali, Helsinki","D, C, G",no condition,-,1993,Soluhuone,Muusantori 5,1h,18.5,"1
                                   ",441,3,0,1,0,0,1,1,1,0,1
"Tali, Helsinki","D, C, G",no condition,-,1993,Soluhuone,Muusantori 5,1h,18.5,"1
                                   ",467,3,0,1,0,0,1,1,1,0,1
"Tali, Helsinki","D, C, G",no condition,-,1993,Soluhuone,Muusantori 5,1h,19,"2
                                   ",336,3,0,1,0,0,1,1,1,0,1
"Tali, Helsinki","D, C, G",no condition,-,1993,Soluhuone,Muusantori 5,1h,19,"1
                                   ",398,3,0,1,0,0,1,1,1,0,1
"Tali, Helsinki","D, C, G",no condition,-,1993,Soluhuone,Muusantori 5,1h,19,"1
                                   ",400,3,0,1,0,0,1,1,1,0,1
"Tali, Helsinki","D, C, G",no condition,-,1993,Soluhuone,Muusantori 5,1h,19.3,"2
                                   ",367,3,0,1,0,0,1,1,1,0,1
"Tali, Helsinki","D, C, G",no condition,-,1993,Soluhuone,Muusantori 5,1h,19.9,"2
                                   ",336,3,0,1,0,0,1,1,1,0,1
"Tali, Helsinki","D, C, G",no condition,-,1993,Soluhuone,Muusantori 5,1h,19.9,"1
                                   ",372,3,0,1,0,0,1,1,1,0,1
"Tali, Helsinki","D, C, G",no condition,-,1993,Soluhuone,Muusantori 5,1h,19.9,"2
                                   ",403,3,0,1,0,0,1,1,1,0,1
"Tali, Helsinki","D, C, G",no condition,-,1993,Soluhuone,Muusantori 5,1h,19.9,"1
                                   ",412,3,0,1,0,0,1,1,1,0,1
"Tali, Helsinki","D, C, G",no condition,-,1993,Soluhuone,Muusantori 5,1h,20.2,"1
                                   ",375,3,0,1,0,0,1,1,1,0,1
"Tali, Helsinki","D, C, G",no condition,-,1993,Soluhuone,Muusantori 5,1h,22,"1
                                   ",398,3,0,1,0,0,1,1,1,0,1
"Tali, Helsinki","D, C, G",no condition,-,1993,Soluhuone,Muusantori 5,1h,22.2,"1
                                   ",407,3,0,1,0,0,1,1,1,0,1
"Tali, Helsinki","D, C, G",no condition,-,1993,Kaksio,Muusantori 5,1h+tpk,36,"3
                                   ",569,3,0,1,0,0,1,1,1,0,1
"Tali, Helsinki","D, C, G",no condition,-,1993,Kaksio,Muusantori 5,1h+tpk,36.5,"7
                                   ",574,3,0,1,0,0,1,1,1,0,1
"Tali, Helsinki","D, C, G",no condition,-,1993,Kaksio,Muusantori 5,1h+tpk,37,"8
                                   ",583,3,0,1,0,0,1,1,1,0,1
"Tali, Helsinki","D, C, G",no condition,-,1993,Kaksio,Muusantori 5,1h+tpk,37.5,"4
                                   ",587,3,0,1,0,0,1,1,1,0,1
"Tali, Helsinki","D, C, G",no condition,-,1993,Kaksio,Muusantori 5,1h+tpk,38.5,"12
                                   ",604,3,0,1,0,0,1,1,1,0,1
"Tali, Helsinki","D, C, G",no condition,-,1993,Kaksio,Muusantori 5,1h+tpk,39.5,"1
                                   ",617,3,0,1,0,0,1,1,1,0,1
"Tali, Helsinki","D, C, G",no condition,-,1993,Kaksio,Muusantori 5,2h+k,50.5,"11
                                   ",744,3,0,1,0,0,1,1,1,0,1
"Tali, Helsinki","D, C, G",no condition,-,1993,Kaksio,Muusantori 5,2h+k,51.5,"1
                                   ",757,3,0,1,0,0,1,1,1,0,1
"Tali, Helsinki","D, C, G",no condition,-,1993,Kaksio,Muusantori 5,2h+k,52.5,"1
                                   ",764,3,0,1,0,0,1,1,1,0,1
"Tali, Helsinki","D, C, G",no condition,-,1993,Kaksio,Muusantori 5,2h+k,53,"4
                                   ",768,3,0,1,0,0,1,1,1,0,1
"Tali, Helsinki","D, C, G",no condition,-,1993,Kaksio,Muusantori 5,2h+k,55.5,"5
                                   ",787,3,0,1,0,0,1,1,1,0,1
"Tali, Helsinki","D, C, G",no condition,-,1993,Kaksio,Muusantori 5,2h+k,56,"2
                                   ",792,3,0,1,0,0,1,1,1,0,1
"Tali, Helsinki","D, C, G",no condition,-,1993,Kaksio,Muusantori 5,2h+k,58,"1
                                   ",808,3,0,1,0,0,1,1,1,0,1
"Tali, Helsinki","D, C, G",no condition,-,1993,Yksiö,Muusantori 5,1h+kt,38.5,"1
                                   ",614,3,0,1,0,0,1,1,1,0,1
"Tali, Helsinki","D, C, G",no condition,-,1993,Yksiö,Muusantori 5,1h+kt,39,"1
                                   ",620,3,0,1,0,0,1,1,1,0,1
"Tali, Helsinki","D, C, G",no condition,-,1993,Yksiö,Muusantori 5,1h+kt,39.5,"1
                                   ",628,3,0,1,0,0,1,1,1,0,1
"Tali, Helsinki","D, C, G",no condition,-,1993,Kolmio,Muusantori 5,2h+tpk,71,"1
                                   ",932,3,0,1,0,0,1,1,1,0,1
"Tali, Helsinki","D, C, G",no condition,-,1993,Kolmio,Muusantori 5,2h+tpk,71.5,"1
                                   ",937,3,0,1,0,0,1,1,1,0,1
"Tali, Helsinki","D, C, G",no condition,-,1993,Kolmio,Muusantori 5,2h+k,73.5,"1
                                   ",964,3,0,1,0,0,1,1,1,0,1
"Myllypuro, Helsinki",B,no condition,-,2023,Yksiö,Yläkiventie 7,1h+kt,24.5,"12
                                   ",605,3,0,1,1,1,1,1,1,0,1
"Myllypuro, Helsinki",B,no condition,-,2023,Yksiö,Yläkiventie 7,1h+kt,24.5,"12
                                   ",616,3,0,1,1,1,1,1,1,0,1
"Myllypuro, Helsinki",B,no condition,-,2023,Yksiö,Yläkiventie 7,1h+kt,24.5,"18
                                   ",627,3,0,1,1,1,1,1,1,0,1
"Myllypuro, Helsinki",B,no condition,-,2023,Kaksio,Yläkiventie 7,2h+kt,42,"2
                                   ",812,3,0,1,1,1,1,1,1,0,1
"Myllypuro, Helsinki",B,no condition,-,2023,Kaksio,Yläkiventie 7,2h+kt,42,"2
                                   ",823,3,0,1,1,1,1,1,1,0,1
"Myllypuro, Helsinki",B,no condition,-,2023,Kaksio,Yläkiventie 7,2h+kt,42,"3
                                   ",835,3,0,1,1,1,1,1,1,0,1
"Myllypuro, Helsinki",B,no condition,-,2022,Yksiö,Yläkiventie 9,1h+kt,24,"1
                                   ",592,5,0,1,1,1,1,1,1,0,1
"Myllypuro, Helsinki",B,no condition,-,2022,Yksiö,Yläkiventie 9,1h+kt,24,"2
                                   ",604,5,0,1,1,1,1,1,1,0,1
"Myllypuro, Helsinki",B,no condition,-,2022,Yksiö,Yläkiventie 9,1h+kt,24,"2
                                   ",615,5,0,1,1,1,1,1,1,0,1
"Myllypuro, Helsinki",B,no condition,-,2022,Yksiö,Yläkiventie 9,1h+kt,24.5,"5
                                   ",605,5,0,1,1,1,1,1,1,0,1
"Myllypuro, Helsinki",B,no condition,-,2022,Yksiö,Yläkiventie 9,1h+kt,24.5,"10
                                   ",616,5,0,1,1,1,1,1,1,0,1
"Myllypuro, Helsinki",B,no condition,-,2022,Yksiö,Yläkiventie 9,1h+kt,24.5,"10
                                   ",627,5,0,1,1,1,1,1,1,0,1
"Myllypuro, Helsinki",B,no condition,-,2022,Yksiö,Yläkiventie 9,1h+kt,25,"4
                                   ",617,5,0,1,1,1,1,1,1,0,1
"Myllypuro, Helsinki",B,no condition,-,2022,Yksiö,Yläkiventie 9,1h+kt,25,"10
                                   ",628,5,0,1,1,1,1,1,1,0,1
"Myllypuro, Helsinki",B,no condition,-,2022,Yksiö,Yläkiventie 9,1h+kt,25,"5
                                   ",639,5,0,1,1,1,1,1,1,0,1
"Myllypuro, Helsinki",B,no condition,-,2022,Yksiö,Yläkiventie 9,1h+kt,25,"5
                                   ",640,5,0,1,1,1,1,1,1,0,1
"Myllypuro, Helsinki",B,no condition,-,2022,Kaksio,Yläkiventie 9,2h+kt,39,"1
                                   ",780,5,0,1,1,1,1,1,1,0,1
"Myllypuro, Helsinki",B,no condition,-,2022,Kaksio,Yläkiventie 9,2h+kt,39,"2
                                   ",790,5,0,1,1,1,1,1,1,0,1
"Myllypuro, Helsinki",B,no condition,-,2022,Kaksio,Yläkiventie 9,2h+kt,39,"2
                                   ",802,5,0,1,1,1,1,1,1,0,1
"Myllypuro, Helsinki",B,no condition,-,2022,Yksiö,Myllymatkantie 7,1h+kt,25,"5
                                   ",605,4,0,1,1,1,1,1,1,0,1
"Myllypuro, Helsinki",B,no condition,-,2022,Yksiö,Myllymatkantie 7,1h+kt,25,"10
                                   ",615,4,0,1,1,1,1,1,1,0,1
"Myllypuro, Helsinki",B,no condition,-,2022,Yksiö,Myllymatkantie 7,1h+kt,25,"10
                                   ",627,4,0,1,1,1,1,1,1,0,1
"Myllypuro, Helsinki",B,no condition,-,2022,Yksiö,Myllymatkantie 7,1h+kt,25.5,"10
                                   ",617,4,0,1,1,1,1,1,1,0,1
"Myllypuro, Helsinki",B,no condition,-,2022,Yksiö,Myllymatkantie 7,1h+kt,25.5,"14
                                   ",628,4,0,1,1,1,1,1,1,0,1
"Myllypuro, Helsinki",B,no condition,-,2022,Yksiö,Myllymatkantie 7,1h+kt,25.5,"14
                                   ",641,4,0,1,1,1,1,1,1,0,1
"Myllypuro, Helsinki",B,no condition,-,2022,Kaksio,Myllymatkantie 7,2h+kt,40.5,"1
                                   ",756,4,0,1,1,1,1,1,1,0,1
"Myllypuro, Helsinki",B,no condition,-,2022,Kaksio,Myllymatkantie 7,2h+kt,40.5,"2
                                   ",765,4,0,1,1,1,1,1,1,0,1
"Myllypuro, Helsinki",B,no condition,-,2022,Kaksio,Myllymatkantie 7,2h+kt,40.5,"2
                                   ",777,4,0,1,1,1,1,1,1,0,1
"Myllypuro, Helsinki",B,no condition,-,2022,Kaksio,Myllymatkantie 7,2h+kt,42,"1
                                   ",782,4,0,1,1,1,1,1,1,0,1
"Myllypuro, Helsinki",B,no condition,-,2022,Kaksio,Myllymatkantie 7,2h+kt,42,"1
                                   ",793,4,0,1,1,1,1,1,1,0,1
"Myllypuro, Helsinki",B,no condition,-,2022,Kaksio,Myllymatkantie 7,2h+kt,42,"1
                                   ",794,4,0,1,1,1,1,1,1,0,1
"Myllypuro, Helsinki",B,no condition,-,2022,Kaksio,Myllymatkantie 7,2h+kt,42,"1
                                   ",805,4,0,1,1,1,1,1,1,0,1
"Myllypuro, Helsinki",B,no condition,-,2022,Kaksio,Myllymatkantie 7,2h+kt,42,"1
                                   ",806,4,0,1,1,1,1,1,1,0,1
"Myllypuro, Helsinki",B,no condition,-,2023,Yksiö,Yläkiventie 4,1h+kt,24.5,"24
                                   ",604,5,0,1,1,1,1,1,1,0,1
"Myllypuro, Helsinki",B,no condition,-,2023,Yksiö,Yläkiventie 4,1h+kt,24.5,"36
                                   ",615,5,0,1,1,1,1,1,1,0,1
"Myllypuro, Helsinki",B,no condition,-,2023,Yksiö,Yläkiventie 4,1h+kt,24.5,"24
                                   ",626,5,0,1,1,1,1,1,1,0,1
"Myllypuro, Helsinki",B,no condition,-,2023,Kaksio,Yläkiventie 4,2h+kt,42.5,"2
                                   ",813,5,0,1,1,1,1,1,1,0,1
"Myllypuro, Helsinki",B,no condition,-,2023,Kaksio,Yläkiventie 4,2h+kt,42.5,"2
                                   ",824,5,0,1,1,1,1,1,1,0,1
"Myllypuro, Helsinki",B,no condition,-,2023,Kaksio,Yläkiventie 4,2h+kt,42.5,"3
                                   ",835,5,0,1,1,1,1,1,1,0,1
"Myllypuro, Helsinki",B,no condition,-,2023,Kaksio,Yläkiventie 4,2h+kt,43,"2
                                   ",823,5,0,1,1,1,1,1,1,0,1
"Myllypuro, Helsinki",B,no condition,-,2023,Kaksio,Yläkiventie 4,2h+kt,43,"2
                                   ",834,5,0,1,1,1,1,1,1,0,1
"Myllypuro, Helsinki",B,no condition,-,2023,Kaksio,Yläkiventie 4,2h+kt,43,"3
                                   ",844,5,0,1,1,1,1,1,1,0,1
"Heikinlaakso, Helsinki",F,no condition,2008,1987,Kaksio,Tukkitie 18,2h+k,47,"21
                                   ",655,no rating,0,0,0,0,1,1,1,0,1
"Heikinlaakso, Helsinki",F,no condition,2008,1987,Kaksio,Tukkitie 18,2h+kt,47,"3
                                   ",655,no rating,0,0,0,0,1,1,1,0,1
"Heikinlaakso, Helsinki",F,no condition,2008,1987,Kolmio,Tukkitie 18,2h+oh+k,65,"9
                                   ",853,no rating,0,0,0,0,1,1,1,0,1
"Heikinlaakso, Helsinki",F,no condition,2008,1987,Kolmio,Tukkitie 18,3h+k,65,"4
                                   ",860,no rating,0,0,0,0,1,1,1,0,1
"Heikinlaakso, Helsinki",F,no condition,2008,1987,Kolmio,Tukkitie 18,3h+kt,65,"2
                                   ",860,no rating,0,0,0,0,1,1,1,0,1
"Heikinlaakso, Helsinki",F,no condition,2008,1987,Kolmio,Tukkitie 18,2h+oh+k,65.5,"9
                                   ",858,no rating,0,0,0,0,1,1,1,0,1
"Heikinlaakso, Helsinki",F,no condition,2008,1987,Kolmio,Tukkitie 18,3h+k,65.5,"3
                                   ",865,no rating,0,0,0,0,1,1,1,0,1
"Koskela-Kumpula, Helsinki",D,no condition,-,2007,Soluhuone,Intiankatu 20 - 21,1h,14,"1
                                   ",411,4,0,0,1,0,1,1,1,0,1
"Koskela-Kumpula, Helsinki",D,no condition,-,2007,Soluhuone,Intiankatu 20 - 21,1h,14,"1
                                   ",461,4,0,0,1,0,1,1,1,0,1
"Koskela-Kumpula, Helsinki",D,no condition,-,2007,Soluhuone,Intiankatu 20 - 21,1h,14.5,"2
                                   ",411,4,0,0,1,0,1,1,1,0,1
"Koskela-Kumpula, Helsinki",D,no condition,-,2007,Soluhuone,Intiankatu 20 - 21,1h,14.5,"1
                                   ",468,4,0,0,1,0,1,1,1,0,1
"Koskela-Kumpula, Helsinki",D,no condition,-,2007,Soluhuone,Intiankatu 20 - 21,1h,16.5,"3
                                   ",460,4,0,0,1,0,1,1,1,0,1
"Koskela-Kumpula, Helsinki",D,no condition,-,2007,Soluhuone,Intiankatu 20 - 21,1h,16.5,"1
                                   ",508,4,0,0,1,0,1,1,1,0,1
"Koskela-Kumpula, Helsinki",D,no condition,-,2007,Soluhuone,Intiankatu 20 - 21,1h,16.5,"1
                                   ",509,4,0,0,1,0,1,1,1,0,1
"Koskela-Kumpula, Helsinki",D,no condition,-,2007,Yksiö,Intiankatu 20 - 21,1h+kt,28,"4
                                   ",609,4,0,0,1,0,1,1,1,0,1
"Koskela-Kumpula, Helsinki",D,no condition,-,2007,Yksiö,Intiankatu 20 - 21,1h+kt,28.5,"9
                                   ",617,4,0,0,1,0,1,1,1,0,1
"Koskela-Kumpula, Helsinki",D,no condition,-,2007,Yksiö,Intiankatu 20 - 21,1h+kt,28.5,"3
                                   ",629,4,0,0,1,0,1,1,1,0,1
"Koskela-Kumpula, Helsinki",D,no condition,-,2007,Yksiö,Intiankatu 20 - 21,1h+kt,29.5,"2
                                   ",629,4,0,0,1,0,1,1,1,0,1
"Koskela-Kumpula, Helsinki",D,no condition,-,2007,Yksiö,Intiankatu 20 - 21,1h+kt,30,"107
                                   ",637,4,0,0,1,0,1,1,1,0,1
"Koskela-Kumpula, Helsinki",D,no condition,-,2007,Yksiö,Intiankatu 20 - 21,1h+kt,32.5,"2
                                   ",667,4,0,0,1,0,1,1,1,0,1
"Koskela-Kumpula, Helsinki",D,no condition,-,2007,Yksiö,Intiankatu 20 - 21,1h+kt,33,"4
                                   ",672,4,0,0,1,0,1,1,1,0,1
"Koskela-Kumpula, Helsinki",D,no condition,-,2007,Kaksio,Intiankatu 20 - 21,1h+tpk,44,"6
                                   ",850,4,0,0,1,0,1,1,1,0,1
"Koskela-Kumpula, Helsinki",D,no condition,-,2007,Kaksio,Intiankatu 20 - 21,1h+tpk,46,"6
                                   ",875,4,0,0,1,0,1,1,1,0,1
"Koskela-Kumpula, Helsinki",D,no condition,-,2007,Kaksio,Intiankatu 20 - 21,1h+tpk,46.5,"2
                                   ",883,4,0,0,1,0,1,1,1,0,1
"Koskela-Kumpula, Helsinki",D,no condition,-,2007,Kaksio,Intiankatu 20 - 21,2h+kk,46.5,"1
                                   ",883,4,0,0,1,0,1,1,1,0,1
"Koskela-Kumpula, Helsinki",D,no condition,-,2007,Kaksio,Intiankatu 20 - 21,2h+kt,46.5,"1
                                   ",884,4,0,0,1,0,1,1,1,0,1
"Koskela-Kumpula, Helsinki",D,no condition,-,2007,Kaksio,Intiankatu 20 - 21,2h+k,71.5,"1
                                   ",1089,4,0,0,1,0,1,1,1,0,1
"Koskela-Kumpula, Helsinki",D,no condition,-,2007,Kaksio,Intiankatu 20 - 21,2h+k,91.5,"1
                                   ",1186,4,0,0,1,0,1,1,1,0,1
"Koskela-Kumpula, Helsinki",D,no condition,-,2007,Kolmio,Intiankatu 20 - 21,3h+kt,71.5,"1
                                   ",1089,4,0,0,1,0,1,1,1,0,1
"Koskela-Kumpula, Helsinki",E,no condition,-,2004,Yksiö,Väinö Auerin Katu 13,1h+kt,29.5,"41
                                   ",594,3,0,0,1,0,1,1,1,0,1
"Koskela-Kumpula, Helsinki",E,no condition,-,2004,Yksiö,Väinö Auerin Katu 13,1h+kt,31,"1
                                   ",614,3,0,0,1,0,1,1,1,0,1
"Koskela-Kumpula, Helsinki",E,no condition,-,2004,Yksiö,Väinö Auerin Katu 13,1h+kt,37.5,"7
                                   ",720,3,0,0,1,0,1,1,1,0,1
"Koskela-Kumpula, Helsinki",E,no condition,-,2004,Kaksio,Väinö Auerin Katu 13,1h+tpk,37.5,"6
                                   ",655,3,0,0,1,0,1,1,1,0,1
"Koskela-Kumpula, Helsinki",E,no condition,-,2004,Kaksio,Väinö Auerin Katu 13,1h+tpk,45.5,"6
                                   ",813,3,0,0,1,0,1,1,1,0,1
"Koskela-Kumpula, Helsinki",E,no condition,-,2004,Kaksio,Väinö Auerin Katu 13,1h+tpk,47.5,"2
                                   ",802,3,0,0,1,0,1,1,1,0,1
"Koskela-Kumpula, Helsinki",E,no condition,-,2004,Kaksio,Väinö Auerin Katu 13,1h+tpk,53.5,"1
                                   ",883,3,0,0,1,0,1,1,1,0,1
"Koskela-Kumpula, Helsinki",E,no condition,-,2004,Kaksio,Väinö Auerin Katu 13,1h+tpk,57,"4
                                   ",932,3,0,0,1,0,1,1,1,0,1
"Koskela-Kumpula, Helsinki",E,no condition,-,2004,Kaksio,Väinö Auerin Katu 13,1h+tpk,57,"2
                                   ",933,3,0,0,1,0,1,1,1,0,1
"Koskela-Kumpula, Helsinki",E,no condition,-,2004,Kaksio,Väinö Auerin Katu 13,2h+k,60,"1
                                   ",928,3,0,0,1,0,1,1,1,0,1
"Koskela-Kumpula, Helsinki",E,no condition,-,2004,Kaksio,Väinö Auerin Katu 13,2h+kt,60,"6
                                   ",928,3,0,0,1,0,1,1,1,0,1
"Koskela-Kumpula, Helsinki",E,no condition,-,2004,Kolmio,Väinö Auerin Katu 13,2h+tpk,65,"8
                                   ",950,3,0,0,1,0,1,1,1,0,1
"Koskela-Kumpula, Helsinki",E,no condition,-,2004,Kolmio,Väinö Auerin Katu 13,2h+tpk,66,"6
                                   ",966,3,0,0,1,0,1,1,1,0,1
"Koskela-Kumpula, Helsinki",C,no condition,-,2018,Soluhuone,Pietari Kalmin katu 1,1h,13,"78
                                   ",470,4,0,0,1,0,1,1,1,0,1
"Koskela-Kumpula, Helsinki",C,no condition,-,2018,Soluhuone,Pietari Kalmin katu 1,1h,15,"14
                                   ",445,4,0,0,1,0,1,1,1,0,1
"Koskela-Kumpula, Helsinki",C,no condition,-,2018,Soluhuone,Pietari Kalmin katu 1,1h,15.5,"7
                                   ",453,4,0,0,1,0,1,1,1,0,1
"Koskela-Kumpula, Helsinki",C,no condition,-,2018,Yksiö,Pietari Kalmin katu 1,1h+kt,27,"7
                                   ",684,4,0,0,1,0,1,1,1,0,1
"Koskela-Kumpula, Helsinki",C,no condition,-,2018,Yksiö,Pietari Kalmin katu 1,1h+kt,27.5,"18
                                   ",695,4,0,0,1,0,1,1,1,0,1
"Koskela-Kumpula, Helsinki",C,no condition,-,2018,Yksiö,Pietari Kalmin katu 1,1h+kt,28,"4
                                   ",704,4,0,0,1,0,1,1,1,0,1
"Koskela-Kumpula, Helsinki",C,no condition,-,2018,Yksiö,Pietari Kalmin katu 1,1h+kt,28,"86
                                   ",707,4,0,0,1,0,1,1,1,0,1
"Koskela-Kumpula, Helsinki",C,no condition,-,2018,Yksiö,Pietari Kalmin katu 1,1h+kt,28.5,"2
                                   ",714,4,0,0,1,0,1,1,1,0,1
"Koskela-Kumpula, Helsinki",C,no condition,-,2018,Yksiö,Pietari Kalmin katu 1,1h+kt,32.5,"1
                                   ",768,4,0,0,1,0,1,1,1,0,1
"Koskela-Kumpula, Helsinki",C,no condition,-,2018,Yksiö,Pietari Kalmin katu 1,1h+kt,33,"6
                                   ",774,4,0,0,1,0,1,1,1,0,1
"Koskela-Kumpula, Helsinki",C,no condition,-,2018,Yksiö,Pietari Kalmin katu 1,1h+alk+kt,50,"1
                                   ",946,4,0,0,1,0,1,1,1,0,1
"Koskela-Kumpula, Helsinki",C,no condition,-,2018,Yksiö,Pietari Kalmin katu 1,1h+alk+kt,50.5,"3
                                   ",951,4,0,0,1,0,1,1,1,0,1
"Koskela-Kumpula, Helsinki",C,no condition,-,2018,Yksiö,Pietari Kalmin katu 1,1h+kt,50.5,"1
                                   ",951,4,0,0,1,0,1,1,1,0,1
"Koskela-Kumpula, Helsinki",C,no condition,-,2018,Kaksio,Pietari Kalmin katu 1,1h+oh+kt,37,"2
                                   ",825,4,0,0,1,0,1,1,1,0,1
"Koskela-Kumpula, Helsinki",C,no condition,-,2018,Kaksio,Pietari Kalmin katu 1,1h+oh+kt,42.5,"2
                                   ",892,4,0,0,1,0,1,1,1,0,1
"Koskela-Kumpula, Helsinki",C,no condition,-,2018,Kaksio,Pietari Kalmin katu 1,1h+oh+kt,42.5,"4
                                   ",900,4,0,0,1,0,1,1,1,0,1
"Koskela-Kumpula, Helsinki",C,no condition,-,2018,Kaksio,Pietari Kalmin katu 1,1h+oh+kt,43.5,"2
                                   ",907,4,0,0,1,0,1,1,1,0,1
"Koskela-Kumpula, Helsinki",C,no condition,-,2018,Kaksio,Pietari Kalmin katu 1,2h+k,44,"1
                                   ",906,4,0,0,1,0,1,1,1,0,1
"Koskela-Kumpula, Helsinki",C,no condition,-,2018,Kaksio,Pietari Kalmin katu 1,2h+kt,44,"2
                                   ",906,4,0,0,1,0,1,1,1,0,1
"Koskela-Kumpula, Helsinki",C,no condition,-,2018,Kaksio,Pietari Kalmin katu 1,1h+oh+kt,44.5,"1
                                   ",918,4,0,0,1,0,1,1,1,0,1
"Koskela-Kumpula, Helsinki",C,no condition,-,2018,Kaksio,Pietari Kalmin katu 1,1h+oh+kt,45,"17
                                   ",923,4,0,0,1,0,1,1,1,0,1
"Koskela-Kumpula, Helsinki",C,no condition,-,2018,Kaksio,Pietari Kalmin katu 1,1h+oh+kt,45.5,"21
                                   ",933,4,0,0,1,0,1,1,1,0,1
"Koskela-Kumpula, Helsinki",C,no condition,-,2018,Kaksio,Pietari Kalmin katu 1,1h+oh+kt,47.5,"6
                                   ",948,4,0,0,1,0,1,1,1,0,1
"Koskela-Kumpula, Helsinki",C,no condition,-,2018,Kaksio,Pietari Kalmin katu 1,1h+oh+kt,50,"3
                                   ",955,4,0,0,1,0,1,1,1,0,1
"Koskela-Kumpula, Helsinki",C,no condition,-,2018,Kaksio,Pietari Kalmin katu 1,1h+oh+kt,54,"6
                                   ",976,4,0,0,1,0,1,1,1,0,1
"Koskela-Kumpula, Helsinki",F,no condition,2006,1972,Soluhuone,Juhana-herttuan tie 3,1h,13.5,"10
                                   ",349,4,0,0,1,0,1,1,1,0,1
"Koskela-Kumpula, Helsinki",F,no condition,2006,1972,Soluhuone,Juhana-herttuan tie 3,1h,14,"4
                                   ",349,4,0,0,1,0,1,1,1,0,1
"Koskela-Kumpula, Helsinki",F,no condition,2006,1972,Soluhuone,Juhana-herttuan tie 3,1h,14,"26
                                   ",350,4,0,0,1,0,1,1,1,0,1
"Koskela-Kumpula, Helsinki",F,no condition,2006,1972,Soluhuone,Juhana-herttuan tie 3,1h,14,"14
                                   ",352,4,0,0,1,0,1,1,1,0,1
"Koskela-Kumpula, Helsinki",F,no condition,2006,1972,Soluhuone,Juhana-herttuan tie 3,1h,14,"42
                                   ",355,4,0,0,1,0,1,1,1,0,1
"Koskela-Kumpula, Helsinki",F,no condition,2006,1972,Soluhuone,Juhana-herttuan tie 3,1h,16,"13
                                   ",378,4,0,0,1,0,1,1,1,0,1
"Koskela-Kumpula, Helsinki",F,no condition,2006,1972,Soluhuone,Juhana-herttuan tie 3,1h,16.5,"7
                                   ",376,4,0,0,1,0,1,1,1,0,1
"Koskela-Kumpula, Helsinki",F,no condition,2006,1972,Soluhuone,Juhana-herttuan tie 3,1h,16.5,"7
                                   ",379,4,0,0,1,0,1,1,1,0,1
"Koskela-Kumpula, Helsinki",F,no condition,2006,1972,Soluhuone,Juhana-herttuan tie 3,1h,16.5,"21
                                   ",380,4,0,0,1,0,1,1,1,0,1
"Koskela-Kumpula, Helsinki",F,no condition,2006,1972,Yksiö,Juhana-herttuan tie 3,1h+kt,19,"13
                                   ",470,4,0,0,1,0,1,1,1,0,1
"Koskela-Kumpula, Helsinki",F,no condition,2006,1972,Yksiö,Juhana-herttuan tie 3,1h+kt,19.5,"1
                                   ",475,4,0,0,1,0,1,1,1,0,1
"Koskela-Kumpula, Helsinki",F,no condition,2006,1972,Kaksio,Juhana-herttuan tie 3,2h+k,50,"2
                                   ",667,4,0,0,1,0,1,1,1,0,1
"Koskela-Kumpula, Helsinki",F,no condition,2006,1972,Kalustettu yksiö,Juhana-herttuan tie 3,1h+kt,19,"10
                                   ",684,4,0,0,1,0,1,1,1,0,1
"Koskela-Kumpula, Helsinki",E,no condition,2010,1989,Soluhuone,Väinö Auerin Katu 1,1h,10.5,"6
                                   ",362,4,0,0,0,0,1,1,1,0,1
"Koskela-Kumpula, Helsinki",E,no condition,2010,1989,Soluhuone,Väinö Auerin Katu 1,1h,10.5,"1
                                   ",372,4,0,0,0,0,1,1,1,0,1
"Koskela-Kumpula, Helsinki",E,no condition,2010,1989,Soluhuone,Väinö Auerin Katu 1,1h,11,"2
                                   ",379,4,0,0,0,0,1,1,1,0,1
"Koskela-Kumpula, Helsinki",E,no condition,2010,1989,Soluhuone,Väinö Auerin Katu 1,1h,11,"1
                                   ",381,4,0,0,0,0,1,1,1,0,1
"Koskela-Kumpula, Helsinki",E,no condition,2010,1989,Soluhuone,Väinö Auerin Katu 1,1h,11.5,"58
                                   ",331,4,0,0,0,0,1,1,1,0,1
"Koskela-Kumpula, Helsinki",E,no condition,2010,1989,Soluhuone,Väinö Auerin Katu 1,1h,11.5,"2
                                   ",368,4,0,0,0,0,1,1,1,0,1
"Koskela-Kumpula, Helsinki",E,no condition,2010,1989,Soluhuone,Väinö Auerin Katu 1,1h,12.5,"22
                                   ",353,4,0,0,0,0,1,1,1,0,1
"Koskela-Kumpula, Helsinki",E,no condition,2010,1989,Soluhuone,Väinö Auerin Katu 1,1h,13,"47
                                   ",355,4,0,0,0,0,1,1,1,0,1
"Koskela-Kumpula, Helsinki",E,no condition,2010,1989,Soluhuone,Väinö Auerin Katu 1,1h,13,"1
                                   ",405,4,0,0,0,0,1,1,1,0,1
"Koskela-Kumpula, Helsinki",E,no condition,2010,1989,Soluhuone,Väinö Auerin Katu 1,1h,13,"1
                                   ",406,4,0,0,0,0,1,1,1,0,1
"Koskela-Kumpula, Helsinki",E,no condition,2010,1989,Soluhuone,Väinö Auerin Katu 1,1h,13.5,"19
                                   ",357,4,0,0,0,0,1,1,1,0,1
"Koskela-Kumpula, Helsinki",E,no condition,2010,1989,Soluhuone,Väinö Auerin Katu 1,1h,13.5,"29
                                   ",360,4,0,0,0,0,1,1,1,0,1
"Koskela-Kumpula, Helsinki",E,no condition,2010,1989,Soluhuone,Väinö Auerin Katu 1,1h,13.5,"1
                                   ",410,4,0,0,0,0,1,1,1,0,1
"Koskela-Kumpula, Helsinki",E,no condition,2010,1989,Soluhuone,Väinö Auerin Katu 1,1h,13.5,"1
                                   ",415,4,0,0,0,0,1,1,1,0,1
"Koskela-Kumpula, Helsinki",E,no condition,2010,1989,Yksiö,Väinö Auerin Katu 1,1h+kk,21.5,"1
                                   ",449,4,0,0,0,0,1,1,1,0,1
"Koskela-Kumpula, Helsinki",E,no condition,2010,1989,Yksiö,Väinö Auerin Katu 1,1h+k,33,"12
                                   ",619,4,0,0,0,0,1,1,1,0,1
"Koskela-Kumpula, Helsinki",E,no condition,2010,1989,Kalustettu soluhuone,Väinö Auerin Katu 1,1h,11.5,"6
                                   ",462,4,0,0,0,0,1,1,1,0,1
"Koskela-Kumpula, Helsinki",E,no condition,2010,1989,Kalustettu soluhuone,Väinö Auerin Katu 1,1h,11.5,"2
                                   ",500,4,0,0,0,0,1,1,1,0,1
"Koskela-Kumpula, Helsinki",E,no condition,2010,1989,Kalustettu soluhuone,Väinö Auerin Katu 1,1h,12,"4
                                   ",462,4,0,0,0,0,1,1,1,0,1
"Koskela-Kumpula, Helsinki",E,no condition,2010,1989,Kalustettu soluhuone,Väinö Auerin Katu 1,1h,12.5,"2
                                   ",462,4,0,0,0,0,1,1,1,0,1
"Koskela-Kumpula, Helsinki",E,no condition,2010,1989,Kalustettu soluhuone,Väinö Auerin Katu 1,1h,13.5,"1
                                   ",538,4,0,0,0,0,1,1,1,0,1
"Koskela-Kumpula, Helsinki",E,no condition,2010,1989,Kalustettu soluhuone,Väinö Auerin Katu 1,1h,15.5,"4
                                   ",495,4,0,0,0,0,1,1,1,0,1
"Koskela-Kumpula, Helsinki",E,no condition,2010,1989,Kaksio,Väinö Auerin Katu 1,1h+tpk,44,"36
                                   ",731,4,0,0,0,0,1,1,1,0,1
"Koskela-Kumpula, Helsinki",E,no condition,2010,1989,Kaksio,Väinö Auerin Katu 1,2h+kk,44,"8
                                   ",731,4,0,0,0,0,1,1,1,0,1
"Koskela-Kumpula, Helsinki",E,no condition,2010,1989,Kaksio,Väinö Auerin Katu 1,1h+tpk,45.5,"19
                                   ",749,4,0,0,0,0,1,1,1,0,1
"Koskela-Kumpula, Helsinki",E,no condition,2010,1989,Kaksio,Väinö Auerin Katu 1,1h+tpk,45.5,"12
                                   ",750,4,0,0,0,0,1,1,1,0,1
"Koskela-Kumpula, Helsinki",E,no condition,2010,1989,Kolmio,Väinö Auerin Katu 1,2h+tpk,67,"5
                                   ",966,4,0,0,0,0,1,1,1,0,1
"Koskela-Kumpula, Helsinki",E,no condition,2010,1989,Kolmio,Väinö Auerin Katu 1,2h+tpk,67,"1
                                   ",967,4,0,0,0,0,1,1,1,0,1
"Koskela-Kumpula, Helsinki",E,no condition,-,1999,Yksiö,Siamintie 3,1h+kk,40.5,"3
                                   ",815,no rating,0,0,0,0,1,0,1,0,1
"Koskela-Kumpula, Helsinki",E,no condition,-,1999,Yksiö,Siamintie 3,1h+kk,40.5,"1
                                   ",833,no rating,0,0,0,0,1,0,1,0,1
"Koskela-Kumpula, Helsinki",E,no condition,-,1999,Kaksio,Siamintie 3,1h+oh+kk,56,"1
                                   ",905,no rating,0,0,0,0,1,0,1,0,1
"Koskela-Kumpula, Helsinki",E,no condition,-,1999,Kaksio,Siamintie 3,1h+oh+kk,60.5,"1
                                   ",1015,no rating,0,0,0,0,1,0,1,0,1
"Koskela-Kumpula, Helsinki",E,no condition,-,1999,Kaksio,Siamintie 3,1h+oh+kk,60.5,"1
                                   ",1033,no rating,0,0,0,0,1,0,1,0,1
"Koskela-Kumpula, Helsinki",E,no condition,-,1999,Kaksio,Siamintie 3,1h+oh+kk,60.5,"1
                                   ",1036,no rating,0,0,0,0,1,0,1,0,1
"Koskela-Kumpula, Helsinki",E,no condition,-,1999,Kaksio,Siamintie 3,1h+oh+kk,60.5,"1
                                   ",952,no rating,0,0,0,0,1,0,1,0,1
"Koskela-Kumpula, Helsinki",E,no condition,-,1999,Kolmio,Siamintie 3,2h+oh+kk,75,"4
                                   ",1076,no rating,0,0,0,0,1,0,1,0,1
"Koskela-Kumpula, Helsinki",E,no condition,-,1999,Kolmio,Siamintie 3,2h+oh+kk,80,"1
                                   ",1089,no rating,0,0,0,0,1,0,1,0,1
"Jätkäsaari-Ruoholahti, Helsinki",C,no condition,-,2016,Soluhuone,Atlantinkatu 5,1h,11.5,"6
                                   ",408,no rating,0,0,1,0,1,1,1,0,1
"Jätkäsaari-Ruoholahti, Helsinki",C,no condition,-,2016,Soluhuone,Atlantinkatu 5,1h,12,"6
                                   ",420,no rating,0,0,1,0,1,1,1,0,1
"Jätkäsaari-Ruoholahti, Helsinki",C,no condition,-,2016,Soluhuone,Atlantinkatu 5,1h,12,"1
                                   ",461,no rating,0,0,1,0,1,1,1,0,1
"Jätkäsaari-Ruoholahti, Helsinki",C,no condition,-,2016,Soluhuone,Atlantinkatu 5,1h,12.5,"3
                                   ",465,no rating,0,0,1,0,1,1,1,0,1
"Jätkäsaari-Ruoholahti, Helsinki",C,no condition,-,2016,Soluhuone,Atlantinkatu 5,1h,12.5,"1
                                   ",470,no rating,0,0,1,0,1,1,1,0,1
"Jätkäsaari-Ruoholahti, Helsinki",C,no condition,-,2016,Soluhuone,Atlantinkatu 5,1h,12.5,"6
                                   ",518,no rating,0,0,1,0,1,1,1,0,1
"Jätkäsaari-Ruoholahti, Helsinki",C,no condition,-,2016,Soluhuone,Atlantinkatu 5,1h,12.5,"2
                                   ",527,no rating,0,0,1,0,1,1,1,0,1
"Jätkäsaari-Ruoholahti, Helsinki",C,no condition,-,2016,Soluhuone,Atlantinkatu 5,1h,13,"6
                                   ",438,no rating,0,0,1,0,1,1,1,0,1
"Jätkäsaari-Ruoholahti, Helsinki",C,no condition,-,2016,Soluhuone,Atlantinkatu 5,1h,13,"3
                                   ",475,no rating,0,0,1,0,1,1,1,0,1
"Jätkäsaari-Ruoholahti, Helsinki",C,no condition,-,2016,Soluhuone,Atlantinkatu 5,1h,13,"1
                                   ",518,no rating,0,0,1,0,1,1,1,0,1
"Jätkäsaari-Ruoholahti, Helsinki",C,no condition,-,2016,Soluhuone,Atlantinkatu 5,1h,13,"2
                                   ",571,no rating,0,0,1,0,1,1,1,0,1
"Jätkäsaari-Ruoholahti, Helsinki",C,no condition,-,2016,Soluhuone,Atlantinkatu 5,1h,13.5,"3
                                   ",486,no rating,0,0,1,0,1,1,1,0,1
"Jätkäsaari-Ruoholahti, Helsinki",C,no condition,-,2016,Soluhuone,Atlantinkatu 5,1h,13.5,"1
                                   ",528,no rating,0,0,1,0,1,1,1,0,1
"Jätkäsaari-Ruoholahti, Helsinki",C,no condition,-,2016,Soluhuone,Atlantinkatu 5,1h,13.5,"2
                                   ",582,no rating,0,0,1,0,1,1,1,0,1
"Jätkäsaari-Ruoholahti, Helsinki",C,no condition,-,2016,Soluhuone,Atlantinkatu 5,1h,15,"6
                                   ",477,no rating,0,0,1,0,1,1,1,0,1
"Jätkäsaari-Ruoholahti, Helsinki",C,no condition,-,2016,Soluhuone,Atlantinkatu 5,1h,15,"12
                                   ",495,no rating,0,0,1,0,1,1,1,0,1
"Jätkäsaari-Ruoholahti, Helsinki",C,no condition,-,2016,Soluhuone,Atlantinkatu 5,1h,16.5,"12
                                   ",528,no rating,0,0,1,0,1,1,1,0,1
"Jätkäsaari-Ruoholahti, Helsinki",C,no condition,-,2016,Yksiö,Atlantinkatu 5,1h+kt,29.5,"36
                                   ",707,no rating,0,0,1,0,1,1,1,0,1
"Jätkäsaari-Ruoholahti, Helsinki",C,no condition,-,2016,Yksiö,Atlantinkatu 5,1h+kk,36.5,"7
                                   ",813,no rating,0,0,1,0,1,1,1,0,1
"Jätkäsaari-Ruoholahti, Helsinki",C,no condition,-,2016,Yksiö,Atlantinkatu 5,1h+kt,36.5,"4
                                   ",813,no rating,0,0,1,0,1,1,1,0,1
"Jätkäsaari-Ruoholahti, Helsinki",C,no condition,-,2016,Yksiö,Atlantinkatu 5,1h+kt,36.5,"1
                                   ",823,no rating,0,0,1,0,1,1,1,0,1
"Jätkäsaari-Ruoholahti, Helsinki",C,no condition,-,2016,Kaksio,Atlantinkatu 5,1h+oh+kt,39.5,"5
                                   ",860,no rating,0,0,1,0,1,1,1,0,1
"Jätkäsaari-Ruoholahti, Helsinki",C,no condition,-,2016,Kaksio,Atlantinkatu 5,1h+oh+kt,42,"6
                                   ",914,no rating,0,0,1,0,1,1,1,0,1
"Jätkäsaari-Ruoholahti, Helsinki",C,no condition,-,2016,Kaksio,Atlantinkatu 5,2h+kt,43,"1
                                   ",935,no rating,0,0,1,0,1,1,1,0,1
"Jätkäsaari-Ruoholahti, Helsinki",C,no condition,-,2016,Kaksio,Atlantinkatu 5,2h+kt,49,"2
                                   ",1019,no rating,0,0,1,0,1,1,1,0,1
"Jätkäsaari-Ruoholahti, Helsinki",C,no condition,-,2016,Kaksio,Atlantinkatu 5,2h+kt,49.5,"6
                                   ",1043,no rating,0,0,1,0,1,1,1,0,1
"Jätkäsaari-Ruoholahti, Helsinki",C,no condition,-,2016,Kaksio,Atlantinkatu 5,2h+kt,55,"3
                                   ",964,no rating,0,0,1,0,1,1,1,0,1
"Jätkäsaari-Ruoholahti, Helsinki",C,no condition,-,2016,Kolmio,Atlantinkatu 5,3h+kt,72.5,"3
                                   ",1226,no rating,0,0,1,0,1,1,1,0,1
"Jätkäsaari-Ruoholahti, Helsinki",-,no condition,-,1993,Soluhuone,Itämerenkatu 12,1h,12.6,"1
                                   ",488,no rating,0,0,1,0,1,1,0,0,1
"Jätkäsaari-Ruoholahti, Helsinki",-,no condition,-,1993,Soluhuone,Itämerenkatu 12,1h,14.2,"1
                                   ",428,no rating,0,0,1,0,1,1,0,0,1
"Jätkäsaari-Ruoholahti, Helsinki",-,no condition,-,1993,Soluhuone,Itämerenkatu 12,1h,14.7,"6
                                   ",441,no rating,0,0,1,0,1,1,0,0,1
"Jätkäsaari-Ruoholahti, Helsinki",-,no condition,-,1993,Soluhuone,Itämerenkatu 12,1h,14.8,"1
                                   ",441,no rating,0,0,1,0,1,1,0,0,1
"Jätkäsaari-Ruoholahti, Helsinki",-,no condition,-,1993,Soluhuone,Itämerenkatu 12,1h,15.5,"1
                                   ",532,no rating,0,0,1,0,1,1,0,0,1
"Jätkäsaari-Ruoholahti, Helsinki",-,no condition,-,1993,Soluhuone,Itämerenkatu 12,1h,15.6,"1
                                   ",455,no rating,0,0,1,0,1,1,0,0,1
"Jätkäsaari-Ruoholahti, Helsinki",-,no condition,-,1993,Soluhuone,Itämerenkatu 12,1h,16.2,"1
                                   ",548,no rating,0,0,1,0,1,1,0,0,1
"Jätkäsaari-Ruoholahti, Helsinki",-,no condition,-,1993,Soluhuone,Itämerenkatu 12,1h,17.7,"1
                                   ",568,no rating,0,0,1,0,1,1,0,0,1
"Jätkäsaari-Ruoholahti, Helsinki",-,no condition,-,1993,Kaksio,Itämerenkatu 12,1h+tpk,50,"1
                                   ",874,no rating,0,0,1,0,1,1,0,0,1
"Jätkäsaari-Ruoholahti, Helsinki",-,no condition,-,1993,Kaksio,Itämerenkatu 12,1h+tpk,53,"1
                                   ",909,no rating,0,0,1,0,1,1,0,0,1
"Jätkäsaari-Ruoholahti, Helsinki",-,no condition,-,1993,Kaksio,Itämerenkatu 12,1h+tpk,54,"1
                                   ",923,no rating,0,0,1,0,1,1,0,0,1
"Jätkäsaari-Ruoholahti, Helsinki",-,no condition,-,1993,Kaksio,Itämerenkatu 12,1h+oh+k,59.5,"3
                                   ",1004,no rating,0,0,1,0,1,1,0,0,1
"Jätkäsaari-Ruoholahti, Helsinki",-,no condition,-,1993,Kaksio,Itämerenkatu 12,1h+oh+k,62,"4
                                   ",1032,no rating,0,0,1,0,1,1,0,0,1
"Jätkäsaari-Ruoholahti, Helsinki",-,no condition,-,1993,Kolmio,Itämerenkatu 12,2h+oh+k,74,"1
                                   ",1150,no rating,0,0,1,0,1,1,0,0,1
"Jätkäsaari-Ruoholahti, Helsinki",-,no condition,-,1993,Soluhuone,Santakuja 3,1h,12.7,"10
                                   ",442,no rating,0,0,0,0,1,1,1,0,1
"Jätkäsaari-Ruoholahti, Helsinki",-,no condition,-,1993,Soluhuone,Santakuja 3,1h,13.3,"5
                                   ",449,no rating,0,0,0,0,1,1,1,0,1
"Jätkäsaari-Ruoholahti, Helsinki",-,no condition,-,1993,Soluhuone,Santakuja 3,1h,13.5,"5
                                   ",451,no rating,0,0,0,0,1,1,1,0,1
"Jätkäsaari-Ruoholahti, Helsinki",-,no condition,-,1993,Soluhuone,Santakuja 3,1h,13.5,"10
                                   ",455,no rating,0,0,0,0,1,1,1,0,1
"Jätkäsaari-Ruoholahti, Helsinki",-,no condition,-,1993,Kaksio,Santakuja 3,1h+oh+k,60.5,"3
                                   ",1011,no rating,0,0,0,0,1,1,1,0,1
"Jätkäsaari-Ruoholahti, Helsinki",D,no condition,-,2012,Soluhuone,Välimerenkatu 5,1h,11.5,"4
                                   ",458,5,0,0,1,0,1,1,1,0,1
"Jätkäsaari-Ruoholahti, Helsinki",D,no condition,-,2012,Soluhuone,Välimerenkatu 5,1h,11.5,"3
                                   ",495,5,0,0,1,0,1,1,1,0,1
"Jätkäsaari-Ruoholahti, Helsinki",D,no condition,-,2012,Soluhuone,Välimerenkatu 5,1h,11.5,"1
                                   ",523,5,0,0,1,0,1,1,1,0,1
"Jätkäsaari-Ruoholahti, Helsinki",D,no condition,-,2012,Soluhuone,Välimerenkatu 5,1h,12,"21
                                   ",483,5,0,0,1,0,1,1,1,0,1
"Jätkäsaari-Ruoholahti, Helsinki",D,no condition,-,2012,Soluhuone,Välimerenkatu 5,1h,12,"1
                                   ",488,5,0,0,1,0,1,1,1,0,1
"Jätkäsaari-Ruoholahti, Helsinki",D,no condition,-,2012,Soluhuone,Välimerenkatu 5,1h,12,"3
                                   ",495,5,0,0,1,0,1,1,1,0,1
"Jätkäsaari-Ruoholahti, Helsinki",D,no condition,-,2012,Soluhuone,Välimerenkatu 5,1h,12,"1
                                   ",496,5,0,0,1,0,1,1,1,0,1
"Jätkäsaari-Ruoholahti, Helsinki",D,no condition,-,2012,Soluhuone,Välimerenkatu 5,1h,12,"1
                                   ",523,5,0,0,1,0,1,1,1,0,1
"Jätkäsaari-Ruoholahti, Helsinki",D,no condition,-,2012,Soluhuone,Välimerenkatu 5,1h,12.5,"2
                                   ",460,5,0,0,1,0,1,1,1,0,1
"Jätkäsaari-Ruoholahti, Helsinki",D,no condition,-,2012,Soluhuone,Välimerenkatu 5,1h,12.5,"47
                                   ",488,5,0,0,1,0,1,1,1,0,1
"Jätkäsaari-Ruoholahti, Helsinki",D,no condition,-,2012,Soluhuone,Välimerenkatu 5,1h,12.5,"2
                                   ",496,5,0,0,1,0,1,1,1,0,1
"Jätkäsaari-Ruoholahti, Helsinki",D,no condition,-,2012,Soluhuone,Välimerenkatu 5,1h,13,"4
                                   ",490,5,0,0,1,0,1,1,1,0,1
"Jätkäsaari-Ruoholahti, Helsinki",D,no condition,-,2012,Soluhuone,Välimerenkatu 5,1h,13.5,"4
                                   ",495,5,0,0,1,0,1,1,1,0,1
"Jätkäsaari-Ruoholahti, Helsinki",D,no condition,-,2012,Soluhuone,Välimerenkatu 5,1h,14,"1
                                   ",495,5,0,0,1,0,1,1,1,0,1
"Jätkäsaari-Ruoholahti, Helsinki",D,no condition,-,2012,Soluhuone,Välimerenkatu 5,1h,14,"3
                                   ",500,5,0,0,1,0,1,1,1,0,1
"Jätkäsaari-Ruoholahti, Helsinki",D,no condition,-,2012,Furnished shared studio,Välimerenkatu 5,1h,25.5,"2
                                   ",482,5,0,0,1,0,1,1,1,0,1
"Jätkäsaari-Ruoholahti, Helsinki",D,no condition,-,2012,Furnished shared studio,Välimerenkatu 5,1h,26,"2
                                   ",486,5,0,0,1,0,1,1,1,0,1
"Jätkäsaari-Ruoholahti, Helsinki",D,no condition,-,2012,Furnished shared studio,Välimerenkatu 5,1h,28,"2
                                   ",486,5,0,0,1,0,1,1,1,0,1
"Jätkäsaari-Ruoholahti, Helsinki",D,no condition,-,2012,Furnished shared studio,Välimerenkatu 5,1h,30.5,"4
                                   ",497,5,0,0,1,0,1,1,1,0,1
"Jätkäsaari-Ruoholahti, Helsinki",D,no condition,-,2012,Furnished shared studio,Välimerenkatu 5,1h,31.5,"4
                                   ",504,5,0,0,1,0,1,1,1,0,1
"Jätkäsaari-Ruoholahti, Helsinki",D,no condition,-,2012,Yksiö,Välimerenkatu 5,1h+yhteiskeittiö/shared kitchen,23.5,"4
                                   ",618,5,0,0,1,0,1,1,1,0,1
"Jätkäsaari-Ruoholahti, Helsinki",D,no condition,-,2012,Yksiö,Välimerenkatu 5,1h+yhteiskeittiö/shared kitchen,24,"8
                                   ",626,5,0,0,1,0,1,1,1,0,1
"Jätkäsaari-Ruoholahti, Helsinki",D,no condition,-,2012,Yksiö,Välimerenkatu 5,1h+yhteiskeittiö/shared kitchen,24.5,"28
                                   ",639,5,0,0,1,0,1,1,1,0,1
"Jätkäsaari-Ruoholahti, Helsinki",D,no condition,-,2012,Yksiö,Välimerenkatu 5,1h+yhteiskeittiö/shared kitchen,25,"8
                                   ",650,5,0,0,1,0,1,1,1,0,1
"Jätkäsaari-Ruoholahti, Helsinki",D,no condition,-,2012,Yksiö,Välimerenkatu 5,1h+kt,35.5,"6
                                   ",817,5,0,0,1,0,1,1,1,0,1
"Jätkäsaari-Ruoholahti, Helsinki",D,no condition,-,2012,Kaksio,Välimerenkatu 5,1h+oh+kt,40,"18
                                   ",870,5,0,0,1,0,1,1,1,0,1
"Jätkäsaari-Ruoholahti, Helsinki",D,no condition,-,2012,Kaksio,Välimerenkatu 5,1h+oh+kt,42,"1
                                   ",895,5,0,0,1,0,1,1,1,0,1
"Jätkäsaari-Ruoholahti, Helsinki",D,no condition,-,2012,Kaksio,Välimerenkatu 5,1h+oh+kt,42,"11
                                   ",906,5,0,0,1,0,1,1,1,0,1
"Jätkäsaari-Ruoholahti, Helsinki",D,no condition,-,2012,Kaksio,Välimerenkatu 5,1h+tpk,46,"10
                                   ",978,5,0,0,1,0,1,1,1,0,1
"Jätkäsaari-Ruoholahti, Helsinki",D,no condition,-,2012,Kaksio,Välimerenkatu 5,2h+k,46,"3
                                   ",988,5,0,0,1,0,1,1,1,0,1
"Jätkäsaari-Ruoholahti, Helsinki",D,no condition,-,2012,Kaksio,Välimerenkatu 5,2h+kt,46,"8
                                   ",988,5,0,0,1,0,1,1,1,0,1
"Jätkäsaari-Ruoholahti, Helsinki",D,no condition,-,2012,Kaksio,Välimerenkatu 5,1h+tpk,49,"2
                                   ",1041,5,0,0,1,0,1,1,1,0,1
"Jätkäsaari-Ruoholahti, Helsinki",D,no condition,-,2012,Kaksio,Välimerenkatu 5,2h+k,49,"2
                                   ",1041,5,0,0,1,0,1,1,1,0,1
"Jätkäsaari-Ruoholahti, Helsinki",D,no condition,-,2012,Kaksio,Välimerenkatu 5,2h+kt,49,"7
                                   ",1041,5,0,0,1,0,1,1,1,0,1
"Jätkäsaari-Ruoholahti, Helsinki",D,no condition,-,2012,Kaksio,Välimerenkatu 5,2h+k,57,"1
                                   ",1100,5,0,0,1,0,1,1,1,0,1
"Jätkäsaari-Ruoholahti, Helsinki",D,no condition,-,2012,Kaksio,Välimerenkatu 5,2h+kt,57,"1
                                   ",1100,5,0,0,1,0,1,1,1,0,1
"Jätkäsaari-Ruoholahti, Helsinki",D,no condition,-,2012,Kaksio,Välimerenkatu 5,2h+k,57.5,"1
                                   ",1168,5,0,0,1,0,1,1,1,0,1
"Jätkäsaari-Ruoholahti, Helsinki",D,no condition,-,2012,Kaksio,Välimerenkatu 5,2h+kt,57.5,"1
                                   ",1168,5,0,0,1,0,1,1,1,0,1
"Jätkäsaari-Ruoholahti, Helsinki",D,no condition,-,2012,Kaksio,Välimerenkatu 5,2h+kt,57.5,"1
                                   ",1172,5,0,0,1,0,1,1,1,0,1
"Jätkäsaari-Ruoholahti, Helsinki",D,no condition,-,2012,Kalustettu yksiö,Välimerenkatu 5,1h+yhteiskeittiö/shared kitchen,24.5,"14
                                   ",873,5,0,0,1,0,1,1,1,0,1
"Jätkäsaari-Ruoholahti, Helsinki",D,no condition,-,2012,Kalustettu yksiö,Välimerenkatu 5,1h+yhteiskeittiö/shared kitchen,25,"10
                                   ",889,5,0,0,1,0,1,1,1,0,1
"Jätkäsaari-Ruoholahti, Helsinki",D,no condition,-,2012,Kalustettu yksiö,Välimerenkatu 5,1h+yhteiskeittiö/shared kitchen,25.5,"1
                                   ",906,5,0,0,1,0,1,1,1,0,1
"Jätkäsaari-Ruoholahti, Helsinki",D,no condition,-,2012,Kolmio,Välimerenkatu 5,3h+k,69,"2
                                   ",1242,5,0,0,1,0,1,1,1,0,1
"Jätkäsaari-Ruoholahti, Helsinki",D,no condition,-,2012,Kolmio,Välimerenkatu 5,3h+kt,69,"13
                                   ",1242,5,0,0,1,0,1,1,1,0,1
"Jätkäsaari-Ruoholahti, Helsinki",D,no condition,-,2012,Kolmio,Välimerenkatu 5,3h+k,72.5,"1
                                   ",1268,5,0,0,1,0,1,1,1,0,1
"Jätkäsaari-Ruoholahti, Helsinki",D,no condition,-,2012,Kolmio,Välimerenkatu 5,3h+k,72.5,"1
                                   ",1331,5,0,0,1,0,1,1,1,0,1
"Jätkäsaari-Ruoholahti, Helsinki",D,no condition,-,2012,Kolmio,Välimerenkatu 5,3h+kt,72.5,"2
                                   ",1268,5,0,0,1,0,1,1,1,0,1
"Jätkäsaari-Ruoholahti, Helsinki",C,no condition,-,2015,Soluhuone,Hyväntoivonkatu 6,1h,10,"2
                                   ",404,4,0,0,1,0,1,1,0,0,1
"Jätkäsaari-Ruoholahti, Helsinki",C,no condition,-,2015,Soluhuone,Hyväntoivonkatu 6,1h,11,"2
                                   ",427,4,0,0,1,0,1,1,0,0,1
"Jätkäsaari-Ruoholahti, Helsinki",C,no condition,-,2015,Soluhuone,Hyväntoivonkatu 6,1h,11,"1
                                   ",436,4,0,0,1,0,1,1,0,0,1
"Jätkäsaari-Ruoholahti, Helsinki",C,no condition,-,2015,Soluhuone,Hyväntoivonkatu 6,1h,11.5,"2
                                   ",440,4,0,0,1,0,1,1,0,0,1
"Jätkäsaari-Ruoholahti, Helsinki",C,no condition,-,2015,Soluhuone,Hyväntoivonkatu 6,1h,11.5,"1
                                   ",482,4,0,0,1,0,1,1,0,0,1
"Jätkäsaari-Ruoholahti, Helsinki",C,no condition,-,2015,Soluhuone,Hyväntoivonkatu 6,1h,11.5,"4
                                   ",488,4,0,0,1,0,1,1,0,0,1
"Jätkäsaari-Ruoholahti, Helsinki",C,no condition,-,2015,Soluhuone,Hyväntoivonkatu 6,1h,11.5,"4
                                   ",493,4,0,0,1,0,1,1,0,0,1
"Jätkäsaari-Ruoholahti, Helsinki",C,no condition,-,2015,Soluhuone,Hyväntoivonkatu 6,1h,12.5,"4
                                   ",513,4,0,0,1,0,1,1,0,0,1
"Jätkäsaari-Ruoholahti, Helsinki",C,no condition,-,2015,Soluhuone,Hyväntoivonkatu 6,1h,13,"4
                                   ",426,4,0,0,1,0,1,1,0,0,1
"Jätkäsaari-Ruoholahti, Helsinki",C,no condition,-,2015,Soluhuone,Hyväntoivonkatu 6,1h,13,"2
                                   ",428,4,0,0,1,0,1,1,0,0,1
"Jätkäsaari-Ruoholahti, Helsinki",C,no condition,-,2015,Soluhuone,Hyväntoivonkatu 6,1h,13,"1
                                   ",511,4,0,0,1,0,1,1,0,0,1
"Jätkäsaari-Ruoholahti, Helsinki",C,no condition,-,2015,Soluhuone,Hyväntoivonkatu 6,1h,13,"4
                                   ",519,4,0,0,1,0,1,1,0,0,1
"Jätkäsaari-Ruoholahti, Helsinki",C,no condition,-,2015,Soluhuone,Hyväntoivonkatu 6,1h,13.5,"4
                                   ",439,4,0,0,1,0,1,1,0,0,1
"Jätkäsaari-Ruoholahti, Helsinki",C,no condition,-,2015,Soluhuone,Hyväntoivonkatu 6,1h,13.5,"2
                                   ",441,4,0,0,1,0,1,1,0,0,1
"Jätkäsaari-Ruoholahti, Helsinki",C,no condition,-,2015,Soluhuone,Hyväntoivonkatu 6,1h,15.5,"4
                                   ",480,4,0,0,1,0,1,1,0,0,1
"Jätkäsaari-Ruoholahti, Helsinki",C,no condition,-,2015,Soluhuone,Hyväntoivonkatu 6,1h,15.5,"2
                                   ",481,4,0,0,1,0,1,1,0,0,1
"Jätkäsaari-Ruoholahti, Helsinki",C,no condition,-,2015,Soluhuone,Hyväntoivonkatu 6,1h,16,"1
                                   ",544,4,0,0,1,0,1,1,0,0,1
"Jätkäsaari-Ruoholahti, Helsinki",C,no condition,-,2015,Yksiö,Hyväntoivonkatu 6,1h+kt,22.5,"13
                                   ",610,4,0,0,1,0,1,1,0,0,1
"Jätkäsaari-Ruoholahti, Helsinki",C,no condition,-,2015,Yksiö,Hyväntoivonkatu 6,1h+kt,23,"41
                                   ",615,4,0,0,1,0,1,1,0,0,1
"Jätkäsaari-Ruoholahti, Helsinki",C,no condition,-,2015,Yksiö,Hyväntoivonkatu 6,1h+kt,23,"3
                                   ",616,4,0,0,1,0,1,1,0,0,1
"Jätkäsaari-Ruoholahti, Helsinki",C,no condition,-,2015,Yksiö,Hyväntoivonkatu 6,1h+kt,28.5,"2
                                   ",676,4,0,0,1,0,1,1,0,0,1
"Jätkäsaari-Ruoholahti, Helsinki",C,no condition,-,2015,Yksiö,Hyväntoivonkatu 6,1h+kt,28.5,"4
                                   ",677,4,0,0,1,0,1,1,0,0,1
"Jätkäsaari-Ruoholahti, Helsinki",C,no condition,-,2015,Kaksio,Hyväntoivonkatu 6,1h+tpk,33,"2
                                   ",725,4,0,0,1,0,1,1,0,0,1
"Jätkäsaari-Ruoholahti, Helsinki",C,no condition,-,2015,Kaksio,Hyväntoivonkatu 6,1h+tpk,33.5,"1
                                   ",732,4,0,0,1,0,1,1,0,0,1
"Jätkäsaari-Ruoholahti, Helsinki",C,no condition,-,2015,Kaksio,Hyväntoivonkatu 6,2h+k,42.5,"5
                                   ",930,4,0,0,1,0,1,1,0,0,1
"Jätkäsaari-Ruoholahti, Helsinki",C,no condition,-,2015,Kaksio,Hyväntoivonkatu 6,2h+kt,44.5,"1
                                   ",942,4,0,0,1,0,1,1,0,0,1
"Jätkäsaari-Ruoholahti, Helsinki",C,no condition,-,2015,Kaksio,Hyväntoivonkatu 6,2h+k,45,"1
                                   ",952,4,0,0,1,0,1,1,0,0,1
"Jätkäsaari-Ruoholahti, Helsinki",C,no condition,-,2015,Kaksio,Hyväntoivonkatu 6,2h+kk,46,"2
                                   ",963,4,0,0,1,0,1,1,0,0,1
"Jätkäsaari-Ruoholahti, Helsinki",C,no condition,-,2015,Kaksio,Hyväntoivonkatu 6,2h+kk,46,"1
                                   ",964,4,0,0,1,0,1,1,0,0,1
"Jätkäsaari-Ruoholahti, Helsinki",C,no condition,-,2015,Kaksio,Hyväntoivonkatu 6,2h+kt,49.5,"1
                                   ",988,4,0,0,1,0,1,1,0,0,1
"Jätkäsaari-Ruoholahti, Helsinki",C,no condition,-,2015,Kaksio,Hyväntoivonkatu 6,2h+kt,50,"1
                                   ",998,4,0,0,1,0,1,1,0,0,1
"Jätkäsaari-Ruoholahti, Helsinki",C,no condition,-,2015,Kolmio,Hyväntoivonkatu 6,3h+kt,58.5,"2
                                   ",1120,4,0,0,1,0,1,1,0,0,1
"Jätkäsaari-Ruoholahti, Helsinki",C,no condition,-,2015,Kolmio,Hyväntoivonkatu 6,3h+kt,63,"1
                                   ",1151,4,0,0,1,0,1,1,0,0,1
"Jätkäsaari-Ruoholahti, Helsinki",C,no condition,-,2015,Kolmio,Hyväntoivonkatu 6,3h+kt,64.5,"1
                                   ",1314,4,0,0,1,0,1,1,0,0,1
"Jätkäsaari-Ruoholahti, Helsinki",C,no condition,-,2015,Kolmio,Hyväntoivonkatu 6,3h+kt,65,"1
                                   ",1174,4,0,0,1,0,1,1,0,0,1
"Jätkäsaari-Ruoholahti, Helsinki",C,no condition,-,2015,Kolmio,Hyväntoivonkatu 6,3h+kt,65,"1
                                   ",1187,4,0,0,1,0,1,1,0,0,1
"Viikki, Helsinki",C,no condition,-,2018,Soluhuone,Talonpojantie 10,1h,12,"20
                                   ",478,no rating,0,0,1,0,1,1,1,0,1
"Viikki, Helsinki",C,no condition,-,2018,Yksiö,Talonpojantie 10,1h+kt,25.5,"40
                                   ",655,no rating,0,0,1,0,1,1,1,0,1
"Viikki, Helsinki",C,no condition,-,2018,Yksiö,Talonpojantie 10,1h+kt,37,"8
                                   ",784,no rating,0,0,1,0,1,1,1,0,1
"Viikki, Helsinki",C,no condition,-,2018,Kaksio,Talonpojantie 10,1h+oh+kt,47,"2
                                   ",959,no rating,0,0,1,0,1,1,1,0,1
"Viikki, Helsinki",D,no condition,-,2010,Soluhuone,Pasteurinkatu 1,1h,14.5,"2
                                   ",466,5,0,0,1,0,1,1,1,0,1
"Viikki, Helsinki",D,no condition,-,2010,Soluhuone,Pasteurinkatu 1,1h,15,"4
                                   ",411,5,0,0,1,0,1,1,1,0,1
"Viikki, Helsinki",D,no condition,-,2010,Soluhuone,Pasteurinkatu 1,1h,15.5,"4
                                   ",411,5,0,0,1,0,1,1,1,0,1
"Viikki, Helsinki",D,no condition,-,2010,Soluhuone,Pasteurinkatu 1,1h,15.5,"22
                                   ",419,5,0,0,1,0,1,1,1,0,1
"Viikki, Helsinki",D,no condition,-,2010,Soluhuone,Pasteurinkatu 1,1h,16,"3
                                   ",419,5,0,0,1,0,1,1,1,0,1
"Viikki, Helsinki",D,no condition,-,2010,Soluhuone,Pasteurinkatu 1,1h,16,"24
                                   ",420,5,0,0,1,0,1,1,1,0,1
"Viikki, Helsinki",D,no condition,-,2010,Soluhuone,Pasteurinkatu 1,1h,16.5,"3
                                   ",425,5,0,0,1,0,1,1,1,0,1
"Viikki, Helsinki",D,no condition,-,2010,Soluhuone,Pasteurinkatu 1,1h,16.5,"2
                                   ",499,5,0,0,1,0,1,1,1,0,1
"Viikki, Helsinki",D,no condition,-,2010,Yksiö,Pasteurinkatu 1,1h+kt,27,"4
                                   ",618,5,0,0,1,0,1,1,1,0,1
"Viikki, Helsinki",D,no condition,-,2010,Yksiö,Pasteurinkatu 1,1h+kt,27,"12
                                   ",620,5,0,0,1,0,1,1,1,0,1
"Viikki, Helsinki",D,no condition,-,2010,Yksiö,Pasteurinkatu 1,1h+kt,32.5,"16
                                   ",697,5,0,0,1,0,1,1,1,0,1
"Viikki, Helsinki",D,no condition,-,2010,Kaksio,Pasteurinkatu 1,1h+tpk,42.5,"19
                                   ",803,5,0,0,1,0,1,1,1,0,1
"Viikki, Helsinki",D,no condition,-,2010,Kaksio,Pasteurinkatu 1,1h+tpk,44,"4
                                   ",825,5,0,0,1,0,1,1,1,0,1
"Viikki, Helsinki",D,no condition,-,2010,Kaksio,Pasteurinkatu 1,2h+k,55,"8
                                   ",972,5,0,0,1,0,1,1,1,0,1
"Viikki, Helsinki",D,no condition,-,2010,Kaksio,Pasteurinkatu 1,2h+kt,55,"3
                                   ",972,5,0,0,1,0,1,1,1,0,1
"Viikki, Helsinki",D,no condition,-,2010,Kaksio,Pasteurinkatu 1,2h+kt,55,"2
                                   ",982,5,0,0,1,0,1,1,1,0,1
"Viikki, Helsinki",D,no condition,-,2010,Kaksio,Pasteurinkatu 1,2h+kt,55,"1
                                   ",984,5,0,0,1,0,1,1,1,0,1
"Viikki, Helsinki",D,no condition,-,2010,Kolmio,Pasteurinkatu 1,3h+kt,80.5,"4
                                   ",1078,5,0,0,1,0,1,1,1,0,1
"Viikki, Helsinki",D,no condition,-,2010,Kolmio,Pasteurinkatu 1,3h+kt,81,"4
                                   ",1086,5,0,0,1,0,1,1,1,0,1
"Viikki, Helsinki",D,no condition,-,2010,Kolmio,Pasteurinkatu 1,3h+k,81.5,"1
                                   ",1093,5,0,0,1,0,1,1,1,0,1
"Viikki, Helsinki",D,no condition,-,2010,Kolmio,Pasteurinkatu 1,3h+kt,81.5,"4
                                   ",1093,5,0,0,1,0,1,1,1,0,1
"Viikki, Helsinki",F,no condition,-,1993,Yksiö,Maakaari 1,1h+kt,27.5,"26
                                   ",498,no rating,0,1,1,0,1,1,0,0,0
"Viikki, Helsinki",F,no condition,-,1993,Yksiö,Maakaari 1,1h+kt,27.5,"6
                                   ",512,no rating,0,1,1,0,1,1,0,0,0
"Viikki, Helsinki",F,no condition,-,1993,Kaksio,Maakaari 1,1h+oh+k,54.5,"1
                                   ",869,no rating,0,1,1,0,1,1,0,0,0
"Viikki, Helsinki",F,no condition,-,1993,Kaksio,Maakaari 1,1h+oh+k,54.5,"2
                                   ",884,no rating,0,1,1,0,1,1,0,0,0
"Viikki, Helsinki",F,no condition,-,1993,Kaksio,Maakaari 1,1h+oh+k,54.5,"4
                                   ",885,no rating,0,1,1,0,1,1,0,0,0
"Viikki, Helsinki",F,no condition,-,1993,Kolmio,Maakaari 1,2h+oh+k,78.5,"3
                                   ",1098,no rating,0,1,1,0,1,1,0,0,0
"Viikki, Helsinki",D,no condition,-,2004,Yksiö,Tilanhoitajankaari 6,1h+kt,31,"2
                                   ",562,2,0,0,1,0,1,1,1,0,1
"Viikki, Helsinki",D,no condition,-,2004,Yksiö,Tilanhoitajankaari 6,1h+kt,31,"2
                                   ",563,2,0,0,1,0,1,1,1,0,1
"Viikki, Helsinki",D,no condition,-,2004,Yksiö,Tilanhoitajankaari 6,1h+kt,31.5,"4
                                   ",570,2,0,0,1,0,1,1,1,0,1
"Viikki, Helsinki",D,no condition,-,2004,Yksiö,Tilanhoitajankaari 6,1h+kt,32,"4
                                   ",575,2,0,0,1,0,1,1,1,0,1
"Viikki, Helsinki",D,no condition,-,2004,Yksiö,Tilanhoitajankaari 6,1h+kt,32,"4
                                   ",586,2,0,0,1,0,1,1,1,0,1
"Viikki, Helsinki",D,no condition,-,2004,Yksiö,Tilanhoitajankaari 6,1h+kt,32.5,"27
                                   ",580,2,0,0,1,0,1,1,1,0,1
"Viikki, Helsinki",D,no condition,-,2004,Yksiö,Tilanhoitajankaari 6,1h+kt,32.5,"3
                                   ",590,2,0,0,1,0,1,1,1,0,1
"Viikki, Helsinki",D,no condition,-,2004,Yksiö,Tilanhoitajankaari 6,1h+kt,36.5,"1
                                   ",592,2,0,0,1,0,1,1,1,0,1
"Viikki, Helsinki",D,no condition,-,2004,Kaksio,Tilanhoitajankaari 6,1h+tpk,38.5,"1
                                   ",593,2,0,0,1,0,1,1,1,0,1
"Viikki, Helsinki",D,no condition,-,2004,Kaksio,Tilanhoitajankaari 6,1h+tpk,58.5,"9
                                   ",887,2,0,0,1,0,1,1,1,0,1
"Viikki, Helsinki",D,no condition,-,2004,Kaksio,Tilanhoitajankaari 6,2h+kt,58.5,"10
                                   ",887,2,0,0,1,0,1,1,1,0,1
"Viikki, Helsinki",D,no condition,-,2004,Kaksio,Tilanhoitajankaari 6,1h+tpk,60.5,"4
                                   ",893,2,0,0,1,0,1,1,1,0,1
"Viikki, Helsinki",D,no condition,-,2004,Kolmio,Tilanhoitajankaari 6,2h+tpk,63.5,"4
                                   ",933,2,0,0,1,0,1,1,1,0,1
"Viikki, Helsinki",D,no condition,-,2004,Kolmio,Tilanhoitajankaari 6,2h+tpk,72,"2
                                   ",988,2,0,0,1,0,1,1,1,0,1
"Viikki, Helsinki",D,no condition,-,2004,Kolmio,Tilanhoitajankaari 6,2h+tpk,72.5,"14
                                   ",987,2,0,0,1,0,1,1,1,0,1
"Viikki, Helsinki",E,no condition,-,2002,Soluhuone,Alempi Talonpojantie 4,1h,13,"2
                                   ",433,4,0,0,1,0,1,1,1,0,1
"Viikki, Helsinki",E,no condition,-,2002,Soluhuone,Alempi Talonpojantie 4,1h,14,"2
                                   ",454,4,0,0,1,0,1,1,1,0,1
"Viikki, Helsinki",E,no condition,-,2002,Yksiö,Alempi Talonpojantie 4,1h+kt,31.5,"72
                                   ",570,4,0,0,1,0,1,1,1,0,1
"Viikki, Helsinki",E,no condition,-,2002,Yksiö,Alempi Talonpojantie 4,1h+kt,34.5,"3
                                   ",598,4,0,0,1,0,1,1,1,0,1
"Viikki, Helsinki",E,no condition,-,2002,Kaksio,Alempi Talonpojantie 4,1h+tpk,56.5,"27
                                   ",864,4,0,0,1,0,1,1,1,0,1
"Viikki, Helsinki",E,no condition,-,2002,Kaksio,Alempi Talonpojantie 4,2h+k,56.5,"1
                                   ",864,4,0,0,1,0,1,1,1,0,1
"Viikki, Helsinki",E,no condition,-,2002,Kaksio,Alempi Talonpojantie 4,2h+k,56.5,"1
                                   ",893,4,0,0,1,0,1,1,1,0,1
"Viikki, Helsinki",E,no condition,-,2002,Kaksio,Alempi Talonpojantie 4,2h+kt,56.5,"1
                                   ",890,4,0,0,1,0,1,1,1,0,1
"Viikki, Helsinki",E,no condition,-,2002,Kaksio,Alempi Talonpojantie 4,2h+kt,56.5,"1
                                   ",892,4,0,0,1,0,1,1,1,0,1
"Viikki, Helsinki",E,no condition,-,2002,Kaksio,Alempi Talonpojantie 4,2h+kt,56.5,"6
                                   ",893,4,0,0,1,0,1,1,1,0,1
"Viikki, Helsinki",E,no condition,-,2009,Soluhuone,Von Daehnin Katu 14,1h,12,"4
                                   ",311,no rating,0,0,1,0,1,1,1,0,1
"Viikki, Helsinki",E,no condition,-,2009,Soluhuone,Von Daehnin Katu 14,1h,13.5,"8
                                   ",361,no rating,0,0,1,0,1,1,1,0,1
"Viikki, Helsinki",E,no condition,-,2009,Soluhuone,Von Daehnin Katu 14,1h,15,"8
                                   ",404,no rating,0,0,1,0,1,1,1,0,1
"Viikki, Helsinki",E,no condition,-,2009,Soluhuone,Von Daehnin Katu 14,1h,15,"4
                                   ",411,no rating,0,0,1,0,1,1,1,0,1
"Viikki, Helsinki",E,no condition,-,2009,Soluhuone,Von Daehnin Katu 14,1h,16,"6
                                   ",402,no rating,0,0,1,0,1,1,1,0,1
"Viikki, Helsinki",E,no condition,-,2009,Soluhuone,Von Daehnin Katu 14,1h,16.5,"3
                                   ",402,no rating,0,0,1,0,1,1,1,0,1
"Viikki, Helsinki",E,no condition,-,2009,Soluhuone,Von Daehnin Katu 14,1h,16.5,"4
                                   ",410,no rating,0,0,1,0,1,1,1,0,1
"Viikki, Helsinki",E,no condition,-,2009,Soluhuone,Von Daehnin Katu 14,1h,20,"2
                                   ",424,no rating,0,0,1,0,1,1,1,0,1
"Viikki, Helsinki",E,no condition,-,2009,Yksiö,Von Daehnin Katu 14,1h+kt,31,"15
                                   ",648,no rating,0,0,1,0,1,1,1,0,1
"Viikki, Helsinki",E,no condition,-,2009,Yksiö,Von Daehnin Katu 14,1h+kt,31,"3
                                   ",656,no rating,0,0,1,0,1,1,1,0,1
"Viikki, Helsinki",E,no condition,-,2009,Yksiö,Von Daehnin Katu 14,1h+kt,34,"2
                                   ",696,no rating,0,0,1,0,1,1,1,0,1
"Viikki, Helsinki",E,no condition,-,2009,Yksiö,Von Daehnin Katu 14,1h+kt,34,"2
                                   ",697,no rating,0,0,1,0,1,1,1,0,1
"Viikki, Helsinki",E,no condition,-,2009,Kaksio,Von Daehnin Katu 14,2h+kt,48.5,"6
                                   ",843,no rating,0,0,1,0,1,1,1,0,1
"Viikki, Helsinki",E,no condition,-,2009,Kaksio,Von Daehnin Katu 14,1h+oh+kk,49,"3
                                   ",851,no rating,0,0,1,0,1,1,1,0,1
"Viikki, Helsinki",E,no condition,-,2009,Kaksio,Von Daehnin Katu 14,2h+kt,59,"3
                                   ",876,no rating,0,0,1,0,1,1,1,0,1
"Viikki, Helsinki",E,no condition,-,2009,Kaksio,Von Daehnin Katu 14,1h+oh+k,59.5,"3
                                   ",1016,no rating,0,0,1,0,1,1,1,0,1
"Viikki, Helsinki",E,no condition,-,2009,Kolmio,Von Daehnin Katu 14,3h+kt,62.5,"2
                                   ",1038,no rating,0,0,1,0,1,1,1,0,1
"Viikki, Helsinki",E,no condition,-,2009,Kolmio,Von Daehnin Katu 14,2h+tpk,79,"2
                                   ",1138,no rating,0,0,1,0,1,1,1,0,1
"Viikki, Helsinki",E,no condition,-,1993,Soluhuone,Maakaari 6,1h,12.7,"4
                                   ",351,4,0,0,0,0,1,1,1,0,1
"Viikki, Helsinki",E,no condition,-,1993,Soluhuone,Maakaari 6,1h,12.7,"8
                                   ",405,4,0,0,0,0,1,1,1,0,1
"Viikki, Helsinki",E,no condition,-,1993,Soluhuone,Maakaari 6,1h,15.2,"2
                                   ",386,4,0,0,0,0,1,1,1,0,1
"Viikki, Helsinki",E,no condition,-,1993,Kalustettu soluhuone,Maakaari 6,1h,12.7,"16
                                   ",471,4,0,0,0,0,1,1,1,0,1
"Viikki, Helsinki",E,no condition,-,1993,Kalustettu soluhuone,Maakaari 6,1h,12.7,"4
                                   ",525,4,0,0,0,0,1,1,1,0,1
"Viikki, Helsinki",E,no condition,-,1993,Kalustettu soluhuone,Maakaari 6,1h,15.2,"4
                                   ",486,4,0,0,0,0,1,1,1,0,1
"Viikki, Helsinki",E,no condition,-,1993,Kalustettu soluhuone,Maakaari 6,1h,15.2,"2
                                   ",572,4,0,0,0,0,1,1,1,0,1
"Viikki, Helsinki",E,no condition,-,1993,Kaksio,Maakaari 6,1h+tpk,48.5,"24
                                   ",794,4,0,0,0,0,1,1,1,0,1
"Viikki, Helsinki",E,no condition,-,1993,Kaksio,Maakaari 6,1h+tpk,57,"2
                                   ",860,4,0,0,0,0,1,1,1,0,1
"Viikki, Helsinki",E,no condition,-,1993,Kaksio,Maakaari 6,1h+tpk,57,"1
                                   ",861,4,0,0,0,0,1,1,1,0,1
"Viikki, Helsinki",E,no condition,-,1993,Kolmio,Maakaari 6,2h+tpk,73,"24
                                   ",1009,4,0,0,0,0,1,1,1,0,1
"Viikki, Helsinki",E,no condition,-,1993,Kolmio,Maakaari 6,1h+oh+tpk,74.5,"1
                                   ",1017,4,0,0,0,0,1,1,1,0,1
"Viikki, Helsinki",E,no condition,-,1993,Kolmio,Maakaari 6,2h+tpk,74.5,"2
                                   ",1018,4,0,0,0,0,1,1,1,0,1
"Viikki, Helsinki",E,no condition,-,1993,Kolmio,Maakaari 6,2h+tpk,74.5,"2
                                   ",1028,4,0,0,0,0,1,1,1,0,1
"Viikki, Helsinki",F,no condition,-,2000,Yksiö,Tilanhoitajankaari 11,1h+kt,30,"2
                                   ",552,4,0,0,1,0,1,1,1,0,1
"Viikki, Helsinki",F,no condition,-,2000,Yksiö,Tilanhoitajankaari 11,1h+kt,31,"4
                                   ",561,4,0,0,1,0,1,1,1,0,1
"Viikki, Helsinki",F,no condition,-,2000,Yksiö,Tilanhoitajankaari 11,1h+kk,35.5,"40
                                   ",621,4,0,0,1,0,1,1,1,0,1
"Viikki, Helsinki",F,no condition,-,2000,Kaksio,Tilanhoitajankaari 11,1h+tpk,51,"12
                                   ",795,4,0,0,1,0,1,1,1,0,1
"Viikki, Helsinki",F,no condition,-,2000,Kaksio,Tilanhoitajankaari 11,1h+tpk,51,"8
                                   ",796,4,0,0,1,0,1,1,1,0,1
"Viikki, Helsinki",F,no condition,-,2000,Kaksio,Tilanhoitajankaari 11,1h+tpk,51.5,"8
                                   ",803,4,0,0,1,0,1,1,1,0,1
"Viikki, Helsinki",F,no condition,-,2000,Kaksio,Tilanhoitajankaari 11,1h+tpk,51.5,"8
                                   ",804,4,0,0,1,0,1,1,1,0,1
"Viikki, Helsinki",F,no condition,-,2000,Kaksio,Tilanhoitajankaari 11,1h+tpk,54.5,"4
                                   ",820,4,0,0,1,0,1,1,1,0,1
"Viikki, Helsinki",F,no condition,-,2000,Kaksio,Tilanhoitajankaari 11,1h+tpk,60.5,"12
                                   ",895,4,0,0,1,0,1,1,1,0,1
"Viikki, Helsinki",F,no condition,-,2000,Kolmio,Tilanhoitajankaari 11,2h+tpk,69.5,"20
                                   ",950,4,0,0,1,0,1,1,1,0,1
"Viikki, Helsinki",F,no condition,2013,1975,Soluhuone,Talonpojantie 5,1h,12,"8
                                   ",272,4,0,0,0,0,1,1,1,0,1
"Viikki, Helsinki",F,no condition,2013,1975,Soluhuone,Talonpojantie 5,1h,12.2,"4
                                   ",272,4,0,0,0,0,1,1,1,0,1
"Viikki, Helsinki",F,no condition,2013,1975,Soluhuone,Talonpojantie 5,1h,13.2,"1
                                   ",344,4,0,0,0,0,1,1,1,0,1
"Viikki, Helsinki",F,no condition,2013,1975,Soluhuone,Talonpojantie 5,1h,13.4,"12
                                   ",288,4,0,0,0,0,1,1,1,0,1
"Viikki, Helsinki",F,no condition,2013,1975,Soluhuone,Talonpojantie 5,1h,13.4,"8
                                   ",309,4,0,0,0,0,1,1,1,0,1
"Viikki, Helsinki",F,no condition,2013,1975,Soluhuone,Talonpojantie 5,1h,14.6,"4
                                   ",327,4,0,0,0,0,1,1,1,0,1
"Viikki, Helsinki",F,no condition,2013,1975,Soluhuone,Talonpojantie 5,1h,15.8,"1
                                   ",361,4,0,0,0,0,1,1,1,0,1
"Viikki, Helsinki",F,no condition,2013,1975,Soluhuone,Talonpojantie 5,1h,16,"12
                                   ",327,4,0,0,0,0,1,1,1,0,1
"Viikki, Helsinki",F,no condition,2013,1975,Soluhuone,Talonpojantie 5,1h,16,"1
                                   ",364,4,0,0,0,0,1,1,1,0,1
"Viikki, Helsinki",F,no condition,2013,1975,Soluhuone,Talonpojantie 5,1h,16.2,"16
                                   ",353,4,0,0,0,0,1,1,1,0,1
"Viikki, Helsinki",F,no condition,2013,1975,Soluhuone,Talonpojantie 5,1h,17.5,"12
                                   ",347,4,0,0,0,0,1,1,1,0,1
"Viikki, Helsinki",F,no condition,2013,1975,Soluhuone,Talonpojantie 5,1h,17.5,"8
                                   ",363,4,0,0,0,0,1,1,1,0,1
"Viikki, Helsinki",F,no condition,2013,1975,Soluhuone,Talonpojantie 5,1h,17.5,"1
                                   ",401,4,0,0,0,0,1,1,1,0,1
"Viikki, Helsinki",F,no condition,2013,1975,Kaksio,Talonpojantie 5,1h+oh+kk,48.5,"8
                                   ",734,4,0,0,0,0,1,1,1,0,1
"Viikki, Helsinki",F,no condition,2013,1975,Kaksio,Talonpojantie 5,2h+kk,48.5,"3
                                   ",729,4,0,0,0,0,1,1,1,0,1
"Viikki, Helsinki",F,no condition,2013,1975,Kaksio,Talonpojantie 5,1h+oh+kk,50.5,"4
                                   ",756,4,0,0,0,0,1,1,1,0,1
"Viikki, Helsinki",F,no condition,2013,1975,Kaksio,Talonpojantie 5,2h+kk,50.5,"19
                                   ",751,4,0,0,0,0,1,1,1,0,1
"Ruskeasanta, Vantaa","E, D",no condition,2017,1990,Soluhuone,Kylmäojantie 4,1h,12,"2
                                   ",298,4,0,0,0,0,1,1,1,0,1
"Ruskeasanta, Vantaa","E, D",no condition,2017,1990,Yksiö,Kylmäojantie 4,1h+kk,31,"2
                                   ",476,4,0,0,0,0,1,1,1,0,1
"Ruskeasanta, Vantaa","E, D",no condition,2017,1990,Yksiö,Kylmäojantie 4,1h+kk,31.5,"2
                                   ",482,4,0,0,0,0,1,1,1,0,1
"Ruskeasanta, Vantaa","E, D",no condition,2017,1990,Yksiö,Kylmäojantie 4,1h+kk,33,"1
                                   ",500,4,0,0,0,0,1,1,1,0,1
"Ruskeasanta, Vantaa","E, D",no condition,2017,1990,Yksiö,Kylmäojantie 4,1h+kk,33.5,"1
                                   ",511,4,0,0,0,0,1,1,1,0,1
"Ruskeasanta, Vantaa","E, D",no condition,2017,1990,Kaksio,Kylmäojantie 4,2h+k,43,"3
                                   ",594,4,0,0,0,0,1,1,1,0,1
"Ruskeasanta, Vantaa","E, D",no condition,2017,1990,Kaksio,Kylmäojantie 4,2h+k,43.5,"2
                                   ",556,4,0,0,0,0,1,1,1,0,1
"Ruskeasanta, Vantaa","E, D",no condition,2017,1990,Kaksio,Kylmäojantie 4,2h+k,43.5,"6
                                   ",591,4,0,0,0,0,1,1,1,0,1
"Ruskeasanta, Vantaa","E, D",no condition,2017,1990,Kaksio,Kylmäojantie 4,2h+k,43.5,"5
                                   ",602,4,0,0,0,0,1,1,1,0,1
"Ruskeasanta, Vantaa","E, D",no condition,2017,1990,Kaksio,Kylmäojantie 4,2h+k,44,"2
                                   ",563,4,0,0,0,0,1,1,1,0,1
"Ruskeasanta, Vantaa","E, D",no condition,2017,1990,Kaksio,Kylmäojantie 4,2h+k,44,"6
                                   ",596,4,0,0,0,0,1,1,1,0,1
"Ruskeasanta, Vantaa","E, D",no condition,2017,1990,Kaksio,Kylmäojantie 4,2h+k,44,"7
                                   ",606,4,0,0,0,0,1,1,1,0,1
"Ruskeasanta, Vantaa","E, D",no condition,2017,1990,Kaksio,Kylmäojantie 4,1h+oh+k,48.5,"2
                                   ",621,4,0,0,0,0,1,1,1,0,1
"Ruskeasanta, Vantaa","E, D",no condition,2017,1990,Kaksio,Kylmäojantie 4,2h+k,48.5,"5
                                   ",630,4,0,0,0,0,1,1,1,0,1
"Ruskeasanta, Vantaa","E, D",no condition,2017,1990,Kaksio,Kylmäojantie 4,2h+k,48.5,"7
                                   ",640,4,0,0,0,0,1,1,1,0,1
"Ruskeasanta, Vantaa","E, D",no condition,2017,1990,Kaksio,Kylmäojantie 4,2h+k,49,"2
                                   ",635,4,0,0,0,0,1,1,1,0,1
"Ruskeasanta, Vantaa","E, D",no condition,2017,1990,Kaksio,Kylmäojantie 4,2h+k,49.5,"2
                                   ",619,4,0,0,0,0,1,1,1,0,1
"Ruskeasanta, Vantaa","E, D",no condition,2017,1990,Kaksio,Kylmäojantie 4,2h+k,49.5,"4
                                   ",643,4,0,0,0,0,1,1,1,0,1
"Ruskeasanta, Vantaa","E, D",no condition,2017,1990,Kaksio,Kylmäojantie 4,2h+k,49.5,"6
                                   ",654,4,0,0,0,0,1,1,1,0,1
"Ruskeasanta, Vantaa","E, D",no condition,2017,1990,Kolmio,Kylmäojantie 4,2h+oh+k,65.5,"1
                                   ",780,4,0,0,0,0,1,1,1,0,1
"Ruskeasanta, Vantaa","E, D",no condition,2017,1990,Kolmio,Kylmäojantie 4,2h+oh+k,65.5,"1
                                   ",792,4,0,0,0,0,1,1,1,0,1
"Ruskeasanta, Vantaa","E, D",no condition,2017,1990,Kolmio,Kylmäojantie 4,2h+oh+k,66,"1
                                   ",775,4,0,0,0,0,1,1,1,0,1
"Ruskeasanta, Vantaa","E, D",no condition,2017,1990,Kolmio,Kylmäojantie 4,2h+oh+k,66,"2
                                   ",786,4,0,0,0,0,1,1,1,0,1
"Ruskeasanta, Vantaa","E, D",no condition,2017,1990,Kolmio,Kylmäojantie 4,2h+oh+k,66,"3
                                   ",798,4,0,0,0,0,1,1,1,0,1
"Ruskeasanta, Vantaa","E, D",no condition,2017,1990,Kolmio,Kylmäojantie 4,2h+oh+k,66.5,"6
                                   ",792,4,0,0,0,0,1,1,1,0,1
"Ruskeasanta, Vantaa","E, D",no condition,2017,1990,Kolmio,Kylmäojantie 4,3h+kt,66.5,"2
                                   ",792,4,0,0,0,0,1,1,1,0,1
"Herttoniemi, Helsinki",C,no condition,-,2020,Yksiö,Kettutie 19,1h+kt,23,"4
                                   ",582,3,0,0,1,0,1,1,1,0,1
"Herttoniemi, Helsinki",C,no condition,-,2020,Yksiö,Kettutie 19,1h+kt,24.5,"4
                                   ",607,3,0,0,1,0,1,1,1,0,1
"Herttoniemi, Helsinki",C,no condition,-,2020,Yksiö,Kettutie 19,1h+kt,26,"92
                                   ",641,3,0,0,1,0,1,1,1,0,1
"Herttoniemi, Helsinki",C,no condition,-,2020,Yksiö,Kettutie 19,1h+kt,27,"4
                                   ",659,3,0,0,1,0,1,1,1,0,1
"Herttoniemi, Helsinki",C,no condition,-,2020,Yksiö,Kettutie 19,1h+kt,29.5,"1
                                   ",696,3,0,0,1,0,1,1,1,0,1
"Herttoniemi, Helsinki",C,no condition,-,2020,Yksiö,Kettutie 19,1h+kt,31,"4
                                   ",726,3,0,0,1,0,1,1,1,0,1
"Herttoniemi, Helsinki",C,no condition,-,2020,Yksiö,Kettutie 19,1h+kt,35,"4
                                   ",758,3,0,0,1,0,1,1,1,0,1
"Herttoniemi, Helsinki",C,no condition,-,2020,Yksiö,Kettutie 19,1h+kt,39,"4
                                   ",795,3,0,0,1,0,1,1,1,0,1
"Herttoniemi, Helsinki",C,no condition,-,2020,Yksiö,Kettutie 19,1h+kt,40.5,"4
                                   ",816,3,0,0,1,0,1,1,1,0,1
"Herttoniemi, Helsinki",C,no condition,-,2020,Yksiö,Kettutie 19,1h+kt,42.5,"2
                                   ",854,3,0,0,1,0,1,1,1,0,1
"Herttoniemi, Helsinki",C,no condition,-,2020,Yksiö,Kettutie 19,1h+kt,42.5,"1
                                   ",879,3,0,0,1,0,1,1,1,0,1
"Herttoniemi, Helsinki",C,no condition,-,2020,Kaksio,Kettutie 19,1h+oh+kt,42,"1
                                   ",828,3,0,0,1,0,1,1,1,0,1
"Herttoniemi, Helsinki",C,no condition,-,2020,Kaksio,Kettutie 19,1h+oh+kk,45.5,"1
                                   ",871,3,0,0,1,0,1,1,1,0,1
"Herttoniemi, Helsinki",C,no condition,-,2020,Kaksio,Kettutie 19,1h+oh+kt,45.5,"3
                                   ",871,3,0,0,1,0,1,1,1,0,1
"Herttoniemi, Helsinki",C,no condition,-,2020,Kaksio,Kettutie 19,1h+oh+kt,55.5,"1
                                   ",975,3,0,0,1,0,1,1,1,0,1
"Mellunmäki, Helsinki",F,no condition,2011,1989,Soluhuone,Pallaksentie 4,1h,13.5,"1
                                   ",314,2,0,0,0,0,1,1,1,0,1
"Mellunmäki, Helsinki",F,no condition,2011,1989,Soluhuone,Pallaksentie 4,1h,13.5,"2
                                   ",321,2,0,0,0,0,1,1,1,0,1
"Mellunmäki, Helsinki",F,no condition,2011,1989,Soluhuone,Pallaksentie 4,1h,13.5,"2
                                   ",325,2,0,0,0,0,1,1,1,0,1
"Mellunmäki, Helsinki",F,no condition,2011,1989,Soluhuone,Pallaksentie 4,1h,13.5,"6
                                   ",352,2,0,0,0,0,1,1,1,0,1
"Mellunmäki, Helsinki",F,no condition,2011,1989,Soluhuone,Pallaksentie 4,1h,14,"5
                                   ",319,2,0,0,0,0,1,1,1,0,1
"Mellunmäki, Helsinki",F,no condition,2011,1989,Soluhuone,Pallaksentie 4,1h,14,"3
                                   ",321,2,0,0,0,0,1,1,1,0,1
"Mellunmäki, Helsinki",F,no condition,2011,1989,Soluhuone,Pallaksentie 4,1h,14,"2
                                   ",335,2,0,0,0,0,1,1,1,0,1
"Mellunmäki, Helsinki",F,no condition,2011,1989,Soluhuone,Pallaksentie 4,1h,14.5,"3
                                   ",322,2,0,0,0,0,1,1,1,0,1
"Mellunmäki, Helsinki",F,no condition,2011,1989,Soluhuone,Pallaksentie 4,1h,14.5,"13
                                   ",340,2,0,0,0,0,1,1,1,0,1
"Mellunmäki, Helsinki",F,no condition,2011,1989,Soluhuone,Pallaksentie 4,1h,15,"2
                                   ",339,2,0,0,0,0,1,1,1,0,1
"Mellunmäki, Helsinki",F,no condition,2011,1989,Soluhuone,Pallaksentie 4,1h,15,"2
                                   ",342,2,0,0,0,0,1,1,1,0,1
"Mellunmäki, Helsinki",F,no condition,2011,1989,Kaksio,Pallaksentie 4,2h+k,48.5,"4
                                   ",701,2,0,0,0,0,1,1,1,0,1
"Mellunmäki, Helsinki",F,no condition,2011,1989,Kaksio,Pallaksentie 4,2h+k,49,"8
                                   ",708,2,0,0,0,0,1,1,1,0,1
"Mellunmäki, Helsinki",F,no condition,2011,1989,Kaksio,Pallaksentie 4,2h+k,51,"2
                                   ",728,2,0,0,0,0,1,1,1,0,1
"Mellunmäki, Helsinki",F,no condition,2011,1989,Kaksio,Pallaksentie 4,2h+k,52,"2
                                   ",739,2,0,0,0,0,1,1,1,0,1
"Mellunmäki, Helsinki",F,no condition,2011,1989,Kaksio,Pallaksentie 4,2h+k,53.5,"3
                                   ",752,2,0,0,0,0,1,1,1,0,1
"Mellunmäki, Helsinki",F,no condition,2011,1989,Kolmio,Pallaksentie 4,2h+tpk,69.5,"3
                                   ",873,2,0,0,0,0,1,1,1,0,1
"Mellunmäki, Helsinki",F,no condition,2011,1989,Kolmio,Pallaksentie 4,2h+oh+k,74.5,"2
                                   ",922,2,0,0,0,0,1,1,1,0,1
"Mellunmäki, Helsinki",F,no condition,2011,1989,Kolmio,Pallaksentie 4,2h+tpk,74.5,"1
                                   ",922,2,0,0,0,0,1,1,1,0,1
"Mellunmäki, Helsinki",F,no condition,2011,1989,Kolmio,Pallaksentie 4,3h+k,74.5,"1
                                   ",1009,2,0,0,0,0,1,1,1,0,1
"Mellunmäki, Helsinki",F,no condition,2011,1989,Kolmio,Pallaksentie 4,2h+oh+k,79,"1
                                   ",981,2,0,0,0,0,1,1,1,0,1
"Mellunmäki, Helsinki",F,no condition,2011,1989,Kolmio,Pallaksentie 4,3h+oh+k,93.5,"1
                                   ",1125,2,0,0,0,0,1,1,1,0,1
"Mellunmäki, Helsinki",F,no condition,2011,1989,Kolmio,Pallaksentie 4,3h+oh+k,94,"1
                                   ",1105,2,0,0,0,0,1,1,1,0,1
"Kamppi, Helsinki",E,no condition,-,2000,Yksiö,Pohjoinen Rautatiekatu 29,1h+kt,26.5,"15
                                   ",700,3,0,0,1,0,1,1,0,0,1
"Kamppi, Helsinki",E,no condition,-,2000,Yksiö,Pohjoinen Rautatiekatu 29,1h+kt,26.5,"5
                                   ",711,3,0,0,1,0,1,1,0,0,1
"Kamppi, Helsinki",E,no condition,-,2000,Yksiö,Pohjoinen Rautatiekatu 29,1h+kt,27,"69
                                   ",707,3,0,0,1,0,1,1,0,0,1
"Kamppi, Helsinki",E,no condition,-,2000,Yksiö,Pohjoinen Rautatiekatu 29,1h+kt,27.5,"3
                                   ",712,3,0,0,1,0,1,1,0,0,1
"Kamppi, Helsinki",E,no condition,-,2000,Yksiö,Pohjoinen Rautatiekatu 29,1h+kt,28.5,"10
                                   ",720,3,0,0,1,0,1,1,0,0,1
"Kamppi, Helsinki",E,no condition,-,2000,Yksiö,Pohjoinen Rautatiekatu 29,1h+kt,29,"70
                                   ",727,3,0,0,1,0,1,1,0,0,1
"Kamppi, Helsinki",E,no condition,-,2000,Yksiö,Pohjoinen Rautatiekatu 29,1h+kt,33,"4
                                   ",741,3,0,0,1,0,1,1,0,0,1
"Kamppi, Helsinki",E,no condition,-,2000,Yksiö,Pohjoinen Rautatiekatu 29,1h+kt,39.5,"1
                                   ",757,3,0,0,1,0,1,1,0,0,1
"Kamppi, Helsinki",E,no condition,-,2000,Yksiö,Pohjoinen Rautatiekatu 29,1h+kt,39.5,"5
                                   ",829,3,0,0,1,0,1,1,0,0,1
"Kamppi, Helsinki",E,no condition,-,2000,Yksiö,Pohjoinen Rautatiekatu 29,1h+kt,41,"4
                                   ",842,3,0,0,1,0,1,1,0,0,1
"Kamppi, Helsinki",E,no condition,-,2000,Yksiö,Pohjoinen Rautatiekatu 29,1h+kt+parvi,46,"1
                                   ",898,3,0,0,1,0,1,1,0,0,1
"Kamppi, Helsinki",E,no condition,-,2000,Yksiö,Pohjoinen Rautatiekatu 29,1h+kt+parvi,55,"1
                                   ",1049,3,0,0,1,0,1,1,0,0,1
"Kamppi, Helsinki",E,no condition,-,2000,Kaksio,Pohjoinen Rautatiekatu 29,1h+oh+parvi+kt,100.5,"1
                                   ",1437,3,0,0,1,0,1,1,0,0,1
"Kamppi, Helsinki",E,no condition,-,2000,Kaksio,Pohjoinen Rautatiekatu 29,1h+tpk,44,"12
                                   ",880,3,0,0,1,0,1,1,0,0,1
"Kamppi, Helsinki",E,no condition,-,2000,Kaksio,Pohjoinen Rautatiekatu 29,1h+oh+kt,48.5,"1
                                   ",915,3,0,0,1,0,1,1,0,0,1
"Kamppi, Helsinki",E,no condition,-,2000,Kaksio,Pohjoinen Rautatiekatu 29,1h+parvi+tpk,65,"2
                                   ",1153,3,0,0,1,0,1,1,0,0,1
"Kamppi, Helsinki",E,no condition,-,2000,Kaksio,Pohjoinen Rautatiekatu 29,1h+parvi+tpk,65.5,"4
                                   ",1159,3,0,0,1,0,1,1,0,0,1
"Kamppi, Helsinki",E,no condition,-,2000,Kaksio,Pohjoinen Rautatiekatu 29,1h+parvi+tpk,67.5,"1
                                   ",1169,3,0,0,1,0,1,1,0,0,1
"Kamppi, Helsinki",E,no condition,-,2000,Kolmio,Pohjoinen Rautatiekatu 29,2h+tpk,54,"6
                                   ",1021,3,0,0,1,0,1,1,0,0,1
"Kamppi, Helsinki",D,no condition,2026,1947,Yksiö,Leppäsuonkatu 7,1h+kt,20.5,"1
                                   ",692,4,0,1,1,1,1,1,1,0,1
"Kamppi, Helsinki",D,no condition,2026,1947,Yksiö,Leppäsuonkatu 7,1h+kt+parvi,22.5,"1
                                   ",735,4,0,1,1,1,1,1,1,0,1
"Kamppi, Helsinki",D,no condition,2026,1947,Yksiö,Leppäsuonkatu 7,1h+kt,30,"1
                                   ",875,4,0,1,1,1,1,1,1,0,1
"Kamppi, Helsinki",D,no condition,2026,1947,Yksiö,Leppäsuonkatu 7,1h+kt+parvi,37.5,"1
                                   ",947,4,0,1,1,1,1,1,1,0,1
"Kamppi, Helsinki",D,no condition,2026,1947,Yksiö,Leppäsuonkatu 7,1h+kt+parvi,47.5,"7
                                   ",1159,4,0,1,1,1,1,1,1,0,1
"Kamppi, Helsinki",D,no condition,2026,1947,Kaksio,Leppäsuonkatu 7,2h+kt,37.5,"1
                                   ",937,4,0,1,1,1,1,1,1,0,1
"Kamppi, Helsinki",D,no condition,2026,1947,Kaksio,Leppäsuonkatu 7,2h+kt,37.5,"8
                                   ",947,4,0,1,1,1,1,1,1,0,1
"Kamppi, Helsinki",D,no condition,2026,1947,Kaksio,Leppäsuonkatu 7,2h+kt,37.5,"2
                                   ",957,4,0,1,1,1,1,1,1,0,1
"Kamppi, Helsinki",D,no condition,2026,1947,Kaksio,Leppäsuonkatu 7,2h+kt,38,"2
                                   ",947,4,0,1,1,1,1,1,1,0,1
"Kamppi, Helsinki",D,no condition,2026,1947,Kaksio,Leppäsuonkatu 7,2h+kt,38,"20
                                   ",957,4,0,1,1,1,1,1,1,0,1
"Kamppi, Helsinki",D,no condition,2026,1947,Kaksio,Leppäsuonkatu 7,2h+kt,38,"5
                                   ",967,4,0,1,1,1,1,1,1,0,1
"Kamppi, Helsinki",D,no condition,2026,1947,Kaksio,Leppäsuonkatu 7,2h+kt,38.5,"1
                                   ",978,4,0,1,1,1,1,1,1,0,1
"Kamppi, Helsinki",D,no condition,2026,1947,Kaksio,Leppäsuonkatu 7,2h+kt,42,"7
                                   ",1052,4,0,1,1,1,1,1,1,0,1
"Kamppi, Helsinki",D,no condition,2026,1947,Kaksio,Leppäsuonkatu 7,2h+kt,48,"4
                                   ",1169,4,0,1,1,1,1,1,1,0,1
"Kamppi, Helsinki",D,no condition,2026,1947,Kaksio,Leppäsuonkatu 7,2h+kt,48,"1
                                   ",1179,4,0,1,1,1,1,1,1,0,1
"Kamppi, Helsinki",D,no condition,2026,1947,Kaksio,Leppäsuonkatu 7,2h+kt,50.5,"1
                                   ",1211,4,0,1,1,1,1,1,1,0,1
"Kamppi, Helsinki",D,no condition,2026,1947,Kaksio,Leppäsuonkatu 7,2h+k,56,"2
                                   ",1276,4,0,1,1,1,1,1,1,0,1
"Kamppi, Helsinki",D,no condition,2026,1947,Kaksio,Leppäsuonkatu 7,2h+k,56,"4
                                   ",1286,4,0,1,1,1,1,1,1,0,1
"Kamppi, Helsinki",D,no condition,2026,1947,Kaksio,Leppäsuonkatu 7,2h+k,56,"1
                                   ",1296,4,0,1,1,1,1,1,1,0,1
"Kamppi, Helsinki",D,no condition,2026,1947,Kaksio,Leppäsuonkatu 7,2h+k,67.5,"1
                                   ",1403,4,0,1,1,1,1,1,1,0,1
"Kamppi, Helsinki",D,no condition,2026,1947,Kolmio,Leppäsuonkatu 7,3h+k,77,"1
                                   ",1480,4,0,1,1,1,1,1,1,0,1
"Kamppi, Helsinki",E,no condition,1999,1947,Soluhuone,Leppäsuonkatu 9b,1h,13.6,"50
                                   ",473,2,0,0,1,0,1,1,1,0,1
"Kamppi, Helsinki",E,no condition,1999,1947,Yksiö,Leppäsuonkatu 9b,1h+kt,19,"1
                                   ",584,2,0,0,1,0,1,1,1,0,1
"Kamppi, Helsinki",E,no condition,1999,1947,Yksiö,Leppäsuonkatu 9b,1h+kt+parvi,28,"2
                                   ",700,2,0,0,1,0,1,1,1,0,1
"Kamppi, Helsinki",E,no condition,1999,1947,Yksiö,Leppäsuonkatu 9b,1h+kt+parvi,28.5,"12
                                   ",711,2,0,0,1,0,1,1,1,0,1
"Kamppi, Helsinki",E,no condition,1999,1947,Yksiö,Leppäsuonkatu 9b,1h+kt,29.5,"5
                                   ",700,2,0,0,1,0,1,1,1,0,1
"Kamppi, Helsinki",E,no condition,1999,1947,Yksiö,Leppäsuonkatu 9b,1h+kt,30,"1
                                   ",722,2,0,0,1,0,1,1,1,0,1
"Kamppi, Helsinki",E,no condition,1999,1947,Yksiö,Leppäsuonkatu 9b,1h+k,35.5,"5
                                   ",796,2,0,0,1,0,1,1,1,0,1
"Kamppi, Helsinki",E,no condition,1999,1947,Yksiö,Leppäsuonkatu 9b,1h+kk,36,"1
                                   ",806,2,0,0,1,0,1,1,1,0,1
"Kamppi, Helsinki",E,no condition,1999,1947,Kaksio,Leppäsuonkatu 9b,2h+kk,38,"4
                                   ",785,2,0,0,1,0,1,1,1,0,1
"Kamppi, Helsinki",E,no condition,1999,1947,Kaksio,Leppäsuonkatu 9b,2h+kk,38.5,"1
                                   ",785,2,0,0,1,0,1,1,1,0,1
"Kamppi, Helsinki",E,no condition,1999,1947,Kaksio,Leppäsuonkatu 9b,2h+kk,39,"2
                                   ",785,2,0,0,1,0,1,1,1,0,1
"Kamppi, Helsinki",E,no condition,1999,1947,Kaksio,Leppäsuonkatu 9b,2h+kk,39,"3
                                   ",797,2,0,0,1,0,1,1,1,0,1
"Kamppi, Helsinki",E,no condition,1999,1947,Kaksio,Leppäsuonkatu 9b,2h+k,59,"1
                                   ",957,2,0,0,1,0,1,1,1,0,1
"Itäkeskus, Helsinki",G,no condition,2017,1977,Soluhuone,Asiakkaankatu 6,1h,14.5,"18
                                   ",315,1,0,0,0,0,1,1,1,0,1
"Itäkeskus, Helsinki",G,no condition,2017,1977,Soluhuone,Asiakkaankatu 6,1h,14.5,"33
                                   ",316,1,0,0,0,0,1,1,1,0,1
"Itäkeskus, Helsinki",G,no condition,2017,1977,Soluhuone,Asiakkaankatu 6,1h,15.5,"2
                                   ",338,1,0,0,0,0,1,1,1,0,1
"Itäkeskus, Helsinki",G,no condition,2017,1977,Soluhuone,Asiakkaankatu 6,1h,15.5,"4
                                   ",340,1,0,0,0,0,1,1,1,0,1
"Itäkeskus, Helsinki",G,no condition,2017,1977,Soluhuone,Asiakkaankatu 6,1h,16.5,"6
                                   ",348,1,0,0,0,0,1,1,1,0,1
"Itäkeskus, Helsinki",G,no condition,2017,1977,Soluhuone,Asiakkaankatu 6,1h,17.5,"6
                                   ",354,1,0,0,0,0,1,1,1,0,1
"Itäkeskus, Helsinki",G,no condition,2017,1977,Soluhuone,Asiakkaankatu 6,1h,17.5,"11
                                   ",356,1,0,0,0,0,1,1,1,0,1
"Itäkeskus, Helsinki",G,no condition,2017,1977,Soluhuone,Asiakkaankatu 6,1h,18,"2
                                   ",369,1,0,0,0,0,1,1,1,0,1
"Itäkeskus, Helsinki",G,no condition,2017,1977,Soluhuone,Asiakkaankatu 6,1h,18,"4
                                   ",373,1,0,0,0,0,1,1,1,0,1
"Itäkeskus, Helsinki",G,no condition,2017,1977,Yksiö,Asiakkaankatu 6,1h+kk,24,"1
                                   ",469,1,0,0,0,0,1,1,1,0,1
"Itäkeskus, Helsinki",G,no condition,2017,1977,Yksiö,Asiakkaankatu 6,1h+kk,24.5,"1
                                   ",459,1,0,0,0,0,1,1,1,0,1
"Itäkeskus, Helsinki",G,no condition,2017,1977,Kalustettu soluhuone,Asiakkaankatu 6,1h,15.5,"1
                                   ",508,1,0,0,0,0,1,1,1,0,1
"Itäkeskus, Helsinki",G,no condition,2017,1977,Kalustettu soluhuone,Asiakkaankatu 6,1h,15.5,"5
                                   ",510,1,0,0,0,0,1,1,1,0,1
"Itäkeskus, Helsinki",G,no condition,2017,1977,Kalustettu soluhuone,Asiakkaankatu 6,1h,16,"3
                                   ",515,1,0,0,0,0,1,1,1,0,1
"Itäkeskus, Helsinki",G,no condition,2017,1977,Kalustettu soluhuone,Asiakkaankatu 6,1h,16.5,"6
                                   ",521,1,0,0,0,0,1,1,1,0,1
"Itäkeskus, Helsinki",G,no condition,2017,1977,Kalustettu soluhuone,Asiakkaankatu 6,1h,17.5,"3
                                   ",540,1,0,0,0,0,1,1,1,0,1
"Itäkeskus, Helsinki",G,no condition,2017,1977,Kalustettu soluhuone,Asiakkaankatu 6,1h,18,"1
                                   ",549,1,0,0,0,0,1,1,1,0,1
"Itäkeskus, Helsinki",G,no condition,2017,1977,Kalustettu soluhuone,Asiakkaankatu 6,1h,18,"5
                                   ",554,1,0,0,0,0,1,1,1,0,1
"Itäkeskus, Helsinki",G,no condition,2017,1977,Kaksio,Asiakkaankatu 6,2h+k,49.5,"4
                                   ",706,1,0,0,0,0,1,1,1,0,1
"Itäkeskus, Helsinki",G,no condition,2017,1977,Kaksio,Asiakkaankatu 6,2h+k,49.5,"5
                                   ",716,1,0,0,0,0,1,1,1,0,1
"Itäkeskus, Helsinki",G,no condition,2017,1977,Kaksio,Asiakkaankatu 6,1h+oh+k,50,"3
                                   ",717,1,0,0,0,0,1,1,1,0,1
"Itäkeskus, Helsinki",G,no condition,2017,1977,Kaksio,Asiakkaankatu 6,1h+oh+k,50,"6
                                   ",718,1,0,0,0,0,1,1,1,0,1
"Itäkeskus, Helsinki",G,no condition,2017,1977,Kaksio,Asiakkaankatu 6,1h+oh+k,50,"11
                                   ",727,1,0,0,0,0,1,1,1,0,1
"Itäkeskus, Helsinki",G,no condition,2017,1977,Kolmio,Asiakkaankatu 6,3h+kk,74,"2
                                   ",1020,1,0,0,0,0,1,1,1,0,1
"Itäkeskus, Helsinki",G,no condition,2017,1977,Kolmio,Asiakkaankatu 6,3h+kk,74.5,"1
                                   ",1024,1,0,0,0,0,1,1,1,0,1
"Kalasatama, Helsinki",B,no condition,-,2024,Yksiö,Vanha talvitie 23,1h+kt,24,"7
                                   ",684,5,0,1,1,1,1,1,1,0,1
"Kalasatama, Helsinki",B,no condition,-,2024,Yksiö,Vanha talvitie 23,1h+kt,24,"21
                                   ",695,5,0,1,1,1,1,1,1,0,1
"Kalasatama, Helsinki",B,no condition,-,2024,Yksiö,Vanha talvitie 23,1h+kt,24,"13
                                   ",705,5,0,1,1,1,1,1,1,0,1
"Kalasatama, Helsinki",B,no condition,-,2024,Yksiö,Vanha talvitie 23,1h+kt,24.5,"1
                                   ",686,5,0,1,1,1,1,1,1,0,1
"Kalasatama, Helsinki",B,no condition,-,2024,Yksiö,Vanha talvitie 23,1h+kt,24.5,"8
                                   ",697,5,0,1,1,1,1,1,1,0,1
"Kalasatama, Helsinki",B,no condition,-,2024,Yksiö,Vanha talvitie 23,1h+kt,24.5,"8
                                   ",707,5,0,1,1,1,1,1,1,0,1
"Kalasatama, Helsinki",B,no condition,-,2024,Yksiö,Vanha talvitie 23,1h+kt,24.5,"15
                                   ",709,5,0,1,1,1,1,1,1,0,1
"Kalasatama, Helsinki",B,no condition,-,2024,Yksiö,Vanha talvitie 23,1h+kt,24.5,"8
                                   ",719,5,0,1,1,1,1,1,1,0,1
"Kalasatama, Helsinki",B,no condition,-,2024,Yksiö,Vanha talvitie 23,1h+kt,28,"1
                                   ",725,5,0,1,1,1,1,1,1,0,1
"Kalasatama, Helsinki",B,no condition,-,2024,Yksiö,Vanha talvitie 23,1h+kt,28,"3
                                   ",736,5,0,1,1,1,1,1,1,0,1
"Kalasatama, Helsinki",B,no condition,-,2024,Yksiö,Vanha talvitie 23,1h+kt,28,"2
                                   ",746,5,0,1,1,1,1,1,1,0,1
"Kalasatama, Helsinki",B,no condition,-,2024,Yksiö,Vanha talvitie 23,1h+kt,28.5,"3
                                   ",746,5,0,1,1,1,1,1,1,0,1
"Kalasatama, Helsinki",B,no condition,-,2024,Yksiö,Vanha talvitie 23,1h+kt,28.5,"2
                                   ",756,5,0,1,1,1,1,1,1,0,1
"Kalasatama, Helsinki",B,no condition,-,2024,Yksiö,Vanha talvitie 23,1h+kt,33.5,"1
                                   ",859,5,0,1,1,1,1,1,1,0,1
"Kalasatama, Helsinki",B,no condition,-,2024,Yksiö,Vanha talvitie 23,1h+kt,33.5,"3
                                   ",870,5,0,1,1,1,1,1,1,0,1
"Kalasatama, Helsinki",B,no condition,-,2024,Kaksio,Vanha talvitie 23,2h+kt,33.5,"2
                                   ",868,5,0,1,1,1,1,1,1,0,1
"Kalasatama, Helsinki",B,no condition,-,2024,Kaksio,Vanha talvitie 23,2h+kt,49.5,"1
                                   ",1029,5,0,1,1,1,1,1,1,0,1
"Kalasatama, Helsinki",B,no condition,-,2024,Kaksio,Vanha talvitie 23,2h+kt,49.5,"3
                                   ",1039,5,0,1,1,1,1,1,1,0,1
"Kalasatama, Helsinki",B,no condition,-,2024,Kaksio,Vanha talvitie 23,2h+kt,49.5,"1
                                   ",1049,5,0,1,1,1,1,1,1,0,1
"Kalasatama, Helsinki",B,no condition,-,2024,Kolmio,Vanha talvitie 23,3h+kk,61.5,"1
                                   ",1192,5,0,1,1,1,1,1,1,0,1
"Kalasatama, Helsinki",B,no condition,-,2024,Kolmio,Vanha talvitie 23,3h+kk,61.5,"1
                                   ",1202,5,0,1,1,1,1,1,1,0,1
"Kalasatama, Helsinki",B,no condition,-,2024,Kolmio,Vanha talvitie 23,3h+kk,61.5,"2
                                   ",1203,5,0,1,1,1,1,1,1,0,1
"Kalasatama, Helsinki",B,no condition,-,2024,Kolmio,Vanha talvitie 23,3h+kk,61.5,"1
                                   ",1213,5,0,1,1,1,1,1,1,0,1
"Kalasatama, Helsinki",-,no condition,-,2024,Yksiö,Hermannin rantatie 23,1h+kt,22.5,"1
                                   ",648,5,0,1,1,1,1,1,1,0,1
"Kalasatama, Helsinki",-,no condition,-,2024,Yksiö,Hermannin rantatie 23,1h+kt,22.5,"2
                                   ",658,5,0,1,1,1,1,1,1,0,1
"Kalasatama, Helsinki",-,no condition,-,2024,Yksiö,Hermannin rantatie 23,1h+kt,22.5,"3
                                   ",668,5,0,1,1,1,1,1,1,0,1
"Kalasatama, Helsinki",-,no condition,-,2024,Yksiö,Hermannin rantatie 23,1h+kt,23.5,"3
                                   ",674,5,0,1,1,1,1,1,1,0,1
"Kalasatama, Helsinki",-,no condition,-,2024,Yksiö,Hermannin rantatie 23,1h+kt,23.5,"3
                                   ",684,5,0,1,1,1,1,1,1,0,1
"Kalasatama, Helsinki",-,no condition,-,2024,Yksiö,Hermannin rantatie 23,1h+kt,23.5,"3
                                   ",686,5,0,1,1,1,1,1,1,0,1
"Kalasatama, Helsinki",-,no condition,-,2024,Yksiö,Hermannin rantatie 23,1h+kt,23.5,"9
                                   ",696,5,0,1,1,1,1,1,1,0,1
"Kalasatama, Helsinki",-,no condition,-,2024,Yksiö,Hermannin rantatie 23,1h+kt,24,"1
                                   ",684,5,0,1,1,1,1,1,1,0,1
"Kalasatama, Helsinki",-,no condition,-,2024,Yksiö,Hermannin rantatie 23,1h+kt,24,"2
                                   ",694,5,0,1,1,1,1,1,1,0,1
"Kalasatama, Helsinki",-,no condition,-,2024,Yksiö,Hermannin rantatie 23,1h+kt,24,"3
                                   ",705,5,0,1,1,1,1,1,1,0,1
"Kalasatama, Helsinki",-,no condition,-,2024,Yksiö,Hermannin rantatie 23,1h+kt,24.5,"9
                                   ",697,5,0,1,1,1,1,1,1,0,1
"Kalasatama, Helsinki",-,no condition,-,2024,Yksiö,Hermannin rantatie 23,1h+kt,24.5,"9
                                   ",707,5,0,1,1,1,1,1,1,0,1
"Kalasatama, Helsinki",-,no condition,-,2024,Yksiö,Hermannin rantatie 23,1h+kt,24.5,"9
                                   ",709,5,0,1,1,1,1,1,1,0,1
"Kalasatama, Helsinki",-,no condition,-,2024,Yksiö,Hermannin rantatie 23,1h+kt,24.5,"8
                                   ",718,5,0,1,1,1,1,1,1,0,1
"Kalasatama, Helsinki",-,no condition,-,2024,Yksiö,Hermannin rantatie 23,1h+kt,24.5,"18
                                   ",719,5,0,1,1,1,1,1,1,0,1
"Kalasatama, Helsinki",-,no condition,-,2024,Yksiö,Hermannin rantatie 23,1h+kt,31,"1
                                   ",795,5,0,1,1,1,1,1,1,0,1
"Kalasatama, Helsinki",-,no condition,-,2024,Yksiö,Hermannin rantatie 23,1h+kt,31,"2
                                   ",805,5,0,1,1,1,1,1,1,0,1
"Kalasatama, Helsinki",-,no condition,-,2024,Yksiö,Hermannin rantatie 23,1h+kt,31,"2
                                   ",815,5,0,1,1,1,1,1,1,0,1
"Kalasatama, Helsinki",-,no condition,-,2024,Kaksio,Hermannin rantatie 23,2h+kt,29,"1
                                   ",769,5,0,1,1,1,1,1,1,0,1
"Kalasatama, Helsinki",-,no condition,-,2024,Kaksio,Hermannin rantatie 23,2h+kt,33,"1
                                   ",858,5,0,1,1,1,1,1,1,0,1
"Kalasatama, Helsinki",-,no condition,-,2024,Kaksio,Hermannin rantatie 23,2h+kt,33.5,"1
                                   ",881,5,0,1,1,1,1,1,1,0,1
"Kalasatama, Helsinki",-,no condition,-,2024,Kaksio,Hermannin rantatie 23,2h+kt,34.5,"1
                                   ",886,5,0,1,1,1,1,1,1,0,1
"Kalasatama, Helsinki",-,no condition,-,2024,Kaksio,Hermannin rantatie 23,2h+kt,37,"1
                                   ",921,5,0,1,1,1,1,1,1,0,1
"Kalasatama, Helsinki",-,no condition,-,2024,Kaksio,Hermannin rantatie 23,2h+kt,39,"1
                                   ",942,5,0,1,1,1,1,1,1,0,1
"Kalasatama, Helsinki",-,no condition,-,2024,Kaksio,Hermannin rantatie 23,2h+kt,40,"2
                                   ",941,5,0,1,1,1,1,1,1,0,1
"Kalasatama, Helsinki",-,no condition,-,2024,Kaksio,Hermannin rantatie 23,2h+kt,40,"2
                                   ",951,5,0,1,1,1,1,1,1,0,1
"Kalasatama, Helsinki",-,no condition,-,2024,Kaksio,Hermannin rantatie 23,2h+kt,41.5,"2
                                   ",966,5,0,1,1,1,1,1,1,0,1
"Kalasatama, Helsinki",-,no condition,-,2024,Kaksio,Hermannin rantatie 23,2h+kt,46,"2
                                   ",1003,5,0,1,1,1,1,1,1,0,1
"Kalasatama, Helsinki",-,no condition,-,2024,Kaksio,Hermannin rantatie 23,2h+kt,46,"2
                                   ",1013,5,0,1,1,1,1,1,1,0,1
"Kalasatama, Helsinki",-,no condition,-,2024,Kaksio,Hermannin rantatie 23,2h+kt,46,"1
                                   ",992,5,0,1,1,1,1,1,1,0,1
"Kalasatama, Helsinki",-,no condition,-,2024,Kaksio,Hermannin rantatie 23,2h+kt,50,"1
                                   ",1034,5,0,1,1,1,1,1,1,0,1
"Kalasatama, Helsinki",-,no condition,-,2024,Kaksio,Hermannin rantatie 23,2h+kt,50,"1
                                   ",1044,5,0,1,1,1,1,1,1,0,1
"Kalasatama, Helsinki",-,no condition,-,2024,Kaksio,Hermannin rantatie 23,2h+kt,50,"1
                                   ",1045,5,0,1,1,1,1,1,1,0,1
"Kalasatama, Helsinki",-,no condition,-,2024,Kaksio,Hermannin rantatie 23,2h+kt,50,"1
                                   ",1054,5,0,1,1,1,1,1,1,0,1
"Kalasatama, Helsinki",-,no condition,-,2024,Kaksio,Hermannin rantatie 23,2h+kt,50,"1
                                   ",1055,5,0,1,1,1,1,1,1,0,1
"Kalasatama, Helsinki",-,no condition,-,2024,Kolmio,Hermannin rantatie 23,3h+kk,45,"1
                                   ",1008,5,0,1,1,1,1,1,1,0,1
"Kalasatama, Helsinki",-,no condition,-,2024,Kolmio,Hermannin rantatie 23,3h+kk,45,"1
                                   ",1018,5,0,1,1,1,1,1,1,0,1
"Kalasatama, Helsinki",-,no condition,-,2024,Kolmio,Hermannin rantatie 23,3h+kk,45,"1
                                   ",1019,5,0,1,1,1,1,1,1,0,1
"Kalasatama, Helsinki",-,no condition,-,2024,Kolmio,Hermannin rantatie 23,3h+kk,52.5,"1
                                   ",1074,5,0,1,1,1,1,1,1,0,1
"Kalasatama, Helsinki",-,no condition,-,2024,Kolmio,Hermannin rantatie 23,3h+kk,52.5,"2
                                   ",1084,5,0,1,1,1,1,1,1,0,1
"Kalasatama, Helsinki",-,no condition,-,2024,Kolmio,Hermannin rantatie 23,3h+kk,57.5,"2
                                   ",1130,5,0,1,1,1,1,1,1,0,1
"Kalasatama, Helsinki",-,no condition,-,2024,Kolmio,Hermannin rantatie 23,3h+kk,57.5,"2
                                   ",1140,5,0,1,1,1,1,1,1,0,1
"Kalasatama, Helsinki",C,no condition,-,2012,Soluhuone,Arielinkatu 2,1h,11,"6
                                   ",461,4,0,0,1,0,1,1,1,0,1
"Kalasatama, Helsinki",C,no condition,-,2012,Soluhuone,Arielinkatu 2,1h,11,"16
                                   ",466,4,0,0,1,0,1,1,1,0,1
"Kalasatama, Helsinki",C,no condition,-,2012,Soluhuone,Arielinkatu 2,1h,12,"7
                                   ",424,4,0,0,1,0,1,1,1,0,1
"Kalasatama, Helsinki",C,no condition,-,2012,Soluhuone,Arielinkatu 2,1h,12.5,"9
                                   ",433,4,0,0,1,0,1,1,1,0,1
"Kalasatama, Helsinki",C,no condition,-,2012,Soluhuone,Arielinkatu 2,1h,13,"21
                                   ",449,4,0,0,1,0,1,1,1,0,1
"Kalasatama, Helsinki",C,no condition,-,2012,Soluhuone,Arielinkatu 2,1h,13.5,"4
                                   ",451,4,0,0,1,0,1,1,1,0,1
"Kalasatama, Helsinki",C,no condition,-,2012,Soluhuone,Arielinkatu 2,1h,14,"2
                                   ",477,4,0,0,1,0,1,1,1,0,1
"Kalasatama, Helsinki",C,no condition,-,2012,Soluhuone,Arielinkatu 2,1h,14.5,"3
                                   ",472,4,0,0,1,0,1,1,1,0,1
"Kalasatama, Helsinki",C,no condition,-,2012,Soluhuone,Arielinkatu 2,1h,15,"2
                                   ",480,4,0,0,1,0,1,1,1,0,1
"Kalasatama, Helsinki",C,no condition,-,2012,Yksiö,Arielinkatu 2,1h+kt,21,"3
                                   ",513,4,0,0,1,0,1,1,1,0,1
"Kalasatama, Helsinki",C,no condition,-,2012,Yksiö,Arielinkatu 2,1h+kt,25.5,"4
                                   ",635,4,0,0,1,0,1,1,1,0,1
"Kalasatama, Helsinki",C,no condition,-,2012,Yksiö,Arielinkatu 2,1h+kt,26,"1
                                   ",635,4,0,0,1,0,1,1,1,0,1
"Kalasatama, Helsinki",C,no condition,-,2012,Yksiö,Arielinkatu 2,1h+kt,27.5,"9
                                   ",658,4,0,0,1,0,1,1,1,0,1
"Kalasatama, Helsinki",C,no condition,-,2012,Yksiö,Arielinkatu 2,1h+kt,28.5,"38
                                   ",665,4,0,0,1,0,1,1,1,0,1
"Kalasatama, Helsinki",C,no condition,-,2012,Yksiö,Arielinkatu 2,1h+kt,29,"3
                                   ",665,4,0,0,1,0,1,1,1,0,1
"Kalasatama, Helsinki",C,no condition,-,2012,Yksiö,Arielinkatu 2,1h+kt,29.5,"3
                                   ",670,4,0,0,1,0,1,1,1,0,1
"Kalasatama, Helsinki",C,no condition,-,2012,Yksiö,Arielinkatu 2,1h+kt,32,"2
                                   ",686,4,0,0,1,0,1,1,1,0,1
"Kalasatama, Helsinki",C,no condition,-,2012,Yksiö,Arielinkatu 2,1h+kt,32,"1
                                   ",687,4,0,0,1,0,1,1,1,0,1
"Kalasatama, Helsinki",C,no condition,-,2012,Yksiö,Arielinkatu 2,1h+kt,33,"1
                                   ",704,4,0,0,1,0,1,1,1,0,1
"Kalasatama, Helsinki",C,no condition,-,2012,Yksiö,Arielinkatu 2,1h+kt,33.5,"5
                                   ",712,4,0,0,1,0,1,1,1,0,1
"Kalasatama, Helsinki",C,no condition,-,2012,Yksiö,Arielinkatu 2,1h+kt,39.5,"3
                                   ",844,4,0,0,1,0,1,1,1,0,1
"Kalasatama, Helsinki",C,no condition,-,2012,Kaksio,Arielinkatu 2,1h+tpk,35,"3
                                   ",720,4,0,0,1,0,1,1,1,0,1
"Kalasatama, Helsinki",C,no condition,-,2012,Kaksio,Arielinkatu 2,1h+tpk,36,"2
                                   ",728,4,0,0,1,0,1,1,1,0,1
"Kalasatama, Helsinki",C,no condition,-,2012,Kaksio,Arielinkatu 2,1h+tpk,37,"1
                                   ",736,4,0,0,1,0,1,1,1,0,1
"Kalasatama, Helsinki",C,no condition,-,2012,Kaksio,Arielinkatu 2,1h+tpk,38.5,"2
                                   ",800,4,0,0,1,0,1,1,1,0,1
"Kalasatama, Helsinki",C,no condition,-,2012,Kaksio,Arielinkatu 2,1h+tpk,39.5,"8
                                   ",812,4,0,0,1,0,1,1,1,0,1
"Kalasatama, Helsinki",C,no condition,-,2012,Kaksio,Arielinkatu 2,1h+tpk,40,"5
                                   ",818,4,0,0,1,0,1,1,1,0,1
"Kalasatama, Helsinki",C,no condition,-,2012,Kaksio,Arielinkatu 2,1h+tpk,41,"4
                                   ",833,4,0,0,1,0,1,1,1,0,1
"Kalasatama, Helsinki",C,no condition,-,2012,Kaksio,Arielinkatu 2,1h+tpk,41.5,"3
                                   ",840,4,0,0,1,0,1,1,1,0,1
"Kalasatama, Helsinki",C,no condition,-,2012,Kaksio,Arielinkatu 2,2h+kt,46,"1
                                   ",912,4,0,0,1,0,1,1,1,0,1
"Kalasatama, Helsinki",C,no condition,-,2012,Kaksio,Arielinkatu 2,2h+kt,46.5,"2
                                   ",923,4,0,0,1,0,1,1,1,0,1
"Kalasatama, Helsinki",C,no condition,-,2012,Kaksio,Arielinkatu 2,2h+kt,47,"5
                                   ",923,4,0,0,1,0,1,1,1,0,1
"Kalasatama, Helsinki",C,no condition,-,2012,Kaksio,Arielinkatu 2,1h+tpk,47.5,"6
                                   ",929,4,0,0,1,0,1,1,1,0,1
"Kalasatama, Helsinki",C,no condition,-,2012,Kaksio,Arielinkatu 2,2h+kt,49,"3
                                   ",956,4,0,0,1,0,1,1,1,0,1
"Kalasatama, Helsinki",C,no condition,-,2012,Kaksio,Arielinkatu 2,2h+kt,54.5,"1
                                   ",991,4,0,0,1,0,1,1,1,0,1
"Kalasatama, Helsinki",B,no condition,-,2022,Yksiö,Työpajankatu 4,1h+kt,23,"3
                                   ",683,no rating,0,1,1,1,1,1,1,0,1
"Kalasatama, Helsinki",B,no condition,-,2022,Yksiö,Työpajankatu 4,1h+kt,23,"1
                                   ",695,no rating,0,1,1,1,1,1,1,0,1
"Kalasatama, Helsinki",B,no condition,-,2022,Yksiö,Työpajankatu 4,1h+alk+kt,23.5,"1
                                   ",687,no rating,0,1,1,1,1,1,1,0,1
"Kalasatama, Helsinki",B,no condition,-,2022,Yksiö,Työpajankatu 4,1h+kt,23.5,"3
                                   ",698,no rating,0,1,1,1,1,1,1,0,1
"Kalasatama, Helsinki",B,no condition,-,2022,Yksiö,Työpajankatu 4,1h+kt,23.5,"1
                                   ",708,no rating,0,1,1,1,1,1,1,0,1
"Kalasatama, Helsinki",B,no condition,-,2022,Yksiö,Työpajankatu 4,1h+kt,24,"15
                                   ",701,no rating,0,1,1,1,1,1,1,0,1
"Kalasatama, Helsinki",B,no condition,-,2022,Yksiö,Työpajankatu 4,1h+kt,24,"10
                                   ",712,no rating,0,1,1,1,1,1,1,0,1
"Kalasatama, Helsinki",B,no condition,-,2022,Yksiö,Työpajankatu 4,1h+kt,26.5,"1
                                   ",729,no rating,0,1,1,1,1,1,1,0,1
"Kalasatama, Helsinki",B,no condition,-,2022,Yksiö,Työpajankatu 4,1h+kt,26.5,"3
                                   ",739,no rating,0,1,1,1,1,1,1,0,1
"Kalasatama, Helsinki",B,no condition,-,2022,Yksiö,Työpajankatu 4,1h+kt,26.5,"2
                                   ",750,no rating,0,1,1,1,1,1,1,0,1
"Kalasatama, Helsinki",B,no condition,-,2022,Yksiö,Työpajankatu 4,1h+kt,27,"3
                                   ",742,no rating,0,1,1,1,1,1,1,0,1
"Kalasatama, Helsinki",B,no condition,-,2022,Yksiö,Työpajankatu 4,1h+kt,27,"1
                                   ",753,no rating,0,1,1,1,1,1,1,0,1
"Kalasatama, Helsinki",B,no condition,-,2022,Yksiö,Työpajankatu 4,1h+alk+kt,29,"1
                                   ",762,no rating,0,1,1,1,1,1,1,0,1
"Kalasatama, Helsinki",B,no condition,-,2022,Kaksio,Työpajankatu 4,2h+kt,40,"3
                                   ",956,no rating,0,1,1,1,1,1,1,0,1
"Kalasatama, Helsinki",B,no condition,-,2022,Kaksio,Työpajankatu 4,2h+kt,40,"6
                                   ",967,no rating,0,1,1,1,1,1,1,0,1
"Kalasatama, Helsinki",B,no condition,-,2022,Kaksio,Työpajankatu 4,2h+kt,40,"1
                                   ",978,no rating,0,1,1,1,1,1,1,0,1
"Haaga, Helsinki",F,no condition,2019,1979,Soluhuone,Hopeatie 10,1h,12,"53
                                   ",310,5,0,0,1,0,1,1,1,0,1
"Haaga, Helsinki",F,no condition,2019,1979,Soluhuone,Hopeatie 10,1h,12,"9
                                   ",325,5,0,0,1,0,1,1,1,0,1
"Haaga, Helsinki",F,no condition,2019,1979,Soluhuone,Hopeatie 10,1h,12.5,"10
                                   ",314,5,0,0,1,0,1,1,1,0,1
"Haaga, Helsinki",F,no condition,2019,1979,Soluhuone,Hopeatie 10,1h,14.5,"9
                                   ",363,5,0,0,1,0,1,1,1,0,1
"Haaga, Helsinki",F,no condition,2019,1979,Yksiö,Hopeatie 10,1h+k,17,"1
                                   ",397,5,0,0,1,0,1,1,1,0,1
"Haaga, Helsinki",F,no condition,2019,1979,Yksiö,Hopeatie 10,1h+k,17,"11
                                   ",407,5,0,0,1,0,1,1,1,0,1
"Haaga, Helsinki",F,no condition,2019,1979,Yksiö,Hopeatie 10,1h+kt,22.5,"1
                                   ",499,5,0,0,1,0,1,1,1,0,1
"Haaga, Helsinki",F,no condition,2019,1979,Yksiö,Hopeatie 10,1h+kt,24,"21
                                   ",531,5,0,0,1,0,1,1,1,0,1
"Haaga, Helsinki",F,no condition,2019,1979,Yksiö,Hopeatie 10,1h+kt,26.5,"1
                                   ",554,5,0,0,1,0,1,1,1,0,1
"Haaga, Helsinki",F,no condition,2019,1979,Kalustettu soluhuone,Hopeatie 10,1h,12,"3
                                   ",470,5,0,0,1,0,1,1,1,0,1
"Haaga, Helsinki",F,no condition,2019,1979,Kalustettu soluhuone,Hopeatie 10,1h,12,"1
                                   ",490,5,0,0,1,0,1,1,1,0,1
"Haaga, Helsinki",F,no condition,2019,1979,Kalustettu soluhuone,Hopeatie 10,1h,14.5,"1
                                   ",541,5,0,0,1,0,1,1,1,0,1
"Haaga, Helsinki",F,no condition,2019,1979,Kalustettu yksiö,Hopeatie 10,1h+k,17,"1
                                   ",586,5,0,0,1,0,1,1,1,0,1
"Haaga, Helsinki",F,no condition,2019,1979,Kalustettu yksiö,Hopeatie 10,1h+k,17,"7
                                   ",600,5,0,0,1,0,1,1,1,0,1
"Haaga, Helsinki",F,no condition,2019,1979,Kaksio,Hopeatie 10,2h+kt,44.5,"1
                                   ",682,5,0,0,1,0,1,1,1,0,1
"Haaga, Helsinki",F,no condition,2019,1979,Kolmio,Hopeatie 10,2h+oh+k,60.5,"4
                                   ",907,5,0,0,1,0,1,1,1,0,1
"Haaga, Helsinki",F,no condition,2019,1979,Kolmio,Hopeatie 10,2h+oh+k,61.5,"1
                                   ",896,5,0,0,1,0,1,1,1,0,1
"Haaga, Helsinki",F,no condition,2019,1979,Kolmio,Hopeatie 10,2h+oh+k,61.5,"4
                                   ",907,5,0,0,1,0,1,1,1,0,1
"Haaga, Helsinki",G,no condition,2016,1977,Soluhuone,Pronssitie 4,1h,12.5,"1
                                   ",305,2,0,0,1,0,1,1,1,0,1
"Haaga, Helsinki",G,no condition,2016,1977,Soluhuone,Pronssitie 4,1h,12.7,"3
                                   ",379,2,0,0,1,0,1,1,1,0,1
"Haaga, Helsinki",G,no condition,2016,1977,Soluhuone,Pronssitie 4,1h,12.7,"3
                                   ",381,2,0,0,1,0,1,1,1,0,1
"Haaga, Helsinki",G,no condition,2016,1977,Soluhuone,Pronssitie 4,1h,12.8,"1
                                   ",317,2,0,0,1,0,1,1,1,0,1
"Haaga, Helsinki",G,no condition,2016,1977,Kaksio,Pronssitie 4,2h+kk,39,"25
                                   ",632,2,0,0,1,0,1,1,1,0,1
"Haaga, Helsinki",G,no condition,2016,1977,Kaksio,Pronssitie 4,2h+k,54.5,"1
                                   ",796,2,0,0,1,0,1,1,1,0,1
"Haaga, Helsinki",G,no condition,2016,1977,Kaksio,Pronssitie 4,2h+k,57,"1
                                   ",813,2,0,0,1,0,1,1,1,0,1
"Haaga, Helsinki",G,no condition,2016,1977,Kolmio,Pronssitie 4,3h+k,81,"1
                                   ",1092,2,0,0,1,0,1,1,1,0,1
"Haaga, Helsinki",G,no condition,2016,1977,Kolmio,Pronssitie 4,3h+kt,81,"1
                                   ",1091,2,0,0,1,0,1,1,1,0,1
"Haaga, Helsinki",G,no condition,2016,1977,Kolmio,Pronssitie 4,3h+kt,81,"3
                                   ",1092,2,0,0,1,0,1,1,1,0,1
"Haaga, Helsinki",G,no condition,2016,1977,Kolmio,Pronssitie 4,3h+k,83.5,"1
                                   ",1091,2,0,0,1,0,1,1,1,0,1
"Haaga, Helsinki",G,no condition,2016,1977,Kolmio,Pronssitie 4,3h+k,83.5,"1
                                   ",1092,2,0,0,1,0,1,1,1,0,1
"Haaga, Helsinki",G,no condition,2016,1977,Kolmio,Pronssitie 4,3h+k,83.5,"1
                                   ",1093,2,0,0,1,0,1,1,1,0,1
"Haaga, Helsinki",G,no condition,2016,1977,Kolmio,Pronssitie 4,3h+kt,83.5,"1
                                   ",1091,2,0,0,1,0,1,1,1,0,1
"Haaga, Helsinki",G,no condition,2016,1977,Kolmio,Pronssitie 4,3h+kt,83.5,"1
                                   ",1092,2,0,0,1,0,1,1,1,0,1
"Haaga, Helsinki",F,no condition,2010,1969,Soluhuone,Kylänevantie 16,1h,12,"4
                                   ",292,5,0,0,1,0,1,1,1,0,1
"Haaga, Helsinki",F,no condition,2010,1969,Soluhuone,Kylänevantie 16,1h,13.5,"4
                                   ",317,5,0,0,1,0,1,1,1,0,1
"Haaga, Helsinki",F,no condition,2010,1969,Soluhuone,Kylänevantie 16,1h,18.5,"4
                                   ",378,5,0,0,1,0,1,1,1,0,1
"Haaga, Helsinki",F,no condition,2010,1969,Kaksio,Kylänevantie 16,1h+tpk,32.5,"2
                                   ",555,5,0,0,1,0,1,1,1,0,1
"Haaga, Helsinki",F,no condition,2010,1969,Kaksio,Kylänevantie 16,1h+tpk,33,"6
                                   ",563,5,0,0,1,0,1,1,1,0,1
"Haaga, Helsinki",F,no condition,2010,1969,Kaksio,Kylänevantie 16,1h+tpk,36.5,"60
                                   ",596,5,0,0,1,0,1,1,1,0,1
"Haaga, Helsinki",F,no condition,2010,1969,Kaksio,Kylänevantie 16,1h+tpk,37,"2
                                   ",583,5,0,0,1,0,1,1,1,0,1
"Haaga, Helsinki",F,no condition,2010,1969,Kaksio,Kylänevantie 16,1h+tpk,37,"5
                                   ",619,5,0,0,1,0,1,1,1,0,1
"Haaga, Helsinki",F,no condition,2010,1969,Kaksio,Kylänevantie 16,1h+tpk,38,"2
                                   ",597,5,0,0,1,0,1,1,1,0,1
"Haaga, Helsinki",F,no condition,2010,1969,Kaksio,Kylänevantie 16,1h+tpk,38,"5
                                   ",602,5,0,0,1,0,1,1,1,0,1
"Haaga, Helsinki",F,no condition,2010,1969,Kaksio,Kylänevantie 16,1h+tpk,38,"8
                                   ",633,5,0,0,1,0,1,1,1,0,1
"Haaga, Helsinki",F,no condition,2010,1969,Kaksio,Kylänevantie 16,1h+tpk,38.5,"1
                                   ",605,5,0,0,1,0,1,1,1,0,1
"Haaga, Helsinki",F,no condition,2010,1969,Yksiö,Kylänevantie 16,1h+k,36.5,"18
                                   ",596,5,0,0,1,0,1,1,1,0,1
"Haaga, Helsinki",F,no condition,2010,1969,Yksiö,Kylänevantie 16,1h+k,37,"6
                                   ",583,5,0,0,1,0,1,1,1,0,1
"Haaga, Helsinki",F,no condition,2010,1969,Yksiö,Kylänevantie 16,1h+k,37,"12
                                   ",619,5,0,0,1,0,1,1,1,0,1
"Haaga, Helsinki",F,no condition,2010,1969,Kolmio,Kylänevantie 16,2h+oh+k,73.5,"1
                                   ",969,5,0,0,1,0,1,1,1,0,1
"Haaga, Helsinki",F,no condition,2010,1969,Kolmio,Kylänevantie 16,3h+k,73.5,"1
                                   ",984,5,0,0,1,0,1,1,1,0,1
"Hakuninmaa, Helsinki",E,no condition,2011,1986,Yksiö,Kimpitie 10,1h+kt,25,"8
                                   ",460,no rating,0,0,0,0,1,1,1,0,1
"Hakuninmaa, Helsinki",E,no condition,2011,1986,Kaksio,Kimpitie 10,1h+tpk,47.5,"8
                                   ",719,no rating,0,0,0,0,1,1,1,0,1
"Hakuninmaa, Helsinki",E,no condition,2011,1986,Kaksio,Kimpitie 10,1h+tpk,49.5,"1
                                   ",739,no rating,0,0,0,0,1,1,1,0,1
"Hakuninmaa, Helsinki",E,no condition,2011,1986,Kolmio,Kimpitie 10,2h+oh+k,64.5,"11
                                   ",893,no rating,0,0,0,0,1,1,1,0,1
"Hakuninmaa, Helsinki","D, C, G, F",no condition,2012,1988,Kaksio,Serkustentie 1,1h+tpk,47.5,"1
                                   ",699,no rating,0,0,0,0,1,1,1,0,1
"Hakuninmaa, Helsinki","D, C, G, F",no condition,2012,1988,Kaksio,Serkustentie 1,2h+k,47.5,"2
                                   ",697,no rating,0,0,0,0,1,1,1,0,1
"Hakuninmaa, Helsinki","D, C, G, F",no condition,2012,1988,Kaksio,Serkustentie 1,2h+k,47.5,"1
                                   ",699,no rating,0,0,0,0,1,1,1,0,1
"Hakuninmaa, Helsinki","D, C, G, F",no condition,2012,1988,Kaksio,Serkustentie 1,1h+tpk,48,"8
                                   ",704,no rating,0,0,0,0,1,1,1,0,1
"Hakuninmaa, Helsinki","D, C, G, F",no condition,2012,1988,Kaksio,Serkustentie 1,2h+k,48,"1
                                   ",704,no rating,0,0,0,0,1,1,1,0,1
"Hakuninmaa, Helsinki","D, C, G, F",no condition,2012,1988,Kaksio,Serkustentie 1,1h+tpk,48.5,"6
                                   ",709,no rating,0,0,0,0,1,1,1,0,1
"Hakuninmaa, Helsinki","D, C, G, F",no condition,2012,1988,Kaksio,Serkustentie 1,1h+tpk,49.5,"3
                                   ",719,no rating,0,0,0,0,1,1,1,0,1
"Hakuninmaa, Helsinki","D, C, G, F",no condition,2012,1988,Kaksio,Serkustentie 1,1h+tpk,50,"9
                                   ",726,no rating,0,0,0,0,1,1,1,0,1
"Hakuninmaa, Helsinki","D, C, G, F",no condition,2012,1988,Kaksio,Serkustentie 1,2h+k,50,"1
                                   ",726,no rating,0,0,0,0,1,1,1,0,1
"Hakuninmaa, Helsinki","D, C, G, F",no condition,2012,1988,Kaksio,Serkustentie 1,1h+tpk,51,"4
                                   ",741,no rating,0,0,0,0,1,1,1,0,1
"Hakuninmaa, Helsinki","D, C, G, F",no condition,2012,1988,Kolmio,Serkustentie 1,2h+tpk,58.5,"2
                                   ",802,no rating,0,0,0,0,1,1,1,0,1
"Hakuninmaa, Helsinki","D, C, G, F",no condition,2012,1988,Kolmio,Serkustentie 1,2h+tpk,59.5,"1
                                   ",814,no rating,0,0,0,0,1,1,1,0,1
"Hakuninmaa, Helsinki","D, C, G, F",no condition,2012,1988,Kolmio,Serkustentie 1,2h+tpk,60,"3
                                   ",821,no rating,0,0,0,0,1,1,1,0,1
"Hakuninmaa, Helsinki","D, C, G, F",no condition,2012,1988,Kolmio,Serkustentie 1,2h+tpk,60.5,"2
                                   ",828,no rating,0,0,0,0,1,1,1,0,1
"Hakuninmaa, Helsinki","D, C, G, F",no condition,2012,1988,Kolmio,Serkustentie 1,2h+tpk,61,"2
                                   ",833,no rating,0,0,0,0,1,1,1,0,1
"Hakuninmaa, Helsinki","D, C, G, F",no condition,2012,1988,Kolmio,Serkustentie 1,2h+oh+k,62,"1
                                   ",840,no rating,0,0,0,0,1,1,1,0,1
"Hakuninmaa, Helsinki","D, C, G, F",no condition,2012,1988,Kolmio,Serkustentie 1,3h+kt,62,"1
                                   ",848,no rating,0,0,0,0,1,1,1,0,1
"Hakuninmaa, Helsinki","D, C, G, F",no condition,2012,1988,Kolmio,Serkustentie 1,2h+tpk,62.5,"5
                                   ",852,no rating,0,0,0,0,1,1,1,0,1
"Hakuninmaa, Helsinki","D, C, G, F",no condition,2012,1988,Kolmio,Serkustentie 1,2h+tpk,62.5,"4
                                   ",854,no rating,0,0,0,0,1,1,1,0,1
"Hakuninmaa, Helsinki","D, C, G, F",no condition,2012,1988,Kolmio,Serkustentie 1,3h+k,62.5,"1
                                   ",852,no rating,0,0,0,0,1,1,1,0,1
"Hakuninmaa, Helsinki","D, C, G, F",no condition,2012,1988,Kolmio,Serkustentie 1,3h+kt,62.5,"3
                                   ",854,no rating,0,0,0,0,1,1,1,0,1
"Hakuninmaa, Helsinki","D, C, G, F",no condition,2012,1988,Kolmio,Serkustentie 1,3h+k,63.5,"2
                                   ",914,no rating,0,0,0,0,1,1,1,0,1
"Hakuninmaa, Helsinki","D, C, G, F",no condition,2012,1988,Kolmio,Serkustentie 1,3h+kt,63.5,"4
                                   ",914,no rating,0,0,0,0,1,1,1,0,1
"Hakuninmaa, Helsinki","D, C, G, F",no condition,2012,1988,Kolmio,Serkustentie 1,2h+tpk,65,"1
                                   ",919,no rating,0,0,0,0,1,1,1,0,1
"Hakuninmaa, Helsinki","D, C, G, F",no condition,2012,1988,Kolmio,Serkustentie 1,3h+k,65,"3
                                   ",919,no rating,0,0,0,0,1,1,1,0,1
"Hakuninmaa, Helsinki","D, C, G, F",no condition,2012,1988,Kolmio,Serkustentie 1,3h+k,65,"1
                                   ",921,no rating,0,0,0,0,1,1,1,0,1
"Hakuninmaa, Helsinki","D, C, G, F",no condition,2012,1988,Kolmio,Serkustentie 1,3h+kt,65,"1
                                   ",919,no rating,0,0,0,0,1,1,1,0,1
"Hakuninmaa, Helsinki","D, C, G, F",no condition,2012,1988,Kolmio,Serkustentie 1,3h+kt,65,"3
                                   ",921,no rating,0,0,0,0,1,1,1,0,1
"Pasila, Helsinki","D, F",no condition,2020,1981,Soluhuone,Pasilanraitio 6,1h,11,"2
                                   ",344,5,0,0,1,0,1,1,1,0,1
"Pasila, Helsinki","D, F",no condition,2020,1981,Soluhuone,Pasilanraitio 6,1h,11.5,"4
                                   ",311,5,0,0,1,0,1,1,1,0,1
"Pasila, Helsinki","D, F",no condition,2020,1981,Soluhuone,Pasilanraitio 6,1h,13,"4
                                   ",347,5,0,0,1,0,1,1,1,0,1
"Pasila, Helsinki","D, F",no condition,2020,1981,Soluhuone,Pasilanraitio 6,1h,13,"6
                                   ",351,5,0,0,1,0,1,1,1,0,1
"Pasila, Helsinki","D, F",no condition,2020,1981,Soluhuone,Pasilanraitio 6,1h,13.5,"10
                                   ",359,5,0,0,1,0,1,1,1,0,1
"Pasila, Helsinki","D, F",no condition,2020,1981,Soluhuone,Pasilanraitio 6,1h,13.5,"4
                                   ",364,5,0,0,1,0,1,1,1,0,1
"Pasila, Helsinki","D, F",no condition,2020,1981,Soluhuone,Pasilanraitio 6,1h,14,"6
                                   ",367,5,0,0,1,0,1,1,1,0,1
"Pasila, Helsinki","D, F",no condition,2020,1981,Soluhuone,Pasilanraitio 6,1h,14,"4
                                   ",372,5,0,0,1,0,1,1,1,0,1
"Pasila, Helsinki","D, F",no condition,2020,1981,Soluhuone,Pasilanraitio 6,1h,15,"4
                                   ",403,5,0,0,1,0,1,1,1,0,1
"Pasila, Helsinki","D, F",no condition,2020,1981,Soluhuone,Pasilanraitio 6,1h,16,"2
                                   ",428,5,0,0,1,0,1,1,1,0,1
"Pasila, Helsinki","D, F",no condition,2020,1981,Yksiö,Pasilanraitio 6,1h+k,20.5,"5
                                   ",499,5,0,0,1,0,1,1,1,0,1
"Pasila, Helsinki","D, F",no condition,2020,1981,Yksiö,Pasilanraitio 6,1h+k,21.5,"8
                                   ",509,5,0,0,1,0,1,1,1,0,1
"Pasila, Helsinki","D, F",no condition,2020,1981,Yksiö,Pasilanraitio 6,1h+k,21.5,"5
                                   ",521,5,0,0,1,0,1,1,1,0,1
"Pasila, Helsinki","D, F",no condition,2020,1981,Yksiö,Pasilanraitio 6,1h+k,23,"4
                                   ",527,5,0,0,1,0,1,1,1,0,1
"Pasila, Helsinki","D, F",no condition,2020,1981,Yksiö,Pasilanraitio 6,1h+k,23,"1
                                   ",528,5,0,0,1,0,1,1,1,0,1
"Pasila, Helsinki","D, F",no condition,2020,1981,Yksiö,Pasilanraitio 6,1h+k,23,"8
                                   ",539,5,0,0,1,0,1,1,1,0,1
"Pasila, Helsinki","D, F",no condition,2020,1981,Yksiö,Pasilanraitio 6,1h+k,24,"1
                                   ",546,5,0,0,1,0,1,1,1,0,1
"Pasila, Helsinki","D, F",no condition,2020,1981,Yksiö,Pasilanraitio 6,1h+k,24,"4
                                   ",558,5,0,0,1,0,1,1,1,0,1
"Pasila, Helsinki","D, F",no condition,2020,1981,Yksiö,Pasilanraitio 6,1h+kk,38,"2
                                   ",672,5,0,0,1,0,1,1,1,0,1
"Pasila, Helsinki","D, F",no condition,2020,1981,Kaksio,Pasilanraitio 6,2h+kk,46,"4
                                   ",761,5,0,0,1,0,1,1,1,0,1
"Pasila, Helsinki","D, F",no condition,2020,1981,Kaksio,Pasilanraitio 6,2h+kk,46,"4
                                   ",762,5,0,0,1,0,1,1,1,0,1
"Pasila, Helsinki","D, F",no condition,2020,1981,Kaksio,Pasilanraitio 6,2h+kk,46,"5
                                   ",772,5,0,0,1,0,1,1,1,0,1
"Pasila, Helsinki","D, F",no condition,2020,1981,Kaksio,Pasilanraitio 6,2h+kk,46.5,"3
                                   ",769,5,0,0,1,0,1,1,1,0,1
"Pasila, Helsinki","D, F",no condition,2020,1981,Kolmio,Pasilanraitio 6,2h+oh+k,65,"5
                                   ",1047,5,0,0,1,0,1,1,1,0,1
"Pasila, Helsinki","D, F",no condition,2020,1981,Kolmio,Pasilanraitio 6,2h+oh+k,65.5,"3
                                   ",1053,5,0,0,1,0,1,1,1,0,1
"Pasila, Helsinki","D, F",no condition,2020,1981,Kolmio,Pasilanraitio 6,2h+oh+k,65.5,"9
                                   ",1054,5,0,0,1,0,1,1,1,0,1
"Pasila, Helsinki","D, F",no condition,2020,1981,Kolmio,Pasilanraitio 6,2h+oh+k,65.5,"2
                                   ",1055,5,0,0,1,0,1,1,1,0,1
"Pasila, Helsinki",E,no condition,2005,1977,Soluhuone,Opastinsilta 2,1h,10.8,"6
                                   ",412,2,0,0,1,0,1,1,1,0,1
"Pasila, Helsinki",E,no condition,2005,1977,Soluhuone,Opastinsilta 2,1h,13.9,"2
                                   ",354,2,0,0,1,0,1,1,1,0,1
"Pasila, Helsinki",E,no condition,2005,1977,Soluhuone,Opastinsilta 2,1h,14.6,"2
                                   ",362,2,0,0,1,0,1,1,1,0,1
"Pasila, Helsinki",E,no condition,2005,1977,Soluhuone,Opastinsilta 2,1h,14.8,"4
                                   ",364,2,0,0,1,0,1,1,1,0,1
"Pasila, Helsinki",E,no condition,2005,1977,Soluhuone,Opastinsilta 2,1h,14.9,"12
                                   ",367,2,0,0,1,0,1,1,1,0,1
"Pasila, Helsinki",E,no condition,2005,1977,Soluhuone,Opastinsilta 2,1h,15,"72
                                   ",367,2,0,0,1,0,1,1,1,0,1
"Pasila, Helsinki",E,no condition,2005,1977,Soluhuone,Opastinsilta 2,1h,15,"2
                                   ",368,2,0,0,1,0,1,1,1,0,1
"Pasila, Helsinki",E,no condition,2005,1977,Kaksio,Opastinsilta 2,2h+kk,40.5,"4
                                   ",725,2,0,0,1,0,1,1,1,0,1
"Pasila, Helsinki",E,no condition,2005,1977,Kaksio,Opastinsilta 2,2h+kk,41,"9
                                   ",734,2,0,0,1,0,1,1,1,0,1
"Pasila, Helsinki",E,no condition,2005,1977,Kaksio,Opastinsilta 2,2h+kk,41,"3
                                   ",735,2,0,0,1,0,1,1,1,0,1
"Pasila, Helsinki",E,no condition,2005,1977,Kaksio,Opastinsilta 2,1h+oh+k,49,"13
                                   ",879,2,0,0,1,0,1,1,1,0,1
"Pasila, Helsinki",E,no condition,2005,1977,Kolmio,Opastinsilta 2,2h+tpk,46,"9
                                   ",818,2,0,0,1,0,1,1,1,0,1
"Pasila, Helsinki",E,no condition,2005,1977,Kolmio,Opastinsilta 2,3h+kt,46,"1
                                   ",821,2,0,0,1,0,1,1,1,0,1
"Pasila, Helsinki",G,no condition,2015,1974,Yksiö,Junailijankuja 5,1h+kt,30,"2
                                   ",463,2,0,0,1,0,1,1,1,0,1
"Pasila, Helsinki",G,no condition,2015,1974,Kalustettu soluhuone,Junailijankuja 5,1h,10,"170
                                   ",477,2,0,0,1,0,1,1,1,0,1
"Pasila, Helsinki",G,no condition,2015,1974,Kalustettu soluhuone,Junailijankuja 5,1h,10.5,"70
                                   ",477,2,0,0,1,0,1,1,1,0,1
"Pasila, Helsinki",G,no condition,2015,1974,Kalustettu yksiö,Junailijankuja 5,1h+kt,30,"30
                                   ",673,2,0,0,1,0,1,1,1,0,1
"Pasila, Helsinki",-,no condition,-,2025,Yksiö,Höyrykatu 1,1h+kt,20.5,"1
                                   ",620,no rating,0,1,1,1,1,1,1,0,1
"Pasila, Helsinki",-,no condition,-,2025,Yksiö,Höyrykatu 1,1h+kt,20.5,"3
                                   ",630,no rating,0,1,1,1,1,1,1,0,1
"Pasila, Helsinki",-,no condition,-,2025,Yksiö,Höyrykatu 1,1h+kt,21,"3
                                   ",630,no rating,0,1,1,1,1,1,1,0,1
"Pasila, Helsinki",-,no condition,-,2025,Yksiö,Höyrykatu 1,1h+kt,21,"26
                                   ",640,no rating,0,1,1,1,1,1,1,0,1
"Pasila, Helsinki",-,no condition,-,2025,Yksiö,Höyrykatu 1,1h+kt,21,"4
                                   ",650,no rating,0,1,1,1,1,1,1,0,1
"Pasila, Helsinki",-,no condition,-,2025,Yksiö,Höyrykatu 1,1h+kt,21.5,"16
                                   ",640,no rating,0,1,1,1,1,1,1,0,1
"Pasila, Helsinki",-,no condition,-,2025,Yksiö,Höyrykatu 1,1h+kt,21.5,"74
                                   ",650,no rating,0,1,1,1,1,1,1,0,1
"Pasila, Helsinki",-,no condition,-,2025,Yksiö,Höyrykatu 1,1h+kt,21.5,"6
                                   ",660,no rating,0,1,1,1,1,1,1,0,1
"Pasila, Helsinki",-,no condition,-,2025,Yksiö,Höyrykatu 1,1h+kt,22,"9
                                   ",650,no rating,0,1,1,1,1,1,1,0,1
"Pasila, Helsinki",-,no condition,-,2025,Yksiö,Höyrykatu 1,1h+kt,22,"58
                                   ",660,no rating,0,1,1,1,1,1,1,0,1
"Pasila, Helsinki",-,no condition,-,2025,Yksiö,Höyrykatu 1,1h+kt,22,"4
                                   ",670,no rating,0,1,1,1,1,1,1,0,1
"Pasila, Helsinki",-,no condition,-,2025,Yksiö,Höyrykatu 1,1h+kt,22.5,"2
                                   ",660,no rating,0,1,1,1,1,1,1,0,1
"Pasila, Helsinki",-,no condition,-,2025,Yksiö,Höyrykatu 1,1h+kt,22.5,"20
                                   ",670,no rating,0,1,1,1,1,1,1,0,1
"Pasila, Helsinki",-,no condition,-,2025,Yksiö,Höyrykatu 1,1h+kt,23,"1
                                   ",680,no rating,0,1,1,1,1,1,1,0,1
"Pasila, Helsinki",-,no condition,-,2025,Yksiö,Höyrykatu 1,1h+kt,25,"3
                                   ",705,no rating,0,1,1,1,1,1,1,0,1
"Pasila, Helsinki",-,no condition,-,2025,Yksiö,Höyrykatu 1,1h+kt,25,"12
                                   ",715,no rating,0,1,1,1,1,1,1,0,1
"Pasila, Helsinki",-,no condition,-,2025,Yksiö,Höyrykatu 1,1h+kt,25.5,"4
                                   ",710,no rating,0,1,1,1,1,1,1,0,1
"Pasila, Helsinki",-,no condition,-,2025,Yksiö,Höyrykatu 1,1h+kt,25.5,"24
                                   ",720,no rating,0,1,1,1,1,1,1,0,1
"Pasila, Helsinki",-,no condition,-,2025,Yksiö,Höyrykatu 1,1h+kt,26,"1
                                   ",715,no rating,0,1,1,1,1,1,1,0,1
"Pasila, Helsinki",-,no condition,-,2025,Yksiö,Höyrykatu 1,1h+kt,26,"12
                                   ",725,no rating,0,1,1,1,1,1,1,0,1
"Pasila, Helsinki",-,no condition,-,2025,Yksiö,Höyrykatu 1,1h+kt,27,"1
                                   ",730,no rating,0,1,1,1,1,1,1,0,1
"Pasila, Helsinki",-,no condition,-,2025,Yksiö,Höyrykatu 1,1h+kt,27,"4
                                   ",740,no rating,0,1,1,1,1,1,1,0,1
"Pasila, Helsinki",-,no condition,-,2025,Yksiö,Höyrykatu 1,1h+kt,27.5,"2
                                   ",740,no rating,0,1,1,1,1,1,1,0,1
"Pasila, Helsinki",-,no condition,-,2025,Yksiö,Höyrykatu 1,1h+kt,27.5,"6
                                   ",750,no rating,0,1,1,1,1,1,1,0,1
"Pasila, Helsinki",-,no condition,-,2025,Yksiö,Höyrykatu 1,1h+kt,28,"3
                                   ",760,no rating,0,1,1,1,1,1,1,0,1
"Pasila, Helsinki",-,no condition,-,2025,Yksiö,Höyrykatu 1,1h+kt,28.5,"1
                                   ",770,no rating,0,1,1,1,1,1,1,0,1
"Pasila, Helsinki",-,no condition,-,2025,Yksiö,Höyrykatu 1,1h+kt,32.5,"3
                                   ",805,no rating,0,1,1,1,1,1,1,0,1
"Pasila, Helsinki",-,no condition,-,2025,Yksiö,Höyrykatu 1,1h+kt,34.5,"1
                                   ",845,no rating,0,1,1,1,1,1,1,0,1
"Pasila, Helsinki",-,no condition,-,2025,Kaksio,Höyrykatu 1,2h+kt,36,"2
                                   ",865,no rating,0,1,1,1,1,1,1,0,1
"Pasila, Helsinki",-,no condition,-,2025,Kaksio,Höyrykatu 1,2h+kt,36.5,"3
                                   ",885,no rating,0,1,1,1,1,1,1,0,1
"Pasila, Helsinki",-,no condition,-,2025,Kaksio,Höyrykatu 1,2h+kt,37,"1
                                   ",885,no rating,0,1,1,1,1,1,1,0,1
"Pasila, Helsinki",-,no condition,-,2025,Kaksio,Höyrykatu 1,2h+kt,37.5,"6
                                   ",905,no rating,0,1,1,1,1,1,1,0,1
"Pasila, Helsinki",-,no condition,-,2025,Kaksio,Höyrykatu 1,2h+kt,37.5,"2
                                   ",915,no rating,0,1,1,1,1,1,1,0,1
"Pasila, Helsinki",-,no condition,-,2025,Kaksio,Höyrykatu 1,2h+kt,38,"1
                                   ",905,no rating,0,1,1,1,1,1,1,0,1
"Pasila, Helsinki",-,no condition,-,2025,Kaksio,Höyrykatu 1,2h+kt,38.5,"12
                                   ",925,no rating,0,1,1,1,1,1,1,0,1
"Pasila, Helsinki",-,no condition,-,2025,Kaksio,Höyrykatu 1,2h+kt,39,"15
                                   ",935,no rating,0,1,1,1,1,1,1,0,1
"Pasila, Helsinki",-,no condition,-,2025,Kaksio,Höyrykatu 1,2h+kt,39.5,"1
                                   ",935,no rating,0,1,1,1,1,1,1,0,1
"Pasila, Helsinki",-,no condition,-,2025,Kaksio,Höyrykatu 1,2h+kt,39.5,"2
                                   ",945,no rating,0,1,1,1,1,1,1,0,1
"Pasila, Helsinki",-,no condition,-,2025,Kaksio,Höyrykatu 1,2h+kt,42,"1
                                   ",985,no rating,0,1,1,1,1,1,1,0,1
"Pasila, Helsinki",-,no condition,-,2025,Kaksio,Höyrykatu 1,2h+kt,43,"2
                                   ",1005,no rating,0,1,1,1,1,1,1,0,1
"Pasila, Helsinki",-,no condition,-,2025,Kaksio,Höyrykatu 1,2h+kt,43,"5
                                   ",995,no rating,0,1,1,1,1,1,1,0,1
"Pasila, Helsinki",-,no condition,-,2025,Kaksio,Höyrykatu 1,2h+kt,44,"1
                                   ",1005,no rating,0,1,1,1,1,1,1,0,1
"Pasila, Helsinki",-,no condition,-,2025,Kaksio,Höyrykatu 1,2h+kt,44,"1
                                   ",995,no rating,0,1,1,1,1,1,1,0,1
"Pasila, Helsinki",D,no condition,2008,1987,Soluhuone,Pasilanraitio 10,1h,12.1,"7
                                   ",412,4,0,0,1,0,1,1,1,0,1
"Pasila, Helsinki",D,no condition,2008,1987,Soluhuone,Pasilanraitio 10,1h,12.3,"1
                                   ",412,4,0,0,1,0,1,1,1,0,1
"Pasila, Helsinki",D,no condition,2008,1987,Soluhuone,Pasilanraitio 10,1h,12.8,"18
                                   ",381,4,0,0,1,0,1,1,1,0,1
"Pasila, Helsinki",D,no condition,2008,1987,Soluhuone,Pasilanraitio 10,1h,14.1,"9
                                   ",399,4,0,0,1,0,1,1,1,0,1
"Pasila, Helsinki",D,no condition,2008,1987,Soluhuone,Pasilanraitio 10,1h,14.7,"1
                                   ",423,4,0,0,1,0,1,1,1,0,1
"Pasila, Helsinki",D,no condition,2008,1987,Soluhuone,Pasilanraitio 10,1h,14.7,"7
                                   ",452,4,0,0,1,0,1,1,1,0,1
"Pasila, Helsinki",D,no condition,2008,1987,Kaksio,Pasilanraitio 10,2h+k,54,"1
                                   ",857,4,0,0,1,0,1,1,1,0,1
"Malmi-Pukinmäki, Helsinki",E,no condition,-,1996,Yksiö,Hietapellontie 11,1h+kt,29.5,"6
                                   ",507,no rating,0,0,0,0,1,1,1,0,1
"Malmi-Pukinmäki, Helsinki",E,no condition,-,1996,Yksiö,Hietapellontie 11,1h+kt,30,"12
                                   ",517,no rating,0,0,0,0,1,1,1,0,1
"Malmi-Pukinmäki, Helsinki",E,no condition,-,1996,Yksiö,Hietapellontie 11,1h+kt,31,"2
                                   ",527,no rating,0,0,0,0,1,1,1,0,1
"Malmi-Pukinmäki, Helsinki",E,no condition,-,1996,Kaksio,Hietapellontie 11,1h+tpk,42,"10
                                   ",633,no rating,0,0,0,0,1,1,1,0,1
"Malmi-Pukinmäki, Helsinki",E,no condition,-,1996,Kolmio,Hietapellontie 11,2h+tpk,56,"2
                                   ",771,no rating,0,0,0,0,1,1,1,0,1
"Malmi-Pukinmäki, Helsinki",E,no condition,-,1996,Kolmio,Hietapellontie 11,2h+tpk,56,"2
                                   ",772,no rating,0,0,0,0,1,1,1,0,1
"Malmi-Pukinmäki, Helsinki",F,no condition,2013,1989,Soluhuone,Rälssintie 16,1h,11,"1
                                   ",299,no rating,0,0,1,0,1,1,1,0,1
"Malmi-Pukinmäki, Helsinki",F,no condition,2013,1989,Soluhuone,Rälssintie 16,1h,12,"12
                                   ",340,no rating,0,0,1,0,1,1,1,0,1
"Malmi-Pukinmäki, Helsinki",F,no condition,2013,1989,Soluhuone,Rälssintie 16,1h,12.5,"1
                                   ",321,no rating,0,0,1,0,1,1,1,0,1
"Malmi-Pukinmäki, Helsinki",F,no condition,2013,1989,Soluhuone,Rälssintie 16,1h,12.5,"8
                                   ",327,no rating,0,0,1,0,1,1,1,0,1
"Malmi-Pukinmäki, Helsinki",F,no condition,2013,1989,Soluhuone,Rälssintie 16,1h,12.5,"10
                                   ",330,no rating,0,0,1,0,1,1,1,0,1
"Malmi-Pukinmäki, Helsinki",F,no condition,2013,1989,Soluhuone,Rälssintie 16,1h,12.5,"2
                                   ",349,no rating,0,0,1,0,1,1,1,0,1
"Malmi-Pukinmäki, Helsinki",F,no condition,2013,1989,Soluhuone,Rälssintie 16,1h,13,"1
                                   ",330,no rating,0,0,1,0,1,1,1,0,1
"Malmi-Pukinmäki, Helsinki",F,no condition,2013,1989,Soluhuone,Rälssintie 16,1h,13,"21
                                   ",349,no rating,0,0,1,0,1,1,1,0,1
"Malmi-Pukinmäki, Helsinki",F,no condition,2013,1989,Soluhuone,Rälssintie 16,1h,13,"5
                                   ",355,no rating,0,0,1,0,1,1,1,0,1
"Malmi-Pukinmäki, Helsinki",F,no condition,2013,1989,Soluhuone,Rälssintie 16,1h,13.5,"4
                                   ",340,no rating,0,0,1,0,1,1,1,0,1
"Malmi-Pukinmäki, Helsinki",F,no condition,2013,1989,Soluhuone,Rälssintie 16,1h,13.5,"5
                                   ",343,no rating,0,0,1,0,1,1,1,0,1
"Malmi-Pukinmäki, Helsinki",F,no condition,2013,1989,Soluhuone,Rälssintie 16,1h,13.5,"14
                                   ",351,no rating,0,0,1,0,1,1,1,0,1
"Malmi-Pukinmäki, Helsinki",F,no condition,2013,1989,Soluhuone,Rälssintie 16,1h,13.5,"2
                                   ",361,no rating,0,0,1,0,1,1,1,0,1
"Malmi-Pukinmäki, Helsinki",F,no condition,2013,1989,Soluhuone,Rälssintie 16,1h,13.5,"1
                                   ",363,no rating,0,0,1,0,1,1,1,0,1
"Malmi-Pukinmäki, Helsinki",F,no condition,2013,1989,Soluhuone,Rälssintie 16,1h,14,"14
                                   ",356,no rating,0,0,1,0,1,1,1,0,1
"Malmi-Pukinmäki, Helsinki",F,no condition,2013,1989,Soluhuone,Rälssintie 16,1h,14,"1
                                   ",375,no rating,0,0,1,0,1,1,1,0,1
"Malmi-Pukinmäki, Helsinki",F,no condition,2013,1989,Kaksio,Rälssintie 16,2h+k,47,"6
                                   ",715,no rating,0,0,1,0,1,1,1,0,1
"Malmi-Pukinmäki, Helsinki",F,no condition,2013,1989,Kaksio,Rälssintie 16,2h+k,50,"11
                                   ",742,no rating,0,0,1,0,1,1,1,0,1
"Malmi-Pukinmäki, Helsinki",F,no condition,2013,1989,Kaksio,Rälssintie 16,2h+k,50,"11
                                   ",752,no rating,0,0,1,0,1,1,1,0,1
"Malmi-Pukinmäki, Helsinki",F,no condition,2013,1989,Kaksio,Rälssintie 16,2h+k,50,"1
                                   ",753,no rating,0,0,1,0,1,1,1,0,1
"Malmi-Pukinmäki, Helsinki",F,no condition,2013,1989,Kaksio,Rälssintie 16,2h+kt,50,"1
                                   ",742,no rating,0,0,1,0,1,1,1,0,1
"Malmi-Pukinmäki, Helsinki",F,no condition,2013,1989,Kaksio,Rälssintie 16,2h+kt,50,"1
                                   ",752,no rating,0,0,1,0,1,1,1,0,1
"Malmi-Pukinmäki, Helsinki",F,no condition,2013,1989,Kaksio,Rälssintie 16,2h+k,51,"3
                                   ",758,no rating,0,0,1,0,1,1,1,0,1
"Malmi-Pukinmäki, Helsinki",F,no condition,2013,1989,Kaksio,Rälssintie 16,1h+oh+k,51.5,"1
                                   ",763,no rating,0,0,1,0,1,1,1,0,1
"Malmi-Pukinmäki, Helsinki",F,no condition,2013,1989,Kaksio,Rälssintie 16,2h+k,51.5,"1
                                   ",763,no rating,0,0,1,0,1,1,1,0,1
"Malmi-Pukinmäki, Helsinki",F,no condition,2013,1989,Kolmio,Rälssintie 16,3h+kt,60,"1
                                   ",839,no rating,0,0,1,0,1,1,1,0,1
"Malmi-Pukinmäki, Helsinki",F,no condition,2013,1989,Kolmio,Rälssintie 16,3h+kt,60,"2
                                   ",849,no rating,0,0,1,0,1,1,1,0,1
"Malmi-Pukinmäki, Helsinki",F,no condition,2013,1989,Kolmio,Rälssintie 16,2h+oh+k,64,"2
                                   ",894,no rating,0,0,1,0,1,1,1,0,1
"Malmi-Pukinmäki, Helsinki",F,no condition,2013,1989,Kolmio,Rälssintie 16,3h+kt,64,"2
                                   ",884,no rating,0,0,1,0,1,1,1,0,1
"Malmi-Pukinmäki, Helsinki",F,no condition,2013,1989,Kolmio,Rälssintie 16,3h+kt,64,"4
                                   ",894,no rating,0,0,1,0,1,1,1,0,1
"Malmi-Pukinmäki, Helsinki",F,no condition,2013,1989,Kolmio,Rälssintie 16,2h+oh+k,65,"1
                                   ",899,no rating,0,0,1,0,1,1,1,0,1
"Malmi-Pukinmäki, Helsinki",F,no condition,2013,1989,Kolmio,Rälssintie 16,2h+oh+k,65,"1
                                   ",910,no rating,0,0,1,0,1,1,1,0,1
"Malmi-Pukinmäki, Helsinki",F,no condition,2013,1989,Kolmio,Rälssintie 16,2h+tpk,65,"1
                                   ",910,no rating,0,0,1,0,1,1,1,0,1
"Malmi-Pukinmäki, Helsinki",F,no condition,2013,1989,Kolmio,Rälssintie 16,3h+k,65,"2
                                   ",910,no rating,0,0,1,0,1,1,1,0,1
"Malmi-Pukinmäki, Helsinki",F,no condition,2013,1989,Kolmio,Rälssintie 16,3h+kt,65,"1
                                   ",900,no rating,0,0,1,0,1,1,1,0,1
"Malmi-Pukinmäki, Helsinki",F,no condition,2013,1989,Kolmio,Rälssintie 16,3h+kt,65,"1
                                   ",910,no rating,0,0,1,0,1,1,1,0,1
"Malmi-Pukinmäki, Helsinki",F,no condition,2013,1989,Kolmio,Rälssintie 16,3h+k,69.5,"1
                                   ",948,no rating,0,0,1,0,1,1,1,0,1
"Malmi-Pukinmäki, Helsinki",F,no condition,2013,1989,Kolmio,Rälssintie 16,3h+kk,69.5,"1
                                   ",948,no rating,0,0,1,0,1,1,1,0,1
"Malmi-Pukinmäki, Helsinki",F,no condition,2013,1989,Kolmio,Rälssintie 16,3h+kt,69.5,"1
                                   ",948,no rating,0,0,1,0,1,1,1,0,1
"Malmi-Pukinmäki, Helsinki",F,no condition,2013,1989,Kolmio,Rälssintie 16,2h+oh+kt,70,"2
                                   ",948,no rating,0,0,1,0,1,1,1,0,1
"Malmi-Pukinmäki, Helsinki",F,no condition,2013,1989,Kolmio,Rälssintie 16,2h+tpk,70,"1
                                   ",948,no rating,0,0,1,0,1,1,1,0,1
"Malmi-Pukinmäki, Helsinki",F,no condition,2013,1989,Kolmio,Rälssintie 16,3h+k,70,"1
                                   ",948,no rating,0,0,1,0,1,1,1,0,1
"Malmi-Pukinmäki, Helsinki",F,no condition,2013,1989,Kolmio,Rälssintie 16,3h+kt,70,"4
                                   ",948,no rating,0,0,1,0,1,1,1,0,1
"Malmi-Pukinmäki, Helsinki",F,no condition,2013,1989,Kolmio,Rälssintie 16,3h+kt,70.5,"2
                                   ",947,no rating,0,0,1,0,1,1,1,0,1
"Malmi-Pukinmäki, Helsinki",F,no condition,2013,1989,Kolmio,Rälssintie 16,3h+oh+tpk,97,"2
                                   ",1113,no rating,0,0,1,0,1,1,1,0,1
"Malmi-Pukinmäki, Helsinki",F,no condition,2013,1989,Kolmio,Rälssintie 16,4h+kt,97,"3
                                   ",1113,no rating,0,0,1,0,1,1,1,0,1
"Malmi-Pukinmäki, Helsinki",E,no condition,2016,1992,Kaksio,Myrttitie 2,1h+tpk,38,"8
                                   ",601,2,0,0,0,0,1,1,1,0,1
"Malmi-Pukinmäki, Helsinki",E,no condition,2016,1992,Kaksio,Myrttitie 2,2h+k,48.5,"11
                                   ",726,2,0,0,0,0,1,1,1,0,1
"Malmi-Pukinmäki, Helsinki",E,no condition,2016,1992,Kaksio,Myrttitie 2,2h+kt,48.5,"1
                                   ",726,2,0,0,0,0,1,1,1,0,1
"Malmi-Pukinmäki, Helsinki",E,no condition,2016,1992,Kaksio,Myrttitie 2,1h+oh+k,55.5,"9
                                   ",836,2,0,0,0,0,1,1,1,0,1
"Malmi-Pukinmäki, Helsinki",E,no condition,2016,1992,Kolmio,Myrttitie 2,2h+oh+k,76,"1
                                   ",1010,2,0,0,0,0,1,1,1,0,1
"Malmi-Pukinmäki, Helsinki",E,no condition,2016,1992,Kolmio,Myrttitie 2,3h+kt,76,"1
                                   ",1059,2,0,0,0,0,1,1,1,0,1
"Malmi-Pukinmäki, Helsinki",E,no condition,2016,1992,Kolmio,Myrttitie 2,3h+kt,76.5,"6
                                   ",1064,2,0,0,0,0,1,1,1,0,1
"Malmi-Pukinmäki, Helsinki",F,no condition,2009,1986,Soluhuone,Pekankatu 5,1h,10.5,"42
                                   ",289,5,0,0,1,0,1,1,1,0,1
"Malmi-Pukinmäki, Helsinki",F,no condition,2009,1986,Soluhuone,Pekankatu 5,1h,10.5,"33
                                   ",300,5,0,0,1,0,1,1,1,0,1
"Malmi-Pukinmäki, Helsinki",F,no condition,2009,1986,Soluhuone,Pekankatu 5,1h,11.5,"2
                                   ",281,5,0,0,1,0,1,1,1,0,1
"Malmi-Pukinmäki, Helsinki",F,no condition,2009,1986,Soluhuone,Pekankatu 5,1h,11.5,"4
                                   ",292,5,0,0,1,0,1,1,1,0,1
"Malmi-Pukinmäki, Helsinki",F,no condition,2009,1986,Soluhuone,Pekankatu 5,1h,12,"1
                                   ",279,5,0,0,1,0,1,1,1,0,1
"Malmi-Pukinmäki, Helsinki",F,no condition,2009,1986,Soluhuone,Pekankatu 5,1h,12,"1
                                   ",291,5,0,0,1,0,1,1,1,0,1
"Malmi-Pukinmäki, Helsinki",F,no condition,2009,1986,Soluhuone,Pekankatu 5,1h,12.5,"1
                                   ",279,5,0,0,1,0,1,1,1,0,1
"Malmi-Pukinmäki, Helsinki",F,no condition,2009,1986,Soluhuone,Pekankatu 5,1h,13.5,"2
                                   ",297,5,0,0,1,0,1,1,1,0,1
"Malmi-Pukinmäki, Helsinki",F,no condition,2009,1986,Soluhuone,Pekankatu 5,1h,13.5,"1
                                   ",309,5,0,0,1,0,1,1,1,0,1
"Malmi-Pukinmäki, Helsinki",F,no condition,2009,1986,Yksiö,Pekankatu 5,1h+kt,21.5,"1
                                   ",416,5,0,0,1,0,1,1,1,0,1
"Malmi-Pukinmäki, Helsinki",F,no condition,2009,1986,Yksiö,Pekankatu 5,1h+kt,22,"11
                                   ",421,5,0,0,1,0,1,1,1,0,1
"Malmi-Pukinmäki, Helsinki",F,no condition,2009,1986,Yksiö,Pekankatu 5,1h+kt,25.5,"1
                                   ",456,5,0,0,1,0,1,1,1,0,1
"Malmi-Pukinmäki, Helsinki",F,no condition,2009,1986,Yksiö,Pekankatu 5,1h+kt,27,"3
                                   ",473,5,0,0,1,0,1,1,1,0,1
"Malmi-Pukinmäki, Helsinki",F,no condition,2009,1986,Kaksio,Pekankatu 5,1h+tpk,38,"1
                                   ",580,5,0,0,1,0,1,1,1,0,1
"Malmi-Pukinmäki, Helsinki",F,no condition,2009,1986,Kaksio,Pekankatu 5,1h+tpk,38.5,"3
                                   ",556,5,0,0,1,0,1,1,1,0,1
"Malmi-Pukinmäki, Helsinki",F,no condition,2009,1986,Kaksio,Pekankatu 5,1h+tpk,43,"1
                                   ",610,5,0,0,1,0,1,1,1,0,1
"Malmi-Pukinmäki, Helsinki",F,no condition,2009,1986,Kaksio,Pekankatu 5,1h+tpk,43.5,"1
                                   ",610,5,0,0,1,0,1,1,1,0,1
"Malmi-Pukinmäki, Helsinki",F,no condition,2009,1986,Kaksio,Pekankatu 5,2h+tpk,43.5,"3
                                   ",620,5,0,0,1,0,1,1,1,0,1
"Malmi-Pukinmäki, Helsinki",F,no condition,2009,1986,Kolmio,Pekankatu 5,2h+tpk,43,"1
                                   ",620,5,0,0,1,0,1,1,1,0,1
"Malmi-Pukinmäki, Helsinki",F,no condition,2009,1986,Kolmio,Pekankatu 5,2h+tpk,43.5,"3
                                   ",620,5,0,0,1,0,1,1,1,0,1
"Malmi-Pukinmäki, Helsinki",F,no condition,2009,1986,Kolmio,Pekankatu 5,2h+tpk,43.5,"10
                                   ",630,5,0,0,1,0,1,1,1,0,1
"Malmi-Pukinmäki, Helsinki",F,no condition,2009,1986,Kolmio,Pekankatu 5,2h+oh+k,63.5,"2
                                   ",750,5,0,0,1,0,1,1,1,0,1
"Malmi-Pukinmäki, Helsinki",F,no condition,2009,1986,Kolmio,Pekankatu 5,2h+oh+k,64,"2
                                   ",756,5,0,0,1,0,1,1,1,0,1
"Malmi-Pukinmäki, Helsinki",F,no condition,2009,1986,Kolmio,Pekankatu 5,3h+aula+kt,66,"1
                                   ",873,5,0,0,1,0,1,1,1,0,1
"Malmi-Pukinmäki, Helsinki",F,no condition,2009,1986,Kolmio,Pekankatu 5,3h+aula+kt,66.5,"1
                                   ",879,5,0,0,1,0,1,1,1,0,1
"Malmi-Pukinmäki, Helsinki",F,no condition,2009,1986,Kolmio,Pekankatu 5,3h+tpk,66.5,"5
                                   ",879,5,0,0,1,0,1,1,1,0,1
"Malmi-Pukinmäki, Helsinki",F,no condition,2009,1986,Kolmio,Pekankatu 5,3h+tpk,70,"1
                                   ",900,5,0,0,1,0,1,1,1,0,1
"Malmi-Pukinmäki, Helsinki",F,no condition,2009,1986,Kolmio,Pekankatu 5,3h+tpk,70,"2
                                   ",915,5,0,0,1,0,1,1,1,0,1
"Malmi-Pukinmäki, Helsinki",F,no condition,2009,1986,Kolmio,Pekankatu 5,4h+oh+k,95,"1
                                   ",1179,5,0,0,1,0,1,1,1,0,1
"Arabia-Toukola, Helsinki",D,no condition,-,2010,Soluhuone,Brysselinkatu 3,1h,11,"1
                                   ",448,5,0,0,1,0,1,1,1,0,1
"Arabia-Toukola, Helsinki",D,no condition,-,2010,Soluhuone,Brysselinkatu 3,1h,11.5,"3
                                   ",399,5,0,0,1,0,1,1,1,0,1
"Arabia-Toukola, Helsinki",D,no condition,-,2010,Soluhuone,Brysselinkatu 3,1h,11.5,"4
                                   ",448,5,0,0,1,0,1,1,1,0,1
"Arabia-Toukola, Helsinki",D,no condition,-,2010,Soluhuone,Brysselinkatu 3,1h,12,"2
                                   ",407,5,0,0,1,0,1,1,1,0,1
"Arabia-Toukola, Helsinki",D,no condition,-,2010,Soluhuone,Brysselinkatu 3,1h,12,"25
                                   ",448,5,0,0,1,0,1,1,1,0,1
"Arabia-Toukola, Helsinki",D,no condition,-,2010,Soluhuone,Brysselinkatu 3,1h,12.5,"4
                                   ",409,5,0,0,1,0,1,1,1,0,1
"Arabia-Toukola, Helsinki",D,no condition,-,2010,Soluhuone,Brysselinkatu 3,1h,12.5,"6
                                   ",410,5,0,0,1,0,1,1,1,0,1
"Arabia-Toukola, Helsinki",D,no condition,-,2010,Soluhuone,Brysselinkatu 3,1h,13,"8
                                   ",404,5,0,0,1,0,1,1,1,0,1
"Arabia-Toukola, Helsinki",D,no condition,-,2010,Soluhuone,Brysselinkatu 3,1h,14,"4
                                   ",407,5,0,0,1,0,1,1,1,0,1
"Arabia-Toukola, Helsinki",D,no condition,-,2010,Yksiö,Brysselinkatu 3,1h+kt,25,"1
                                   ",563,5,0,0,1,0,1,1,1,0,1
"Arabia-Toukola, Helsinki",D,no condition,-,2010,Yksiö,Brysselinkatu 3,1h+kt,31,"15
                                   ",663,5,0,0,1,0,1,1,1,0,1
"Arabia-Toukola, Helsinki",D,no condition,-,2010,Yksiö,Brysselinkatu 3,1h+kt,31.5,"5
                                   ",671,5,0,0,1,0,1,1,1,0,1
"Arabia-Toukola, Helsinki",D,no condition,-,2010,Yksiö,Brysselinkatu 3,1h+kt,32,"3
                                   ",681,5,0,0,1,0,1,1,1,0,1
"Arabia-Toukola, Helsinki",D,no condition,-,2010,Kaksio,Brysselinkatu 3,1h+tpk,39.5,"5
                                   ",741,5,0,0,1,0,1,1,1,0,1
"Arabia-Toukola, Helsinki",D,no condition,-,2010,Kaksio,Brysselinkatu 3,1h+tpk,41,"10
                                   ",758,5,0,0,1,0,1,1,1,0,1
"Arabia-Toukola, Helsinki",D,no condition,-,2010,Kaksio,Brysselinkatu 3,2h+k,52,"1
                                   ",886,5,0,0,1,0,1,1,1,0,1
"Arabia-Toukola, Helsinki",D,no condition,-,2010,Kolmio,Brysselinkatu 3,3h+kt,69.5,"3
                                   ",1147,5,0,0,1,0,1,1,1,0,1
"Arabia-Toukola, Helsinki",D,no condition,-,2010,Kolmio,Brysselinkatu 3,3h+k,73,"1
                                   ",1187,5,0,0,1,0,1,1,1,0,1
"Arabia-Toukola, Helsinki",F,no condition,-,2002,Yksiö,Rörstrandinkatu 3,1h+kt,31,"48
                                   ",649,no rating,0,1,1,0,1,1,1,0,1
"Arabia-Toukola, Helsinki",F,no condition,-,2002,Yksiö,Rörstrandinkatu 3,1h+kt,32,"18
                                   ",662,no rating,0,1,1,0,1,1,1,0,1
"Arabia-Toukola, Helsinki",F,no condition,-,2002,Yksiö,Rörstrandinkatu 3,1h+kt,34,"3
                                   ",690,no rating,0,1,1,0,1,1,1,0,1
"Arabia-Toukola, Helsinki",F,no condition,-,2002,Yksiö,Rörstrandinkatu 3,1h+kt,36,"5
                                   ",713,no rating,0,1,1,0,1,1,1,0,1
"Arabia-Toukola, Helsinki",F,no condition,-,2002,Yksiö,Rörstrandinkatu 3,1h+kt,37.5,"4
                                   ",741,no rating,0,1,1,0,1,1,1,0,1
"Arabia-Toukola, Helsinki",F,no condition,-,2002,Kaksio,Rörstrandinkatu 3,1h+tpk,39.5,"6
                                   ",742,no rating,0,1,1,0,1,1,1,0,1
"Arabia-Toukola, Helsinki",F,no condition,-,2002,Kaksio,Rörstrandinkatu 3,1h+tpk,40.5,"3
                                   ",756,no rating,0,1,1,0,1,1,1,0,1
"Arabia-Toukola, Helsinki",F,no condition,-,2002,Kaksio,Rörstrandinkatu 3,1h+oh+k,55.5,"6
                                   ",957,no rating,0,1,1,0,1,1,1,0,1
"Arabia-Toukola, Helsinki",F,no condition,-,2002,Kaksio,Rörstrandinkatu 3,2h+k,56,"2
                                   ",960,no rating,0,1,1,0,1,1,1,0,1
"Arabia-Toukola, Helsinki",F,no condition,-,2002,Kaksio,Rörstrandinkatu 3,2h+k,56.5,"1
                                   ",964,no rating,0,1,1,0,1,1,1,0,1
"Arabia-Toukola, Helsinki",F,no condition,-,2002,Kaksio,Rörstrandinkatu 3,2h+kt,56.5,"2
                                   ",964,no rating,0,1,1,0,1,1,1,0,1
"Arabia-Toukola, Helsinki",F,no condition,-,2002,Kaksio,Rörstrandinkatu 3,2h+kt,57,"5
                                   ",970,no rating,0,1,1,0,1,1,1,0,1
"Arabia-Toukola, Helsinki",F,no condition,-,2002,Kaksio,Rörstrandinkatu 3,2h+k,61.5,"2
                                   ",995,no rating,0,1,1,0,1,1,1,0,1
"Arabia-Toukola, Helsinki",F,no condition,-,2002,Kaksio,Rörstrandinkatu 3,2h+kk,61.5,"1
                                   ",1046,no rating,0,1,1,0,1,1,1,0,1
"Arabia-Toukola, Helsinki",F,no condition,-,2002,Kaksio,Rörstrandinkatu 3,2h+kt,61.5,"1
                                   ",1046,no rating,0,1,1,0,1,1,1,0,1
"Arabia-Toukola, Helsinki",F,no condition,-,2002,Kaksio,Rörstrandinkatu 3,2h+kt,61.5,"5
                                   ",995,no rating,0,1,1,0,1,1,1,0,1
"Arabia-Toukola, Helsinki",F,no condition,-,2002,Kaksio,Rörstrandinkatu 3,2h+k,62,"2
                                   ",1003,no rating,0,1,1,0,1,1,1,0,1
"Arabia-Toukola, Helsinki",F,no condition,-,2002,Kaksio,Rörstrandinkatu 3,2h+kt,62,"1
                                   ",1003,no rating,0,1,1,0,1,1,1,0,1
"Arabia-Toukola, Helsinki",F,no condition,-,2002,Kaksio,Rörstrandinkatu 3,1h+oh+kk,62.5,"16
                                   ",1002,no rating,0,1,1,0,1,1,1,0,1
"Arabia-Toukola, Helsinki",F,no condition,-,2002,Kaksio,Rörstrandinkatu 3,1h+oh+k,65,"3
                                   ",1025,no rating,0,1,1,0,1,1,1,0,1
"Arabia-Toukola, Helsinki",E,no condition,-,2010,Soluhuone,Berliininkatu 5,1h,14,"3
                                   ",417,5,0,0,1,0,1,1,1,0,1
"Arabia-Toukola, Helsinki",E,no condition,-,2010,Soluhuone,Berliininkatu 5,1h,14.5,"27
                                   ",417,5,0,0,1,0,1,1,1,0,1
"Arabia-Toukola, Helsinki",E,no condition,-,2010,Soluhuone,Berliininkatu 5,1h,14.5,"2
                                   ",439,5,0,0,1,0,1,1,1,0,1
"Arabia-Toukola, Helsinki",E,no condition,-,2010,Yksiö,Berliininkatu 5,1h+kt,30,"28
                                   ",661,5,0,0,1,0,1,1,1,0,1
"Arabia-Toukola, Helsinki",E,no condition,-,2010,Yksiö,Berliininkatu 5,1h+kt,32,"4
                                   ",676,5,0,0,1,0,1,1,1,0,1
"Arabia-Toukola, Helsinki",E,no condition,-,2010,Yksiö,Berliininkatu 5,1h+kt,32.5,"3
                                   ",681,5,0,0,1,0,1,1,1,0,1
"Arabia-Toukola, Helsinki",E,no condition,-,2010,Kaksio,Berliininkatu 5,1h+tpk,42,"1
                                   ",809,5,0,0,1,0,1,1,1,0,1
"Arabia-Toukola, Helsinki",E,no condition,-,2010,Kaksio,Berliininkatu 5,1h+tpk,42,"3
                                   ",811,5,0,0,1,0,1,1,1,0,1
"Arabia-Toukola, Helsinki",E,no condition,-,2010,Kaksio,Berliininkatu 5,1h+tpk,43,"1
                                   ",826,5,0,0,1,0,1,1,1,0,1
"Arabia-Toukola, Helsinki",E,no condition,-,2010,Kaksio,Berliininkatu 5,1h+tpk,44.5,"5
                                   ",853,5,0,0,1,0,1,1,1,0,1
"Arabia-Toukola, Helsinki",E,no condition,-,2010,Kaksio,Berliininkatu 5,2h+kk,44.5,"1
                                   ",853,5,0,0,1,0,1,1,1,0,1
"Arabia-Toukola, Helsinki",E,no condition,-,2010,Kaksio,Berliininkatu 5,2h+kt,44.5,"2
                                   ",853,5,0,0,1,0,1,1,1,0,1
"Arabia-Toukola, Helsinki",E,no condition,-,2010,Kaksio,Berliininkatu 5,1h+tpk,48,"3
                                   ",903,5,0,0,1,0,1,1,1,0,1
"Arabia-Toukola, Helsinki",E,no condition,-,2010,Kolmio,Berliininkatu 5,2h+tpk,60,"1
                                   ",992,5,0,0,1,0,1,1,1,0,1
"Arabia-Toukola, Helsinki",E,no condition,-,2010,Kolmio,Berliininkatu 5,3h+tpk,84,"2
                                   ",1218,5,0,0,1,0,1,1,1,0,1
"Koivukylä, Vantaa",C,no condition,2002,1978,Soluhuone,Rasinkatu 20,1h,13,"10
                                   ",232,4,0,0,1,0,1,1,1,0,1
"Koivukylä, Vantaa",C,no condition,2002,1978,Soluhuone,Rasinkatu 20,1h,13,"3
                                   ",296,4,0,0,1,0,1,1,1,0,1
"Koivukylä, Vantaa",C,no condition,2002,1978,Soluhuone,Rasinkatu 20,1h,16,"10
                                   ",259,4,0,0,1,0,1,1,1,0,1
"Koivukylä, Vantaa",C,no condition,2002,1978,Soluhuone,Rasinkatu 20,1h,16,"3
                                   ",324,4,0,0,1,0,1,1,1,0,1
"Koivukylä, Vantaa",C,no condition,2002,1978,Soluhuone,Rasinkatu 20,1h,17.5,"10
                                   ",274,4,0,0,1,0,1,1,1,0,1
"Koivukylä, Vantaa",C,no condition,2002,1978,Kaksio,Rasinkatu 20,1h+tpk,49,"1
                                   ",626,4,0,0,1,0,1,1,1,0,1
"Koivukylä, Vantaa",C,no condition,2002,1978,Kaksio,Rasinkatu 20,1h+tpk,51.5,"1
                                   ",448,4,0,0,1,0,1,1,1,0,1
"Koivukylä, Vantaa",C,no condition,2002,1978,Kaksio,Rasinkatu 20,1h+tpk,51.5,"35
                                   ",497,4,0,0,1,0,1,1,1,0,1
"Koivukylä, Vantaa",C,no condition,2002,1978,Yksiö,Rasinkatu 20,1h+kk,29.5,"1
                                   ",470,4,0,0,1,0,1,1,1,0,1
"Koivukylä, Vantaa",C,no condition,2002,1978,Yksiö,Rasinkatu 20,1h+kk,34,"1
                                   ",487,4,0,0,1,0,1,1,1,0,1
"Koivukylä, Vantaa",C,no condition,2002,1978,Kolmio,Rasinkatu 20,2h+tpk,61,"1
                                   ",564,4,0,0,1,0,1,1,1,0,1
"Koivukylä, Vantaa",C,no condition,2002,1978,Kolmio,Rasinkatu 20,2h+tpk,61,"1
                                   ",596,4,0,0,1,0,1,1,1,0,1
"Koivukylä, Vantaa",C,no condition,2002,1978,Kolmio,Rasinkatu 20,2h+tpk,61,"31
                                   ",618,4,0,0,1,0,1,1,1,0,1
"Koivukylä, Vantaa",C,no condition,2002,1978,Kolmio,Rasinkatu 20,2h+tpk,62,"1
                                   ",692,4,0,0,1,0,1,1,1,0,1
"Koivukylä, Vantaa",C,no condition,2002,1978,Kolmio,Rasinkatu 20,2h+tpk,62.5,"1
                                   ",738,4,0,0,1,0,1,1,1,0,1
"Koivukylä, Vantaa",C,no condition,2002,1978,Kolmio,Rasinkatu 20,3h+tpk,78.5,"2
                                   ",767,4,0,0,1,0,1,1,1,0,1
"Koivukylä, Vantaa",E,no condition,2006,1985,Kaksio,Seljapolku 7,1h+tpk,48.5,"15
                                   ",618,no rating,0,0,1,0,1,1,1,0,1
"Koivukylä, Vantaa",E,no condition,2006,1985,Kaksio,Seljapolku 7,1h+oh+kk,49,"8
                                   ",622,no rating,0,0,1,0,1,1,1,0,1
"Koivukylä, Vantaa",E,no condition,2006,1985,Kolmio,Seljapolku 7,2h+oh+k,62,"9
                                   ",796,no rating,0,0,1,0,1,1,1,0,1
"Koivukylä, Vantaa",E,no condition,2006,1985,Kolmio,Seljapolku 7,2h+oh+k,62,"1
                                   ",797,no rating,0,0,1,0,1,1,1,0,1
"Koivukylä, Vantaa",E,no condition,2006,1985,Kolmio,Seljapolku 7,2h+tpk,62,"3
                                   ",778,no rating,0,0,1,0,1,1,1,0,1
"Koivukylä, Vantaa",E,no condition,2006,1985,Kolmio,Seljapolku 7,3h+k,62,"3
                                   ",819,no rating,0,0,1,0,1,1,1,0,1
"Koivukylä, Vantaa",E,no condition,2006,1985,Kolmio,Seljapolku 7,3h+kt,62,"1
                                   ",796,no rating,0,0,1,0,1,1,1,0,1
"Koivukylä, Vantaa",E,no condition,2006,1985,Kolmio,Seljapolku 7,3h+kt,62,"6
                                   ",819,no rating,0,0,1,0,1,1,1,0,1
"Koivukylä, Vantaa",G,no condition,1996,1974,Soluhuone,Rasinkatu 13,1h,14.3,"4
                                   ",339,no rating,0,0,0,0,1,1,1,0,1
"Koivukylä, Vantaa",G,no condition,1996,1974,Kaksio,Rasinkatu 13,1h+tpk,47,"15
                                   ",477,no rating,0,0,0,0,1,1,1,0,1
"Koivukylä, Vantaa",G,no condition,1996,1974,Kaksio,Rasinkatu 13,1h+oh+k,60.5,"1
                                   ",560,no rating,0,0,0,0,1,1,1,0,1
"Koivukylä, Vantaa",G,no condition,1996,1974,Kaksio,Rasinkatu 13,1h+oh+k,60.5,"14
                                   ",569,no rating,0,0,0,0,1,1,1,0,1
"Koivukylä, Vantaa",G,no condition,1996,1974,Kolmio,Rasinkatu 13,2h+oh+k,77.5,"1
                                   ",616,no rating,0,0,0,0,1,1,1,0,1
"Koivukylä, Vantaa",G,no condition,1996,1974,Kolmio,Rasinkatu 13,2h+oh+k,77.5,"12
                                   ",683,no rating,0,0,0,0,1,1,1,0,1
"Koivukylä, Vantaa","F, G",no condition,2002,1974,Soluhuone,Rasinkatu 4,1h,12.8,"1
                                   ",274,2,0,0,1,0,1,1,0,0,1
"Koivukylä, Vantaa","F, G",no condition,2002,1974,Soluhuone,Rasinkatu 4,1h,12.8,"1
                                   ",331,2,0,0,1,0,1,1,0,0,1
"Koivukylä, Vantaa","F, G",no condition,2002,1974,Soluhuone,Rasinkatu 4,1h,15.4,"1
                                   ",293,2,0,0,1,0,1,1,0,0,1
"Koivukylä, Vantaa","F, G",no condition,2002,1974,Soluhuone,Rasinkatu 4,1h,16.5,"1
                                   ",303,2,0,0,1,0,1,1,0,0,1
"Koivukylä, Vantaa","F, G",no condition,2002,1974,Soluhuone,Rasinkatu 4,1h,17.8,"2
                                   ",248,2,0,0,1,0,1,1,0,0,1
"Koivukylä, Vantaa","F, G",no condition,2002,1974,Soluhuone,Rasinkatu 4,1h,17.8,"8
                                   ",328,2,0,0,1,0,1,1,0,0,1
"Koivukylä, Vantaa","F, G",no condition,2002,1974,Soluhuone,Rasinkatu 4,1h,18.6,"1
                                   ",372,2,0,0,1,0,1,1,0,0,1
"Koivukylä, Vantaa","F, G",no condition,2002,1974,Kaksio,Rasinkatu 4,1h+tpk,49,"48
                                   ",489,2,0,0,1,0,1,1,0,0,1
"Koivukylä, Vantaa","F, G",no condition,2002,1974,Kaksio,Rasinkatu 4,2h+kk,53,"24
                                   ",505,2,0,0,1,0,1,1,0,0,1
"Koivukylä, Vantaa","F, G",no condition,2002,1974,Kaksio,Rasinkatu 4,2h+kk,53,"23
                                   ",507,2,0,0,1,0,1,1,0,0,1
"Koivukylä, Vantaa","F, G",no condition,2002,1974,Kolmio,Rasinkatu 4,2h+tpk,76,"1
                                   ",594,2,0,0,1,0,1,1,0,0,1
"Koivukylä, Vantaa","F, G",no condition,2002,1974,Kolmio,Rasinkatu 4,2h+tpk,76,"43
                                   ",658,2,0,0,1,0,1,1,0,0,1
"Koivukylä, Vantaa","F, G",no condition,2002,1974,Kolmio,Rasinkatu 4,2h+oh+k,81.5,"5
                                   ",708,2,0,0,1,0,1,1,0,0,1
"Koivukylä, Vantaa","F, G",no condition,2002,1974,Kolmio,Rasinkatu 4,3h+oh+k,97,"5
                                   ",875,2,0,0,1,0,1,1,0,0,1
"Niittykumpu-Tapiola, Espoo",C,no condition,-,2021,Yksiö,Tuuliniitty 1,1h+kt,22.5,"8
                                   ",625,3,0,1,1,0,1,1,1,0,1
"Niittykumpu-Tapiola, Espoo",C,no condition,-,2021,Yksiö,Tuuliniitty 1,1h+kt,22.5,"12
                                   ",648,3,0,1,1,0,1,1,1,0,1
"Niittykumpu-Tapiola, Espoo",C,no condition,-,2021,Yksiö,Tuuliniitty 1,1h+kt,22.5,"12
                                   ",659,3,0,1,1,0,1,1,1,0,1
"Niittykumpu-Tapiola, Espoo",C,no condition,-,2021,Yksiö,Tuuliniitty 1,1h+kt,22.5,"12
                                   ",671,3,0,1,1,0,1,1,1,0,1
"Niittykumpu-Tapiola, Espoo",C,no condition,-,2021,Yksiö,Tuuliniitty 1,1h+kt,27,"15
                                   ",667,3,0,1,1,0,1,1,1,0,1
"Niittykumpu-Tapiola, Espoo",C,no condition,-,2021,Yksiö,Tuuliniitty 1,1h+kt,27,"40
                                   ",694,3,0,1,1,0,1,1,1,0,1
"Niittykumpu-Tapiola, Espoo",C,no condition,-,2021,Yksiö,Tuuliniitty 1,1h+kt,27,"32
                                   ",712,3,0,1,1,0,1,1,1,0,1
"Niittykumpu-Tapiola, Espoo",C,no condition,-,2021,Yksiö,Tuuliniitty 1,1h+kt,27,"23
                                   ",727,3,0,1,1,0,1,1,1,0,1
"Niittykumpu-Tapiola, Espoo",C,no condition,-,2021,Kaksio,Tuuliniitty 1,2h+rt+kt,43,"3
                                   ",851,3,0,1,1,0,1,1,1,0,1
"Niittykumpu-Tapiola, Espoo",C,no condition,-,2021,Kaksio,Tuuliniitty 1,2h+rt+kt,43,"4
                                   ",885,3,0,1,1,0,1,1,1,0,1
"Niittykumpu-Tapiola, Espoo",C,no condition,-,2021,Kaksio,Tuuliniitty 1,2h+rt+kt,43,"4
                                   ",917,3,0,1,1,0,1,1,1,0,1
"Niittykumpu-Tapiola, Espoo",-,no condition,-,2025,Yksiö,Kalevalantie 4,1h+kt,23.5,"1
                                   ",610,no rating,0,1,1,1,1,1,1,0,1
"Niittykumpu-Tapiola, Espoo",-,no condition,-,2025,Yksiö,Kalevalantie 4,1h+kt,23.5,"4
                                   ",620,no rating,0,1,1,1,1,1,1,0,1
"Niittykumpu-Tapiola, Espoo",-,no condition,-,2025,Yksiö,Kalevalantie 4,1h+kt,23.5,"3
                                   ",630,no rating,0,1,1,1,1,1,1,0,1
"Niittykumpu-Tapiola, Espoo",-,no condition,-,2025,Yksiö,Kalevalantie 4,1h+kt,24,"4
                                   ",625,no rating,0,1,1,1,1,1,1,0,1
"Niittykumpu-Tapiola, Espoo",-,no condition,-,2025,Yksiö,Kalevalantie 4,1h+kt,24,"2
                                   ",635,no rating,0,1,1,1,1,1,1,0,1
"Niittykumpu-Tapiola, Espoo",-,no condition,-,2025,Yksiö,Kalevalantie 4,1h+kt,24.5,"8
                                   ",620,no rating,0,1,1,1,1,1,1,0,1
"Niittykumpu-Tapiola, Espoo",-,no condition,-,2025,Yksiö,Kalevalantie 4,1h+kt,24.5,"60
                                   ",630,no rating,0,1,1,1,1,1,1,0,1
"Niittykumpu-Tapiola, Espoo",-,no condition,-,2025,Yksiö,Kalevalantie 4,1h+kt,24.5,"40
                                   ",640,no rating,0,1,1,1,1,1,1,0,1
"Niittykumpu-Tapiola, Espoo",-,no condition,-,2025,Yksiö,Kalevalantie 4,1h+kt,26,"1
                                   ",630,no rating,0,1,1,1,1,1,1,0,1
"Niittykumpu-Tapiola, Espoo",-,no condition,-,2025,Yksiö,Kalevalantie 4,1h+kt,26,"8
                                   ",640,no rating,0,1,1,1,1,1,1,0,1
"Niittykumpu-Tapiola, Espoo",-,no condition,-,2025,Yksiö,Kalevalantie 4,1h+kt,26,"5
                                   ",650,no rating,0,1,1,1,1,1,1,0,1
"Niittykumpu-Tapiola, Espoo",-,no condition,-,2025,Yksiö,Kalevalantie 4,1h+kt,26.5,"4
                                   ",645,no rating,0,1,1,1,1,1,1,0,1
"Niittykumpu-Tapiola, Espoo",-,no condition,-,2025,Yksiö,Kalevalantie 4,1h+kt,26.5,"3
                                   ",655,no rating,0,1,1,1,1,1,1,0,1
"Niittykumpu-Tapiola, Espoo",-,no condition,-,2025,Yksiö,Kalevalantie 4,1h+kt,29.5,"6
                                   ",688,no rating,0,1,1,1,1,1,1,0,1
"Niittykumpu-Tapiola, Espoo",-,no condition,-,2025,Yksiö,Kalevalantie 4,1h+kt,29.5,"20
                                   ",698,no rating,0,1,1,1,1,1,1,0,1
"Niittykumpu-Tapiola, Espoo",-,no condition,-,2025,Yksiö,Kalevalantie 4,1h+kt,29.5,"15
                                   ",708,no rating,0,1,1,1,1,1,1,0,1
"Niittykumpu-Tapiola, Espoo",-,no condition,-,2025,Yksiö,Kalevalantie 4,1h+kt,34,"1
                                   ",730,no rating,0,1,1,1,1,1,1,0,1
"Niittykumpu-Tapiola, Espoo",-,no condition,-,2025,Kaksio,Kalevalantie 4,2h+kt,38,"8
                                   ",785,no rating,0,1,1,1,1,1,1,0,1
"Niittykumpu-Tapiola, Espoo",-,no condition,-,2025,Kaksio,Kalevalantie 4,2h+kt,38,"6
                                   ",795,no rating,0,1,1,1,1,1,1,0,1
"Niittykumpu-Tapiola, Espoo",-,no condition,-,2025,Kaksio,Kalevalantie 4,2h+kt,38.5,"4
                                   ",790,no rating,0,1,1,1,1,1,1,0,1
"Niittykumpu-Tapiola, Espoo",-,no condition,-,2025,Kaksio,Kalevalantie 4,2h+kt,38.5,"3
                                   ",800,no rating,0,1,1,1,1,1,1,0,1
"Niittykumpu-Tapiola, Espoo",-,no condition,-,2025,Kaksio,Kalevalantie 4,2h+kt,44.5,"4
                                   ",885,no rating,0,1,1,1,1,1,1,0,1
"Niittykumpu-Tapiola, Espoo",-,no condition,-,2025,Kaksio,Kalevalantie 4,2h+kt,44.5,"3
                                   ",895,no rating,0,1,1,1,1,1,1,0,1
"Niittykumpu-Tapiola, Espoo",-,no condition,-,2026,Yksiö,Riihitontuntie 9,1h+kt,23.5,"1
                                   ",605,no rating,0,1,1,1,1,1,1,0,1
"Niittykumpu-Tapiola, Espoo",-,no condition,-,2026,Yksiö,Riihitontuntie 9,1h+kt,23.5,"2
                                   ",615,no rating,0,1,1,1,1,1,1,0,1
"Niittykumpu-Tapiola, Espoo",-,no condition,-,2026,Yksiö,Riihitontuntie 9,1h+kt,24,"39
                                   ",614,no rating,0,1,1,1,1,1,1,0,1
"Niittykumpu-Tapiola, Espoo",-,no condition,-,2026,Yksiö,Riihitontuntie 9,1h+kt,24,"40
                                   ",624,no rating,0,1,1,1,1,1,1,0,1
"Niittykumpu-Tapiola, Espoo",-,no condition,-,2026,Yksiö,Riihitontuntie 9,1h+kt,24,"22
                                   ",634,no rating,0,1,1,1,1,1,1,0,1
"Niittykumpu-Tapiola, Espoo",-,no condition,-,2026,Yksiö,Riihitontuntie 9,1h+kt,24.5,"18
                                   ",625,no rating,0,1,1,1,1,1,1,0,1
"Niittykumpu-Tapiola, Espoo",-,no condition,-,2026,Yksiö,Riihitontuntie 9,1h+kt,24.5,"18
                                   ",635,no rating,0,1,1,1,1,1,1,0,1
"Niittykumpu-Tapiola, Espoo",-,no condition,-,2026,Yksiö,Riihitontuntie 9,1h+kt,24.5,"10
                                   ",645,no rating,0,1,1,1,1,1,1,0,1
"Niittykumpu-Tapiola, Espoo",-,no condition,-,2026,Yksiö,Riihitontuntie 9,1h+kt,25,"3
                                   ",635,no rating,0,1,1,1,1,1,1,0,1
"Niittykumpu-Tapiola, Espoo",-,no condition,-,2026,Yksiö,Riihitontuntie 9,1h+kt,25,"2
                                   ",645,no rating,0,1,1,1,1,1,1,0,1
"Niittykumpu-Tapiola, Espoo",-,no condition,-,2026,Yksiö,Riihitontuntie 9,1h+kt,25.5,"1
                                   ",645,no rating,0,1,1,1,1,1,1,0,1
"Niittykumpu-Tapiola, Espoo",-,no condition,-,2026,Yksiö,Riihitontuntie 9,1h+kt,25.5,"1
                                   ",655,no rating,0,1,1,1,1,1,1,0,1
"Niittykumpu-Tapiola, Espoo",-,no condition,-,2026,Yksiö,Riihitontuntie 9,1h+kt,25.5,"2
                                   ",665,no rating,0,1,1,1,1,1,1,0,1
"Niittykumpu-Tapiola, Espoo",-,no condition,-,2026,Yksiö,Riihitontuntie 9,1h+kt,26,"12
                                   ",655,no rating,0,1,1,1,1,1,1,0,1
"Niittykumpu-Tapiola, Espoo",-,no condition,-,2026,Yksiö,Riihitontuntie 9,1h+kt,26,"12
                                   ",665,no rating,0,1,1,1,1,1,1,0,1
"Niittykumpu-Tapiola, Espoo",-,no condition,-,2026,Yksiö,Riihitontuntie 9,1h+kt,26,"6
                                   ",675,no rating,0,1,1,1,1,1,1,0,1
"Niittykumpu-Tapiola, Espoo",-,no condition,-,2026,Yksiö,Riihitontuntie 9,1h+kt,26.5,"3
                                   ",665,no rating,0,1,1,1,1,1,1,0,1
"Niittykumpu-Tapiola, Espoo",-,no condition,-,2026,Yksiö,Riihitontuntie 9,1h+kt,26.5,"2
                                   ",675,no rating,0,1,1,1,1,1,1,0,1
"Niittykumpu-Tapiola, Espoo",-,no condition,-,2026,Yksiö,Riihitontuntie 9,1h+kt,27.5,"12
                                   ",670,no rating,0,1,1,1,1,1,1,0,1
"Niittykumpu-Tapiola, Espoo",-,no condition,-,2026,Yksiö,Riihitontuntie 9,1h+kt,27.5,"12
                                   ",680,no rating,0,1,1,1,1,1,1,0,1
"Niittykumpu-Tapiola, Espoo",-,no condition,-,2026,Yksiö,Riihitontuntie 9,1h+kt,28.5,"2
                                   ",695,no rating,0,1,1,1,1,1,1,0,1
"Niittykumpu-Tapiola, Espoo",-,no condition,-,2026,Yksiö,Riihitontuntie 9,1h+kt,28.5,"2
                                   ",705,no rating,0,1,1,1,1,1,1,0,1
"Niittykumpu-Tapiola, Espoo",-,no condition,-,2026,Yksiö,Riihitontuntie 9,1h+kt,29.5,"1
                                   ",695,no rating,0,1,1,1,1,1,1,0,1
"Niittykumpu-Tapiola, Espoo",-,no condition,-,2026,Yksiö,Riihitontuntie 9,1h+kt,30,"2
                                   ",700,no rating,0,1,1,1,1,1,1,0,1
"Niittykumpu-Tapiola, Espoo",-,no condition,-,2026,Yksiö,Riihitontuntie 9,1h+kt,30,"2
                                   ",710,no rating,0,1,1,1,1,1,1,0,1
"Niittykumpu-Tapiola, Espoo",-,no condition,-,2026,Yksiö,Riihitontuntie 9,1h+kt,30,"2
                                   ",720,no rating,0,1,1,1,1,1,1,0,1
"Niittykumpu-Tapiola, Espoo",-,no condition,-,2026,Yksiö,Riihitontuntie 9,1h+kt,31.5,"2
                                   ",715,no rating,0,1,1,1,1,1,1,0,1
"Niittykumpu-Tapiola, Espoo",-,no condition,-,2026,Yksiö,Riihitontuntie 9,1h+kt,31.5,"2
                                   ",725,no rating,0,1,1,1,1,1,1,0,1
"Niittykumpu-Tapiola, Espoo",-,no condition,-,2026,Yksiö,Riihitontuntie 9,1h+kt,33.5,"2
                                   ",735,no rating,0,1,1,1,1,1,1,0,1
"Niittykumpu-Tapiola, Espoo",-,no condition,-,2026,Yksiö,Riihitontuntie 9,1h+kt,33.5,"2
                                   ",745,no rating,0,1,1,1,1,1,1,0,1
"Niittykumpu-Tapiola, Espoo",-,no condition,-,2026,Yksiö,Riihitontuntie 9,1h+kt,33.5,"2
                                   ",755,no rating,0,1,1,1,1,1,1,0,1
"Niittykumpu-Tapiola, Espoo",-,no condition,-,2026,Kaksio,Riihitontuntie 9,2h+kt,37,"2
                                   ",790,no rating,0,1,1,1,1,1,1,0,1
"Niittykumpu-Tapiola, Espoo",-,no condition,-,2026,Kaksio,Riihitontuntie 9,2h+kt,37,"2
                                   ",800,no rating,0,1,1,1,1,1,1,0,1
"Niittykumpu-Tapiola, Espoo",-,no condition,-,2026,Kaksio,Riihitontuntie 9,2h+kt,37.5,"1
                                   ",815,no rating,0,1,1,1,1,1,1,0,1
"Niittykumpu-Tapiola, Espoo",-,no condition,-,2026,Kaksio,Riihitontuntie 9,2h+kt,39,"2
                                   ",810,no rating,0,1,1,1,1,1,1,0,1
"Niittykumpu-Tapiola, Espoo",-,no condition,-,2026,Kaksio,Riihitontuntie 9,2h+kt,39,"2
                                   ",820,no rating,0,1,1,1,1,1,1,0,1
"Niittykumpu-Tapiola, Espoo",-,no condition,-,2026,Kaksio,Riihitontuntie 9,2h+kt,41,"2
                                   ",840,no rating,0,1,1,1,1,1,1,0,1
"Niittykumpu-Tapiola, Espoo",-,no condition,-,2026,Kaksio,Riihitontuntie 9,2h+kt,41,"2
                                   ",850,no rating,0,1,1,1,1,1,1,0,1
"Niittykumpu-Tapiola, Espoo",-,no condition,-,2026,Kaksio,Riihitontuntie 9,2h+kt,42.5,"2
                                   ",845,no rating,0,1,1,1,1,1,1,0,1
"Niittykumpu-Tapiola, Espoo",-,no condition,-,2026,Kaksio,Riihitontuntie 9,2h+kt,42.5,"1
                                   ",855,no rating,0,1,1,1,1,1,1,0,1
"Niittykumpu-Tapiola, Espoo",-,no condition,-,2026,Kaksio,Riihitontuntie 9,2h+kt,43,"2
                                   ",860,no rating,0,1,1,1,1,1,1,0,1
"Niittykumpu-Tapiola, Espoo",-,no condition,-,2026,Kaksio,Riihitontuntie 9,2h+kt,43,"2
                                   ",870,no rating,0,1,1,1,1,1,1,0,1
"Niittykumpu-Tapiola, Espoo",-,no condition,-,2026,Kaksio,Riihitontuntie 9,2h+kt,44,"2
                                   ",860,no rating,0,1,1,1,1,1,1,0,1
"Niittykumpu-Tapiola, Espoo",-,no condition,-,2026,Kaksio,Riihitontuntie 9,2h+kt,44,"2
                                   ",870,no rating,0,1,1,1,1,1,1,0,1
"Niittykumpu-Tapiola, Espoo",-,no condition,-,2026,Kaksio,Riihitontuntie 9,2h+kt,45.5,"1
                                   ",865,no rating,0,1,1,1,1,1,1,0,1
"Niittykumpu-Tapiola, Espoo",-,no condition,-,2026,Kaksio,Riihitontuntie 9,2h+kt,48,"2
                                   ",900,no rating,0,1,1,1,1,1,1,0,1
"Niittykumpu-Tapiola, Espoo",-,no condition,-,2026,Kaksio,Riihitontuntie 9,2h+kt,48,"2
                                   ",910,no rating,0,1,1,1,1,1,1,0,1
"Niittykumpu-Tapiola, Espoo",-,no condition,-,2026,Kolmio,Riihitontuntie 9,3h+kt,64,"2
                                   ",1070,no rating,0,1,1,1,1,1,1,0,1
"Niittykumpu-Tapiola, Espoo",-,no condition,-,2026,Kolmio,Riihitontuntie 9,3h+kt,64,"2
                                   ",1080,no rating,0,1,1,1,1,1,1,0,1
"Suutarila, Helsinki",E,no condition,2004,1984,Soluhuone,Peltokyläntie 3,1h,11.4,"2
                                   ",235,3,0,0,0,0,1,1,1,0,1
"Suutarila, Helsinki",E,no condition,2004,1984,Soluhuone,Peltokyläntie 3,1h,11.4,"8
                                   ",255,3,0,0,0,0,1,1,1,0,1
"Suutarila, Helsinki",E,no condition,2004,1984,Soluhuone,Peltokyläntie 3,1h,11.4,"2
                                   ",344,3,0,0,0,0,1,1,1,0,1
"Suutarila, Helsinki",E,no condition,2004,1984,Soluhuone,Peltokyläntie 3,1h,11.6,"4
                                   ",238,3,0,0,0,0,1,1,1,0,1
"Suutarila, Helsinki",E,no condition,2004,1984,Soluhuone,Peltokyläntie 3,1h,11.6,"1
                                   ",253,3,0,0,0,0,1,1,1,0,1
"Suutarila, Helsinki",E,no condition,2004,1984,Soluhuone,Peltokyläntie 3,1h,11.6,"10
                                   ",254,3,0,0,0,0,1,1,1,0,1
"Suutarila, Helsinki",E,no condition,2004,1984,Soluhuone,Peltokyläntie 3,1h,11.6,"2
                                   ",310,3,0,0,0,0,1,1,1,0,1
"Suutarila, Helsinki",E,no condition,2004,1984,Soluhuone,Peltokyläntie 3,1h,12.7,"1
                                   ",247,3,0,0,0,0,1,1,1,0,1
"Suutarila, Helsinki",E,no condition,2004,1984,Soluhuone,Peltokyläntie 3,1h,12.7,"4
                                   ",268,3,0,0,0,0,1,1,1,0,1
"Suutarila, Helsinki",E,no condition,2004,1984,Soluhuone,Peltokyläntie 3,1h,13.1,"2
                                   ",253,3,0,0,0,0,1,1,1,0,1
"Suutarila, Helsinki",E,no condition,2004,1984,Soluhuone,Peltokyläntie 3,1h,13.1,"5
                                   ",263,3,0,0,0,0,1,1,1,0,1
"Suutarila, Helsinki",E,no condition,2004,1984,Soluhuone,Peltokyläntie 3,1h,13.1,"5
                                   ",270,3,0,0,0,0,1,1,1,0,1
"Suutarila, Helsinki",E,no condition,2004,1984,Soluhuone,Peltokyläntie 3,1h,13.1,"1
                                   ",312,3,0,0,0,0,1,1,1,0,1
"Suutarila, Helsinki",E,no condition,2004,1984,Soluhuone,Peltokyläntie 3,1h,13.9,"3
                                   ",271,3,0,0,0,0,1,1,1,0,1
"Suutarila, Helsinki",E,no condition,2004,1984,Soluhuone,Peltokyläntie 3,1h,13.9,"1
                                   ",329,3,0,0,0,0,1,1,1,0,1
"Suutarila, Helsinki",E,no condition,2004,1984,Kaksio,Peltokyläntie 3,1h+tpk,47.5,"1
                                   ",593,3,0,0,0,0,1,1,1,0,1
"Suutarila, Helsinki",E,no condition,2004,1984,Kaksio,Peltokyläntie 3,1h+tpk,47.5,"8
                                   ",637,3,0,0,0,0,1,1,1,0,1
"Suutarila, Helsinki",E,no condition,2004,1984,Kaksio,Peltokyläntie 3,2h+k,47.5,"5
                                   ",637,3,0,0,0,0,1,1,1,0,1
"Suutarila, Helsinki",E,no condition,2004,1984,Kaksio,Peltokyläntie 3,1h+tpk,48,"1
                                   ",598,3,0,0,0,0,1,1,1,0,1
"Suutarila, Helsinki",E,no condition,2004,1984,Kaksio,Peltokyläntie 3,1h+tpk,48,"21
                                   ",641,3,0,0,0,0,1,1,1,0,1
"Suutarila, Helsinki",E,no condition,2004,1984,Kaksio,Peltokyläntie 3,2h+k,48,"1
                                   ",596,3,0,0,0,0,1,1,1,0,1
"Suutarila, Helsinki",E,no condition,2004,1984,Kaksio,Peltokyläntie 3,2h+k,48,"4
                                   ",641,3,0,0,0,0,1,1,1,0,1
"Suutarila, Helsinki",E,no condition,2004,1984,Kaksio,Peltokyläntie 3,2h+k,48.5,"1
                                   ",646,3,0,0,0,0,1,1,1,0,1
"Suutarila, Helsinki",E,no condition,2004,1984,Kaksio,Peltokyläntie 3,1h+tpk,49,"4
                                   ",652,3,0,0,0,0,1,1,1,0,1
"Suutarila, Helsinki",E,no condition,2004,1984,Kaksio,Peltokyläntie 3,2h+k,49,"1
                                   ",652,3,0,0,0,0,1,1,1,0,1
"Suutarila, Helsinki",E,no condition,2004,1984,Kaksio,Peltokyläntie 3,1h+tpk,49.5,"5
                                   ",658,3,0,0,0,0,1,1,1,0,1
"Suutarila, Helsinki",E,no condition,2004,1984,Kaksio,Peltokyläntie 3,2h+k,49.5,"1
                                   ",658,3,0,0,0,0,1,1,1,0,1
"Suutarila, Helsinki",E,no condition,2004,1984,Kaksio,Peltokyläntie 3,1h+tpk,50,"7
                                   ",665,3,0,0,0,0,1,1,1,0,1
"Suutarila, Helsinki",E,no condition,2004,1984,Kaksio,Peltokyläntie 3,2h+k,50,"6
                                   ",665,3,0,0,0,0,1,1,1,0,1
"Suutarila, Helsinki",E,no condition,2004,1984,Kaksio,Peltokyläntie 3,1h+tpk,55,"4
                                   ",710,3,0,0,0,0,1,1,1,0,1
"Suutarila, Helsinki",E,no condition,2004,1984,Kaksio,Peltokyläntie 3,2h+k,55,"1
                                   ",662,3,0,0,0,0,1,1,1,0,1
"Suutarila, Helsinki",E,no condition,2004,1984,Kaksio,Peltokyläntie 3,2h+k,55,"1
                                   ",709,3,0,0,0,0,1,1,1,0,1
"Suutarila, Helsinki",E,no condition,2004,1984,Kaksio,Peltokyläntie 3,2h+k,55,"2
                                   ",710,3,0,0,0,0,1,1,1,0,1
"Suutarila, Helsinki",E,no condition,2004,1984,Kaksio,Peltokyläntie 3,1h+tpk,55.5,"1
                                   ",670,3,0,0,0,0,1,1,1,0,1
"Suutarila, Helsinki",E,no condition,2004,1984,Kaksio,Peltokyläntie 3,1h+tpk,55.5,"12
                                   ",718,3,0,0,0,0,1,1,1,0,1
"Suutarila, Helsinki",E,no condition,2004,1984,Kaksio,Peltokyläntie 3,2h+k,55.5,"3
                                   ",718,3,0,0,0,0,1,1,1,0,1
"Suutarila, Helsinki",E,no condition,2004,1984,Kolmio,Peltokyläntie 3,2h+tpk,60,"2
                                   ",698,3,0,0,0,0,1,1,1,0,1
"Suutarila, Helsinki",E,no condition,2004,1984,Kolmio,Peltokyläntie 3,2h+tpk,60,"10
                                   ",750,3,0,0,0,0,1,1,1,0,1
"Suutarila, Helsinki",E,no condition,2004,1984,Kolmio,Peltokyläntie 3,3h+k,60,"1
                                   ",750,3,0,0,0,0,1,1,1,0,1
"Suutarila, Helsinki",E,no condition,2004,1984,Kolmio,Peltokyläntie 3,3h+k,60,"2
                                   ",782,3,0,0,0,0,1,1,1,0,1
"Suutarila, Helsinki",E,no condition,2004,1984,Kolmio,Peltokyläntie 3,3h+k,60,"4
                                   ",784,3,0,0,0,0,1,1,1,0,1
"Suutarila, Helsinki",E,no condition,2004,1984,Kolmio,Peltokyläntie 3,2h+tpk,61,"1
                                   ",704,3,0,0,0,0,1,1,1,0,1
"Suutarila, Helsinki",E,no condition,2004,1984,Kolmio,Peltokyläntie 3,2h+tpk,61,"10
                                   ",757,3,0,0,0,0,1,1,1,0,1
"Suutarila, Helsinki",E,no condition,2004,1984,Kolmio,Peltokyläntie 3,3h+k,61,"7
                                   ",784,3,0,0,0,0,1,1,1,0,1
"Suutarila, Helsinki",E,no condition,2004,1984,Kolmio,Peltokyläntie 3,2h+tpk,62,"1
                                   ",763,3,0,0,0,0,1,1,1,0,1
"Suutarila, Helsinki",E,no condition,2004,1984,Kolmio,Peltokyläntie 3,2h+tpk,62,"1
                                   ",788,3,0,0,0,0,1,1,1,0,1
"Suutarila, Helsinki",E,no condition,2004,1984,Kolmio,Peltokyläntie 3,3h+kt,62,"1
                                   ",788,3,0,0,0,0,1,1,1,0,1
"Suutarila, Helsinki",E,no condition,2004,1984,Kolmio,Peltokyläntie 3,2h+tpk,63,"1
                                   ",769,3,0,0,0,0,1,1,1,0,1
"Suutarila, Helsinki",E,no condition,2004,1984,Kolmio,Peltokyläntie 3,3h+k,63,"1
                                   ",816,3,0,0,0,0,1,1,1,0,1
"Suutarila, Helsinki","C, F",no condition,2015,1982,Soluhuone,Siltakylänkuja 1,1h,11.8,"18
                                   ",267,no rating,0,0,0,0,1,1,1,0,1
"Suutarila, Helsinki","C, F",no condition,2015,1982,Soluhuone,Siltakylänkuja 1,1h,11.8,"6
                                   ",325,no rating,0,0,0,0,1,1,1,0,1
"Suutarila, Helsinki","C, F",no condition,2015,1982,Soluhuone,Siltakylänkuja 1,1h,12.1,"9
                                   ",269,no rating,0,0,0,0,1,1,1,0,1
"Suutarila, Helsinki","C, F",no condition,2015,1982,Soluhuone,Siltakylänkuja 1,1h,15.7,"6
                                   ",365,no rating,0,0,0,0,1,1,1,0,1
"Suutarila, Helsinki","C, F",no condition,2015,1982,Kaksio,Siltakylänkuja 1,1h+tpk,48,"4
                                   ",652,no rating,0,0,0,0,1,1,1,0,1
"Suutarila, Helsinki","C, F",no condition,2015,1982,Kaksio,Siltakylänkuja 1,2h+k,48,"52
                                   ",652,no rating,0,0,0,0,1,1,1,0,1
"Suutarila, Helsinki","C, F",no condition,2015,1982,Kaksio,Siltakylänkuja 1,2h+k,48,"17
                                   ",653,no rating,0,0,0,0,1,1,1,0,1
"Suutarila, Helsinki","C, F",no condition,2015,1982,Kaksio,Siltakylänkuja 1,2h+k,56,"29
                                   ",736,no rating,0,0,0,0,1,1,1,0,1
"Suutarila, Helsinki","C, F",no condition,2015,1982,Kolmio,Siltakylänkuja 1,2h+tpk,60,"24
                                   ",771,no rating,0,0,0,0,1,1,1,0,1
"Suutarila, Helsinki","C, F",no condition,2015,1982,Kolmio,Siltakylänkuja 1,3h+k,60,"15
                                   ",771,no rating,0,0,0,0,1,1,1,0,1
"Kivenlahti, Espoo",E,no condition,2013,1974,Soluhuone,Maininkitie 4,1h,13.3,"21
                                   ",269,3,0,0,0,0,1,1,1,0,1
"Kivenlahti, Espoo",E,no condition,2013,1974,Soluhuone,Maininkitie 4,1h,16,"6
                                   ",297,3,0,0,0,0,1,1,1,0,1
"Kivenlahti, Espoo",E,no condition,2013,1974,Soluhuone,Maininkitie 4,1h,16.2,"21
                                   ",304,3,0,0,0,0,1,1,1,0,1
"Kivenlahti, Espoo",E,no condition,2013,1974,Soluhuone,Maininkitie 4,1h,17.8,"21
                                   ",317,3,0,0,0,0,1,1,1,0,1
"Kivenlahti, Espoo",E,no condition,2013,1974,Kalustettu soluhuone,Maininkitie 4,1h,13.3,"13
                                   ",416,3,0,0,0,0,1,1,1,0,1
"Kivenlahti, Espoo",E,no condition,2013,1974,Kalustettu soluhuone,Maininkitie 4,1h,16.2,"13
                                   ",462,3,0,0,0,0,1,1,1,0,1
"Kivenlahti, Espoo",E,no condition,2013,1974,Kalustettu soluhuone,Maininkitie 4,1h,17.8,"13
                                   ",480,3,0,0,0,0,1,1,1,0,1
"Kivenlahti, Espoo",E,no condition,2013,1974,Kaksio,Maininkitie 4,2h+kk,48,"18
                                   ",598,3,0,0,0,0,1,1,1,0,1
"Kivenlahti, Espoo",E,no condition,2013,1974,Kolmio,Maininkitie 4,3h+oh+kk,81,"8
                                   ",906,3,0,0,0,0,1,1,1,0,1
"Hermanni-Sörnäinen, Helsinki",C,no condition,-,2014,Soluhuone,Haukilahdenkuja 15,1h,15.05,"1
                                   ",490,5,0,0,1,0,1,1,1,0,1
"Hermanni-Sörnäinen, Helsinki",C,no condition,-,2014,Soluhuone,Haukilahdenkuja 15,1h,15.05,"7
                                   ",495,5,0,0,1,0,1,1,1,0,1
"Hermanni-Sörnäinen, Helsinki",C,no condition,-,2014,Yksiö,Haukilahdenkuja 15,1h+minikeittiö,27.5,"19
                                   ",617,5,0,0,1,0,1,1,1,0,1
"Hermanni-Sörnäinen, Helsinki",C,no condition,-,2014,Yksiö,Haukilahdenkuja 15,1h+minikeittiö,27.5,"33
                                   ",618,5,0,0,1,0,1,1,1,0,1
"Hermanni-Sörnäinen, Helsinki",C,no condition,-,2014,Yksiö,Haukilahdenkuja 15,1h+yhteiskeittiö/shared kitchen,27.5,"5
                                   ",617,5,0,0,1,0,1,1,1,0,1
"Hermanni-Sörnäinen, Helsinki",C,no condition,-,2014,Yksiö,Haukilahdenkuja 15,1h+yhteiskeittiö/shared kitchen,27.5,"9
                                   ",618,5,0,0,1,0,1,1,1,0,1
"Hermanni-Sörnäinen, Helsinki",C,no condition,-,2014,Yksiö,Haukilahdenkuja 15,1h+minikeittiö,28,"15
                                   ",622,5,0,0,1,0,1,1,1,0,1
"Hermanni-Sörnäinen, Helsinki",C,no condition,-,2014,Yksiö,Haukilahdenkuja 15,1h+yhteiskeittiö/shared kitchen,28,"16
                                   ",622,5,0,0,1,0,1,1,1,0,1
"Hermanni-Sörnäinen, Helsinki",C,no condition,-,2014,Kaksio,Haukilahdenkuja 15,1h+tpk,42,"8
                                   ",818,5,0,0,1,0,1,1,1,0,1
"Hermanni-Sörnäinen, Helsinki",C,no condition,-,2014,Kaksio,Haukilahdenkuja 15,1h+tpk,42,"21
                                   ",819,5,0,0,1,0,1,1,1,0,1
"Hermanni-Sörnäinen, Helsinki",C,no condition,-,2014,Kaksio,Haukilahdenkuja 15,1h+tpk,48.5,"4
                                   ",900,5,0,0,1,0,1,1,1,0,1
"Hermanni-Sörnäinen, Helsinki",C,no condition,-,2014,Kaksio,Haukilahdenkuja 15,1h+tpk,48.5,"1
                                   ",902,5,0,0,1,0,1,1,1,0,1
"Hermanni-Sörnäinen, Helsinki",C,no condition,-,2014,Kaksio,Haukilahdenkuja 15,1h+tpk,52.5,"3
                                   ",964,5,0,0,1,0,1,1,1,0,1
"Hermanni-Sörnäinen, Helsinki",C,no condition,-,2014,Kaksio,Haukilahdenkuja 15,1h+tpk,56.5,"1
                                   ",967,5,0,0,1,0,1,1,1,0,1
"Hermanni-Sörnäinen, Helsinki",C,no condition,-,2014,Kaksio,Haukilahdenkuja 15,1h+tpk,56.5,"2
                                   ",968,5,0,0,1,0,1,1,1,0,1
"Hermanni-Sörnäinen, Helsinki",C,no condition,-,2014,Kaksio,Haukilahdenkuja 15,2h+kt,56.5,"1
                                   ",940,5,0,0,1,0,1,1,1,0,1
"Hermanni-Sörnäinen, Helsinki",C,no condition,-,2014,Kaksio,Haukilahdenkuja 15,2h+kt,56.5,"2
                                   ",967,5,0,0,1,0,1,1,1,0,1
"Hermanni-Sörnäinen, Helsinki",C,no condition,-,2014,Kaksio,Haukilahdenkuja 15,2h+kt,56.5,"4
                                   ",968,5,0,0,1,0,1,1,1,0,1
"Hermanni-Sörnäinen, Helsinki",C,no condition,-,2014,Kaksio,Haukilahdenkuja 15,2h+kt,56.5,"1
                                   ",969,5,0,0,1,0,1,1,1,0,1
"Kruunuvuorenranta-Laajasalo, Helsinki",E,no condition,-,1995,Kaksio,Kasperinkuja 13,1h+tpk,32,"9
                                   ",502,no rating,0,0,0,0,1,1,1,0,1
"Kruunuvuorenranta-Laajasalo, Helsinki",E,no condition,-,1995,Kaksio,Kasperinkuja 13,1h+tpk,34.5,"2
                                   ",538,no rating,0,0,0,0,1,1,1,0,1
"Kruunuvuorenranta-Laajasalo, Helsinki",E,no condition,-,1995,Kaksio,Kasperinkuja 13,1h+tpk,34.5,"4
                                   ",539,no rating,0,0,0,0,1,1,1,0,1
"Kruunuvuorenranta-Laajasalo, Helsinki",E,no condition,-,1995,Kaksio,Kasperinkuja 13,1h+tpk,37.5,"6
                                   ",539,no rating,0,0,0,0,1,1,1,0,1
"Kruunuvuorenranta-Laajasalo, Helsinki",E,no condition,-,1995,Kaksio,Kasperinkuja 13,1h+tpk,40,"6
                                   ",567,no rating,0,0,0,0,1,1,1,0,1
"Kruunuvuorenranta-Laajasalo, Helsinki",E,no condition,-,1995,Kaksio,Kasperinkuja 13,1h+tpk,43,"6
                                   ",605,no rating,0,0,0,0,1,1,1,0,1
"Kruunuvuorenranta-Laajasalo, Helsinki",-,no condition,-,2025,Yksiö,Hopeakaivoksentie 47,1h+kt,22,"10
                                   ",595,5,0,1,1,1,1,1,1,0,1
"Kruunuvuorenranta-Laajasalo, Helsinki",-,no condition,-,2025,Yksiö,Hopeakaivoksentie 47,1h+kt,22,"8
                                   ",605,5,0,1,1,1,1,1,1,0,1
"Kruunuvuorenranta-Laajasalo, Helsinki",-,no condition,-,2025,Yksiö,Hopeakaivoksentie 47,1h+kt,22.5,"47
                                   ",605,5,0,1,1,1,1,1,1,0,1
"Kruunuvuorenranta-Laajasalo, Helsinki",-,no condition,-,2025,Yksiö,Hopeakaivoksentie 47,1h+kt,22.5,"34
                                   ",615,5,0,1,1,1,1,1,1,0,1
"Kruunuvuorenranta-Laajasalo, Helsinki",-,no condition,-,2025,Yksiö,Hopeakaivoksentie 47,1h+kt,23.5,"6
                                   ",625,5,0,1,1,1,1,1,1,0,1
"Kruunuvuorenranta-Laajasalo, Helsinki",-,no condition,-,2025,Yksiö,Hopeakaivoksentie 47,1h+kt,23.5,"6
                                   ",635,5,0,1,1,1,1,1,1,0,1
"Kruunuvuorenranta-Laajasalo, Helsinki",-,no condition,-,2025,Yksiö,Hopeakaivoksentie 47,1h+kt,24,"6
                                   ",635,5,0,1,1,1,1,1,1,0,1
"Kruunuvuorenranta-Laajasalo, Helsinki",-,no condition,-,2025,Yksiö,Hopeakaivoksentie 47,1h+kt,24,"6
                                   ",645,5,0,1,1,1,1,1,1,0,1
"Kruunuvuorenranta-Laajasalo, Helsinki",-,no condition,-,2025,Yksiö,Hopeakaivoksentie 47,1h+kt,24.5,"3
                                   ",645,5,0,1,1,1,1,1,1,0,1
"Kruunuvuorenranta-Laajasalo, Helsinki",-,no condition,-,2025,Yksiö,Hopeakaivoksentie 47,1h+kt,24.5,"2
                                   ",655,5,0,1,1,1,1,1,1,0,1
"Kruunuvuorenranta-Laajasalo, Helsinki",-,no condition,-,2025,Yksiö,Hopeakaivoksentie 47,1h+kt,32.5,"3
                                   ",755,5,0,1,1,1,1,1,1,0,1
"Kruunuvuorenranta-Laajasalo, Helsinki",-,no condition,-,2025,Yksiö,Hopeakaivoksentie 47,1h+kt,32.5,"2
                                   ",765,5,0,1,1,1,1,1,1,0,1
"Kruunuvuorenranta-Laajasalo, Helsinki",-,no condition,-,2025,Yksiö,Hopeakaivoksentie 47,1h+kt,33,"1
                                   ",765,5,0,1,1,1,1,1,1,0,1
"Kruunuvuorenranta-Laajasalo, Helsinki",-,no condition,-,2025,Kaksio,Hopeakaivoksentie 47,2h+kt,38,"1
                                   ",825,5,0,1,1,1,1,1,1,0,1
"Kruunuvuorenranta-Laajasalo, Helsinki",-,no condition,-,2025,Kaksio,Hopeakaivoksentie 47,2h+kt,38,"2
                                   ",835,5,0,1,1,1,1,1,1,0,1
"Kilo, Espoo",G,no condition,1998,1976,Soluhuone,Kilonkallio 10,1h,12.77,"6
                                   ",364,no rating,0,0,0,0,1,1,1,0,1
"Kilo, Espoo",G,no condition,1998,1976,Soluhuone,Kilonkallio 10,1h,12.86,"4
                                   ",364,no rating,0,0,0,0,1,1,1,0,1
"Kilo, Espoo",G,no condition,1998,1976,Yksiö,Kilonkallio 10,1h+kk,26,"3
                                   ",422,no rating,0,0,0,0,1,1,1,0,1
"Kilo, Espoo",G,no condition,1998,1976,Yksiö,Kilonkallio 10,1h+kk,26,"3
                                   ",423,no rating,0,0,0,0,1,1,1,0,1
"Kilo, Espoo",G,no condition,1998,1976,Kaksio,Kilonkallio 10,2h+kk,41.7,"1
                                   ",494,no rating,0,0,0,0,1,1,1,0,1
"Kilo, Espoo",G,no condition,1998,1976,Kaksio,Kilonkallio 10,2h+kk,41.7,"35
                                   ",547,no rating,0,0,0,0,1,1,1,0,1
"Kilo, Espoo",G,no condition,1998,1976,Kolmio,Kilonkallio 10,2h+tpk,63.1,"1
                                   ",662,no rating,0,0,0,0,1,1,1,0,1
"Kilo, Espoo",G,no condition,1998,1976,Kolmio,Kilonkallio 10,2h+tpk,63.1,"4
                                   ",663,no rating,0,0,0,0,1,1,1,0,1
"Kilo, Espoo",G,no condition,1998,1976,Kolmio,Kilonkallio 10,2h+tpk,63.1,"1
                                   ",707,no rating,0,0,0,0,1,1,1,0,1
"Kilo, Espoo",G,no condition,1998,1976,Kolmio,Kilonkallio 10,2h+tpk,63.1,"1
                                   ",709,no rating,0,0,0,0,1,1,1,0,1
"Kilo, Espoo",G,no condition,1998,1976,Kolmio,Kilonkallio 10,2h+tpk,63.1,"28
                                   ",730,no rating,0,0,0,0,1,1,1,0,1
"Kilo, Espoo",E,no condition,-,1999,Kaksio,Kilonportti 1,1h+tpk,38.5,"20
                                   ",643,5,0,1,1,0,1,1,1,0,1
"Kilo, Espoo",E,no condition,-,1999,Kaksio,Kilonportti 1,1h+tpk,47.5,"10
                                   ",740,5,0,1,1,0,1,1,1,0,1
"Kilo, Espoo",E,no condition,-,1999,Kaksio,Kilonportti 1,1h+oh+k,59,"2
                                   ",837,5,0,1,1,0,1,1,1,0,1
"Kilo, Espoo",E,no condition,-,1999,Kaksio,Kilonportti 1,1h+oh+k,66,"10
                                   ",900,5,0,1,1,0,1,1,1,0,1
"Kilo, Espoo",E,no condition,-,1999,Kaksio,Kilonportti 1,1h+oh+k,68,"10
                                   ",915,5,0,1,1,0,1,1,1,0,1
"Kilo, Espoo",E,no condition,-,1999,Kolmio,Kilonportti 1,2h+oh+k,78,"3
                                   ",935,5,0,1,1,0,1,1,1,0,1
"Kilo, Espoo",E,no condition,-,1999,Kolmio,Kilonportti 1,2h+oh+k,78.5,"7
                                   ",939,5,0,1,1,0,1,1,1,0,1
"Kilo, Espoo",E,no condition,-,1999,Kolmio,Kilonportti 1,2h+oh+k,84,"2
                                   ",956,5,0,1,1,0,1,1,1,0,1
"Kilo, Espoo",E,no condition,2000,1975,Soluhuone,Kilonrinne 10,1h,12.1,"1
                                   ",226,3,0,0,0,0,1,1,1,0,1
"Kilo, Espoo",E,no condition,2000,1975,Soluhuone,Kilonrinne 10,1h,12.3,"1
                                   ",229,3,0,0,0,0,1,1,1,0,1
"Kilo, Espoo",E,no condition,2000,1975,Soluhuone,Kilonrinne 10,1h,12.9,"3
                                   ",208,3,0,0,0,0,1,1,1,0,1
"Kilo, Espoo",E,no condition,2000,1975,Soluhuone,Kilonrinne 10,1h,12.9,"6
                                   ",225,3,0,0,0,0,1,1,1,0,1
"Kilo, Espoo",E,no condition,2000,1975,Soluhuone,Kilonrinne 10,1h,12.9,"85
                                   ",231,3,0,0,0,0,1,1,1,0,1
"Kilo, Espoo",E,no condition,2000,1975,Kalustettu soluhuone,Kilonrinne 10,1h,12.9,"6
                                   ",365,3,0,0,0,0,1,1,1,0,1
"Kilo, Espoo",E,no condition,2000,1975,Kalustettu soluhuone,Kilonrinne 10,1h,12.9,"8
                                   ",371,3,0,0,0,0,1,1,1,0,1
"Kilo, Espoo",E,no condition,2000,1975,Kalustettu soluhuone,Kilonrinne 10,1h,12.9,"2
                                   ",383,3,0,0,0,0,1,1,1,0,1
"Kilo, Espoo",E,no condition,2000,1975,Kalustettu soluhuone,Kilonrinne 10,1h,12.9,"2
                                   ",387,3,0,0,0,0,1,1,1,0,1
"Kilo, Espoo",E,no condition,2000,1975,Kalustettu soluhuone,Kilonrinne 10,1h,12.9,"2
                                   ",478,3,0,0,0,0,1,1,1,0,1
"Kilo, Espoo",E,no condition,2000,1975,Yksiö,Kilonrinne 10,1h+kk,26,"4
                                   ",422,3,0,0,0,0,1,1,1,0,1
"Kilo, Espoo",E,no condition,2000,1975,Yksiö,Kilonrinne 10,1h+kk,26,"4
                                   ",423,3,0,0,0,0,1,1,1,0,1
"Kilo, Espoo",E,no condition,2000,1975,Kaksio,Kilonrinne 10,2h+kk,40.5,"32
                                   ",470,3,0,0,0,0,1,1,1,0,1
"Kilo, Espoo",E,no condition,2000,1975,Kaksio,Kilonrinne 10,2h+kk,42.2,"1
                                   ",480,3,0,0,0,0,1,1,1,0,1
"Kilo, Espoo",E,no condition,2000,1975,Kaksio,Kilonrinne 10,2h+kk,42.2,"33
                                   ",493,3,0,0,0,0,1,1,1,0,1
"Kilo, Espoo",E,no condition,2000,1975,Kolmio,Kilonrinne 10,2h+tpk,62,"1
                                   ",586,3,0,0,0,0,1,1,1,0,1
"Kilo, Espoo",E,no condition,2000,1975,Kolmio,Kilonrinne 10,2h+tpk,62,"14
                                   ",664,3,0,0,0,0,1,1,1,0,1
"Kilo, Espoo",E,no condition,2000,1975,Kolmio,Kilonrinne 10,3h+k,62,"1
                                   ",633,3,0,0,0,0,1,1,1,0,1
"Kilo, Espoo",E,no condition,2000,1975,Kolmio,Kilonrinne 10,3h+k,62,"9
                                   ",702,3,0,0,0,0,1,1,1,0,1
"Pitäjänmäki, Helsinki",E,no condition,-,1993,Soluhuone,Pitäjänmäentie 13,1h,15.4,"3
                                   ",342,4,0,0,1,0,1,1,1,0,1
"Pitäjänmäki, Helsinki",E,no condition,-,1993,Soluhuone,Pitäjänmäentie 13,1h,15.8,"3
                                   ",350,4,0,0,1,0,1,1,1,0,1
"Pitäjänmäki, Helsinki",E,no condition,-,1993,Soluhuone,Pitäjänmäentie 13,1h,16,"3
                                   ",353,4,0,0,1,0,1,1,1,0,1
"Pitäjänmäki, Helsinki",E,no condition,-,1993,Soluhuone,Pitäjänmäentie 13,1h,16.1,"3
                                   ",353,4,0,0,1,0,1,1,1,0,1
"Pitäjänmäki, Helsinki",E,no condition,-,1993,Soluhuone,Pitäjänmäentie 13,1h,16.3,"8
                                   ",383,4,0,0,1,0,1,1,1,0,1
"Pitäjänmäki, Helsinki",E,no condition,-,1993,Soluhuone,Pitäjänmäentie 13,1h,16.6,"4
                                   ",385,4,0,0,1,0,1,1,1,0,1
"Pitäjänmäki, Helsinki",E,no condition,-,1993,Kolmio,Pitäjänmäentie 13,1h+oh+tpk,49,"4
                                   ",763,4,0,0,1,0,1,1,1,0,1
"Pitäjänmäki, Helsinki",E,no condition,-,1993,Kolmio,Pitäjänmäentie 13,2h+oh+k,64,"2
                                   ",930,4,0,0,1,0,1,1,1,0,1
"Pitäjänmäki, Helsinki",E,no condition,-,1993,Kolmio,Pitäjänmäentie 13,2h+oh+kk,66,"1
                                   ",948,4,0,0,1,0,1,1,1,0,1
"Pitäjänmäki, Helsinki",E,no condition,-,1993,Kolmio,Pitäjänmäentie 13,2h+oh+tpk,66.5,"2
                                   ",956,4,0,0,1,0,1,1,1,0,1
"Pitäjänmäki, Helsinki",E,no condition,-,1993,Kaksio,Pitäjänmäentie 13,1h+oh+kk,51.5,"6
                                   ",792,4,0,0,1,0,1,1,1,0,1
"Pitäjänmäki, Helsinki",E,no condition,-,1993,Kaksio,Pitäjänmäentie 13,1h+oh+k,52.5,"1
                                   ",805,4,0,0,1,0,1,1,1,0,1
"Pitäjänmäki, Helsinki",E,no condition,-,1993,Kaksio,Pitäjänmäentie 13,1h+oh+kk,53,"4
                                   ",805,4,0,0,1,0,1,1,1,0,1
"Pitäjänmäki, Helsinki",E,no condition,-,1993,Kaksio,Pitäjänmäentie 13,1h+oh+k,55,"1
                                   ",837,4,0,0,1,0,1,1,1,0,1
"Pitäjänmäki, Helsinki",E,no condition,-,1993,Kaksio,Pitäjänmäentie 13,1h+oh+k,56,"2
                                   ",849,4,0,0,1,0,1,1,1,0,1
"Pitäjänmäki, Helsinki",E,no condition,-,1993,Kaksio,Pitäjänmäentie 13,1h+oh+k,58.5,"3
                                   ",871,4,0,0,1,0,1,1,1,0,1
"Pitäjänmäki, Helsinki",E,no condition,-,1993,Kaksio,Pitäjänmäentie 13,1h+oh+k,59,"3
                                   ",876,4,0,0,1,0,1,1,1,0,1
"Pitäjänmäki, Helsinki",F,no condition,-,1998,Kaksio,Silmupolku 1,1h+tpk,43,"10
                                   ",701,no rating,0,1,1,1,1,1,1,0,1
"Pitäjänmäki, Helsinki",F,no condition,-,1998,Kaksio,Silmupolku 1,1h+oh+kk,44,"10
                                   ",713,no rating,0,1,1,1,1,1,1,0,1
"Pitäjänmäki, Helsinki",F,no condition,-,1998,Kaksio,Silmupolku 1,1h+tpk,46,"10
                                   ",727,no rating,0,1,1,1,1,1,1,0,1
"Pitäjänmäki, Helsinki",F,no condition,-,1998,Kaksio,Silmupolku 1,1h+oh+kk,49.5,"5
                                   ",758,no rating,0,1,1,1,1,1,1,0,1
"Pitäjänmäki, Helsinki",F,no condition,-,1998,Kolmio,Silmupolku 1,2h+oh+kk,76.5,"5
                                   ",968,no rating,0,1,1,1,1,1,1,0,1
"Pitäjänmäki, Helsinki",F,no condition,-,1998,Kolmio,Silmupolku 1,2h+oh+k,80.5,"10
                                   ",973,no rating,0,1,1,1,1,1,1,0,1
"Jokiniemi-Tikkurila, Vantaa",F,no condition,2015,1989,Soluhuone,Viljo Sohkasen Katu 3,1h,12,"3
                                   ",275,no rating,0,0,0,0,1,1,1,0,1
"Jokiniemi-Tikkurila, Vantaa",F,no condition,2015,1989,Soluhuone,Viljo Sohkasen Katu 3,1h,12,"2
                                   ",277,no rating,0,0,0,0,1,1,1,0,1
"Jokiniemi-Tikkurila, Vantaa",F,no condition,2015,1989,Soluhuone,Viljo Sohkasen Katu 3,1h,12.5,"6
                                   ",278,no rating,0,0,0,0,1,1,1,0,1
"Jokiniemi-Tikkurila, Vantaa",F,no condition,2015,1989,Soluhuone,Viljo Sohkasen Katu 3,1h,12.5,"1
                                   ",280,no rating,0,0,0,0,1,1,1,0,1
"Jokiniemi-Tikkurila, Vantaa",F,no condition,2015,1989,Kaksio,Viljo Sohkasen Katu 3,1h+tpk,46,"34
                                   ",584,no rating,0,0,0,0,1,1,1,0,1
"Jokiniemi-Tikkurila, Vantaa",F,no condition,2015,1989,Kolmio,Viljo Sohkasen Katu 3,2h+oh+k,66,"1
                                   ",781,no rating,0,0,0,0,1,1,1,0,1
"Jokiniemi-Tikkurila, Vantaa",F,no condition,2015,1989,Kolmio,Viljo Sohkasen Katu 3,2h+tpk,66,"3
                                   ",781,no rating,0,0,0,0,1,1,1,0,1
"Jokiniemi-Tikkurila, Vantaa",F,no condition,2015,1989,Kolmio,Viljo Sohkasen Katu 3,3h+k,66,"2
                                   ",781,no rating,0,0,0,0,1,1,1,0,1
"Jokiniemi-Tikkurila, Vantaa",F,no condition,2015,1989,Kolmio,Viljo Sohkasen Katu 3,3h+k,66,"1
                                   ",820,no rating,0,0,0,0,1,1,1,0,1
"Jokiniemi-Tikkurila, Vantaa",F,no condition,2015,1989,Kolmio,Viljo Sohkasen Katu 3,3h+kt,66,"7
                                   ",781,no rating,0,0,0,0,1,1,1,0,1
"Jokiniemi-Tikkurila, Vantaa",F,no condition,2015,1989,Kolmio,Viljo Sohkasen Katu 3,3h+kt,66,"6
                                   ",820,no rating,0,0,0,0,1,1,1,0,1
"Jokiniemi-Tikkurila, Vantaa",F,no condition,2015,1989,Kolmio,Viljo Sohkasen Katu 3,3h+k,67.5,"1
                                   ",830,no rating,0,0,0,0,1,1,1,0,1
"Jokiniemi-Tikkurila, Vantaa",F,no condition,2015,1989,Kolmio,Viljo Sohkasen Katu 3,3h+k,67.5,"4
                                   ",840,no rating,0,0,0,0,1,1,1,0,1
"Jokiniemi-Tikkurila, Vantaa",F,no condition,2015,1989,Kolmio,Viljo Sohkasen Katu 3,3h+kt,67.5,"6
                                   ",840,no rating,0,0,0,0,1,1,1,0,1
"Jokiniemi-Tikkurila, Vantaa",F,no condition,2015,1989,Kolmio,Viljo Sohkasen Katu 3,2h+tpk,70.3,"3
                                   ",794,no rating,0,0,0,0,1,1,1,0,1
"Jokiniemi-Tikkurila, Vantaa",F,no condition,2015,1989,Kolmio,Viljo Sohkasen Katu 3,3h+k,72,"3
                                   ",832,no rating,0,0,0,0,1,1,1,0,1
"Jokiniemi-Tikkurila, Vantaa",F,no condition,2015,1989,Kolmio,Viljo Sohkasen Katu 3,3h+k,72,"1
                                   ",872,no rating,0,0,0,0,1,1,1,0,1
"Jokiniemi-Tikkurila, Vantaa",F,no condition,2015,1989,Kolmio,Viljo Sohkasen Katu 3,3h+kt,72,"2
                                   ",872,no rating,0,0,0,0,1,1,1,0,1
"Jokiniemi-Tikkurila, Vantaa",B,no condition,-,2021,Yksiö,Vehkapolku 10,1h+kt,24,"1
                                   ",566,4,0,1,1,0,1,1,1,0,1
"Jokiniemi-Tikkurila, Vantaa",B,no condition,-,2021,Yksiö,Vehkapolku 10,1h+kt,24,"13
                                   ",577,4,0,1,1,0,1,1,1,0,1
"Jokiniemi-Tikkurila, Vantaa",B,no condition,-,2021,Yksiö,Vehkapolku 10,1h+kt,24,"6
                                   ",593,4,0,1,1,0,1,1,1,0,1
"Jokiniemi-Tikkurila, Vantaa",B,no condition,-,2021,Yksiö,Vehkapolku 10,1h+kt,24,"10
                                   ",598,4,0,1,1,0,1,1,1,0,1
"Jokiniemi-Tikkurila, Vantaa",B,no condition,-,2021,Yksiö,Vehkapolku 10,1h+kt,24,"15
                                   ",603,4,0,1,1,0,1,1,1,0,1
"Jokiniemi-Tikkurila, Vantaa",B,no condition,-,2021,Yksiö,Vehkapolku 10,1h+kt,24,"21
                                   ",608,4,0,1,1,0,1,1,1,0,1
"Jokiniemi-Tikkurila, Vantaa",B,no condition,-,2021,Yksiö,Vehkapolku 10,1h+kt,24,"30
                                   ",638,4,0,1,1,0,1,1,1,0,1
"Jokiniemi-Tikkurila, Vantaa",B,no condition,-,2021,Yksiö,Vehkapolku 10,1h+kt,24,"14
                                   ",660,4,0,1,1,0,1,1,1,0,1
"Jokiniemi-Tikkurila, Vantaa",B,no condition,-,2021,Yksiö,Vehkapolku 10,1h+kt,25,"1
                                   ",566,4,0,1,1,0,1,1,1,0,1
"Jokiniemi-Tikkurila, Vantaa",B,no condition,-,2021,Yksiö,Vehkapolku 10,1h+kt,28,"1
                                   ",618,4,0,1,1,0,1,1,1,0,1
"Jokiniemi-Tikkurila, Vantaa",B,no condition,-,2021,Yksiö,Vehkapolku 10,1h+kt,28,"3
                                   ",628,4,0,1,1,0,1,1,1,0,1
"Jokiniemi-Tikkurila, Vantaa",B,no condition,-,2021,Yksiö,Vehkapolku 10,1h+kt,28,"1
                                   ",638,4,0,1,1,0,1,1,1,0,1
"Jokiniemi-Tikkurila, Vantaa",B,no condition,-,2021,Yksiö,Vehkapolku 10,1h+kt,28,"4
                                   ",649,4,0,1,1,0,1,1,1,0,1
"Jokiniemi-Tikkurila, Vantaa",B,no condition,-,2021,Yksiö,Vehkapolku 10,1h+kt,28,"1
                                   ",660,4,0,1,1,0,1,1,1,0,1
"Jokiniemi-Tikkurila, Vantaa",B,no condition,-,2021,Yksiö,Vehkapolku 10,1h+kt,28,"1
                                   ",690,4,0,1,1,0,1,1,1,0,1
"Jokiniemi-Tikkurila, Vantaa",B,no condition,-,2021,Yksiö,Vehkapolku 10,1h+kt,28.5,"2
                                   ",638,4,0,1,1,0,1,1,1,0,1
"Jokiniemi-Tikkurila, Vantaa",B,no condition,-,2021,Yksiö,Vehkapolku 10,1h+kt,28.5,"1
                                   ",649,4,0,1,1,0,1,1,1,0,1
"Jokiniemi-Tikkurila, Vantaa",B,no condition,-,2021,Yksiö,Vehkapolku 10,1h+kt,28.5,"6
                                   ",660,4,0,1,1,0,1,1,1,0,1
"Jokiniemi-Tikkurila, Vantaa",B,no condition,-,2021,Yksiö,Vehkapolku 10,1h+kt,28.5,"1
                                   ",670,4,0,1,1,0,1,1,1,0,1
"Jokiniemi-Tikkurila, Vantaa",B,no condition,-,2021,Yksiö,Vehkapolku 10,1h+kt,28.5,"2
                                   ",680,4,0,1,1,0,1,1,1,0,1
"Jokiniemi-Tikkurila, Vantaa",B,no condition,-,2021,Yksiö,Vehkapolku 10,1h+kt,28.5,"4
                                   ",690,4,0,1,1,0,1,1,1,0,1
"Jokiniemi-Tikkurila, Vantaa",B,no condition,-,2021,Yksiö,Vehkapolku 10,1h+kt,28.5,"3
                                   ",700,4,0,1,1,0,1,1,1,0,1
"Jokiniemi-Tikkurila, Vantaa",B,no condition,-,2021,Yksiö,Vehkapolku 10,1h+kt,29,"1
                                   ",608,4,0,1,1,0,1,1,1,0,1
"Jokiniemi-Tikkurila, Vantaa",B,no condition,-,2021,Yksiö,Vehkapolku 10,1h+kt,30,"1
                                   ",638,4,0,1,1,0,1,1,1,0,1
"Jokiniemi-Tikkurila, Vantaa",B,no condition,-,2021,Yksiö,Vehkapolku 10,1h+kt,30,"3
                                   ",660,4,0,1,1,0,1,1,1,0,1
"Jokiniemi-Tikkurila, Vantaa",B,no condition,-,2021,Yksiö,Vehkapolku 10,1h+kt,30,"3
                                   ",690,4,0,1,1,0,1,1,1,0,1
"Jokiniemi-Tikkurila, Vantaa",B,no condition,-,2021,Kaksio,Vehkapolku 10,1h+oh+kt,43.5,"2
                                   ",810,4,0,1,1,0,1,1,1,0,1
"Jokiniemi-Tikkurila, Vantaa",B,no condition,-,2021,Kaksio,Vehkapolku 10,1h+oh+kt,43.5,"2
                                   ",830,4,0,1,1,0,1,1,1,0,1
"Jokiniemi-Tikkurila, Vantaa",B,no condition,-,2021,Kaksio,Vehkapolku 10,1h+oh+kt,43.5,"2
                                   ",840,4,0,1,1,0,1,1,1,0,1
"Jokiniemi-Tikkurila, Vantaa",B,no condition,-,2021,Kolmio,Vehkapolku 10,2h+oh+kt,52,"1
                                   ",888,4,0,1,1,0,1,1,1,0,1
"Jokiniemi-Tikkurila, Vantaa",B,no condition,-,2021,Kolmio,Vehkapolku 10,2h+oh+kt,55.5,"1
                                   ",930,4,0,1,1,0,1,1,1,0,1
"Jokiniemi-Tikkurila, Vantaa",B,no condition,-,2021,Kolmio,Vehkapolku 10,2h+oh+kt,56,"1
                                   ",909,4,0,1,1,0,1,1,1,0,1
"Jokiniemi-Tikkurila, Vantaa",B,no condition,-,2021,Kolmio,Vehkapolku 10,2h+oh+kt,56,"2
                                   ",920,4,0,1,1,0,1,1,1,0,1
"Jokiniemi-Tikkurila, Vantaa",B,no condition,-,2021,Kolmio,Vehkapolku 10,2h+oh+kt,56,"2
                                   ",930,4,0,1,1,0,1,1,1,0,1
"Jokiniemi-Tikkurila, Vantaa",E,no condition,2000,1978,Soluhuone,Satomäentie 1,1h,11.6,"2
                                   ",334,no rating,0,0,0,0,1,1,1,0,1
"Jokiniemi-Tikkurila, Vantaa",E,no condition,2000,1978,Kaksio,Satomäentie 1,2h+kk,40.5,"1
                                   ",430,no rating,0,0,0,0,1,1,1,0,1
"Jokiniemi-Tikkurila, Vantaa",E,no condition,2000,1978,Kaksio,Satomäentie 1,2h+kk,40.5,"1
                                   ",459,no rating,0,0,0,0,1,1,1,0,1
"Jokiniemi-Tikkurila, Vantaa",E,no condition,2000,1978,Kaksio,Satomäentie 1,2h+kk,40.5,"34
                                   ",473,no rating,0,0,0,0,1,1,1,0,1
"Jokiniemi-Tikkurila, Vantaa",E,no condition,2000,1978,Kolmio,Satomäentie 1,2h+tpk,61.5,"6
                                   ",602,no rating,0,0,0,0,1,1,1,0,1
"Jokiniemi-Tikkurila, Vantaa",E,no condition,2000,1978,Kolmio,Satomäentie 1,2h+tpk,61.5,"1
                                   ",643,no rating,0,0,0,0,1,1,1,0,1
"Jokiniemi-Tikkurila, Vantaa",E,no condition,2000,1978,Kolmio,Satomäentie 1,2h+tpk,61.5,"15
                                   ",663,no rating,0,0,0,0,1,1,1,0,1
"Jokiniemi-Tikkurila, Vantaa",E,no condition,2000,1978,Kolmio,Satomäentie 1,2h+tpk,61.5,"17
                                   ",664,no rating,0,0,0,0,1,1,1,0,1
"Jokiniemi-Tikkurila, Vantaa",F,no condition,2007,1977,Soluhuone,Tähkäkuja 5,1h,13,"12
                                   ",343,4,0,0,0,0,1,1,1,0,1
"Jokiniemi-Tikkurila, Vantaa",F,no condition,2007,1977,Kaksio,Tähkäkuja 5,1h+oh+kk,42,"84
                                   ",504,4,0,0,0,0,1,1,1,0,1
"Jokiniemi-Tikkurila, Vantaa",F,no condition,2007,1977,Kolmio,Tähkäkuja 5,2h+oh+kk,61,"72
                                   ",692,4,0,0,0,0,1,1,1,0,1
"Jokiniemi-Tikkurila, Vantaa",F,no condition,2007,1977,Kolmio,Tähkäkuja 5,2h+tpk,61,"16
                                   ",692,4,0,0,0,0,1,1,1,0,1
"Jokiniemi-Tikkurila, Vantaa",F,no condition,2020,1979,Yksiö,Akanapolku 2,1h+kt,24.5,"87
                                   ",466,5,0,0,0,0,1,1,1,0,1
"Jokiniemi-Tikkurila, Vantaa",F,no condition,2020,1979,Yksiö,Akanapolku 2,1h+kt,24.5,"3
                                   ",470,5,0,0,0,0,1,1,1,0,1
"Jokiniemi-Tikkurila, Vantaa",F,no condition,2020,1979,Yksiö,Akanapolku 2,1h+kt,33.5,"12
                                   ",591,5,0,0,0,0,1,1,1,0,1
"Jokiniemi-Tikkurila, Vantaa",F,no condition,2020,1979,Yksiö,Akanapolku 2,1h+kt,34,"44
                                   ",596,5,0,0,0,0,1,1,1,0,1
"Jokiniemi-Tikkurila, Vantaa",F,no condition,2020,1979,Yksiö,Akanapolku 2,1h+kt,34,"27
                                   ",597,5,0,0,0,0,1,1,1,0,1
"Jokiniemi-Tikkurila, Vantaa",F,no condition,2020,1979,Yksiö,Akanapolku 2,1h+kt,34,"7
                                   ",605,5,0,0,0,0,1,1,1,0,1
"Jokiniemi-Tikkurila, Vantaa",F,no condition,2020,1979,Kaksio,Akanapolku 2,1h+oh+kt,41.5,"3
                                   ",629,5,0,0,0,0,1,1,1,0,1
"Jokiniemi-Tikkurila, Vantaa",F,no condition,2020,1979,Kaksio,Akanapolku 2,1h+oh+kt,41.5,"4
                                   ",634,5,0,0,0,0,1,1,1,0,1
"Jokiniemi-Tikkurila, Vantaa",F,no condition,2020,1979,Kaksio,Akanapolku 2,1h+oh+kt,42,"29
                                   ",635,5,0,0,0,0,1,1,1,0,1
"Jokiniemi-Tikkurila, Vantaa",F,no condition,2020,1979,Kaksio,Akanapolku 2,1h+oh+kt,42,"53
                                   ",641,5,0,0,0,0,1,1,1,0,1
"Myyrmäki, Vantaa",F,no condition,1999,1980,Soluhuone,Vaskivuorentie 22,1h,13.1,"10
                                   ",302,2,0,0,1,0,1,1,1,0,1
"Myyrmäki, Vantaa",F,no condition,1999,1980,Soluhuone,Vaskivuorentie 22,1h,13.4,"20
                                   ",305,2,0,0,1,0,1,1,1,0,1
"Myyrmäki, Vantaa",F,no condition,1999,1980,Soluhuone,Vaskivuorentie 22,1h,13.8,"14
                                   ",294,2,0,0,1,0,1,1,1,0,1
"Myyrmäki, Vantaa",F,no condition,1999,1980,Soluhuone,Vaskivuorentie 22,1h,13.8,"2
                                   ",406,2,0,0,1,0,1,1,1,0,1
"Myyrmäki, Vantaa",F,no condition,1999,1980,Soluhuone,Vaskivuorentie 22,1h,15.9,"1
                                   ",310,2,0,0,1,0,1,1,1,0,1
"Myyrmäki, Vantaa",F,no condition,1999,1980,Soluhuone,Vaskivuorentie 22,1h,16.5,"1
                                   ",322,2,0,0,1,0,1,1,1,0,1
"Myyrmäki, Vantaa",F,no condition,1999,1980,Soluhuone,Vaskivuorentie 22,1h,17.7,"7
                                   ",344,2,0,0,1,0,1,1,1,0,1
"Myyrmäki, Vantaa",F,no condition,1999,1980,Kalustettu soluhuone,Vaskivuorentie 22,1h,13.1,"2
                                   ",461,2,0,0,1,0,1,1,1,0,1
"Myyrmäki, Vantaa",F,no condition,1999,1980,Kalustettu soluhuone,Vaskivuorentie 22,1h,13.4,"4
                                   ",465,2,0,0,1,0,1,1,1,0,1
"Myyrmäki, Vantaa",F,no condition,1999,1980,Kalustettu soluhuone,Vaskivuorentie 22,1h,13.8,"4
                                   ",449,2,0,0,1,0,1,1,1,0,1
"Myyrmäki, Vantaa",F,no condition,1999,1980,Kalustettu soluhuone,Vaskivuorentie 22,1h,15.9,"1
                                   ",472,2,0,0,1,0,1,1,1,0,1
"Myyrmäki, Vantaa",F,no condition,1999,1980,Kalustettu soluhuone,Vaskivuorentie 22,1h,16.5,"1
                                   ",488,2,0,0,1,0,1,1,1,0,1
"Myyrmäki, Vantaa",F,no condition,1999,1980,Kalustettu soluhuone,Vaskivuorentie 22,1h,17.7,"2
                                   ",517,2,0,0,1,0,1,1,1,0,1
"Myyrmäki, Vantaa",F,no condition,1999,1980,Kaksio,Vaskivuorentie 22,2h+kk,45.5,"10
                                   ",629,2,0,0,1,0,1,1,1,0,1
"Myyrmäki, Vantaa",F,no condition,1999,1980,Kolmio,Vaskivuorentie 22,3h+k,69,"2
                                   ",907,2,0,0,1,0,1,1,1,0,1
"Myyrmäki, Vantaa",C,no condition,-,2018,Soluhuone,Raappavuorentie 3,1h,12,"15
                                   ",429,3,0,0,1,0,1,1,1,0,1
"Myyrmäki, Vantaa",C,no condition,-,2018,Soluhuone,Raappavuorentie 3,1h,12,"6
                                   ",442,3,0,0,1,0,1,1,1,0,1
"Myyrmäki, Vantaa",C,no condition,-,2018,Yksiö,Raappavuorentie 3,1h+kt,26,"76
                                   ",597,3,0,0,1,0,1,1,1,0,1
"Myyrmäki, Vantaa",C,no condition,-,2018,Yksiö,Raappavuorentie 3,1h+kt,30.5,"7
                                   ",667,3,0,0,1,0,1,1,1,0,1
"Myyrmäki, Vantaa",C,no condition,-,2018,Yksiö,Raappavuorentie 3,1h+kt,34,"8
                                   ",707,3,0,0,1,0,1,1,1,0,1
"Myyrmäki, Vantaa",C,no condition,-,2018,Kaksio,Raappavuorentie 3,1h+oh+kt,41.5,"8
                                   ",820,3,0,0,1,0,1,1,1,0,1
"Myyrmäki, Vantaa",C,no condition,-,2018,Kaksio,Raappavuorentie 3,1h+oh+kt,46,"1
                                   ",843,3,0,0,1,0,1,1,1,0,1
"Myyrmäki, Vantaa",C,no condition,-,2018,Kaksio,Raappavuorentie 3,1h+oh+kt,53.5,"4
                                   ",856,3,0,0,1,0,1,1,1,0,1
"Myyrmäki, Vantaa",F,no condition,-,1994,Kaksio,Helmikuja 6,1h+tpk,39.5,"3
                                   ",652,no rating,0,1,0,0,1,1,1,0,0
"Myyrmäki, Vantaa",F,no condition,-,1994,Kaksio,Helmikuja 6,1h+oh+kk,49,"12
                                   ",756,no rating,0,1,0,0,1,1,1,0,0
"Myyrmäki, Vantaa",F,no condition,-,1994,Kaksio,Helmikuja 6,1h+oh+k,61.5,"3
                                   ",859,no rating,0,1,0,0,1,1,1,0,0
"Myyrmäki, Vantaa",F,no condition,-,1994,Kaksio,Helmikuja 6,1h+oh+k,62.5,"3
                                   ",870,no rating,0,1,0,0,1,1,1,0,0
"Myyrmäki, Vantaa",F,no condition,-,1994,Kolmio,Helmikuja 6,2h+oh+k,72.5,"6
                                   ",894,no rating,0,1,0,0,1,1,1,0,0
"Myyrmäki, Vantaa",F,no condition,-,1994,Kolmio,Helmikuja 6,2h+oh+k,74,"6
                                   ",908,no rating,0,1,0,0,1,1,1,0,0
"Myyrmäki, Vantaa",F,no condition,-,1994,Kolmio,Helmikuja 6,3h+oh+k,85.5,"3
                                   ",944,no rating,0,1,0,0,1,1,1,0,0
"Myyrmäki, Vantaa",B,no condition,-,2023,Yksiö,Iskospolku 2,1h+kt,20.5,"5
                                   ",546,4,0,1,1,0,1,1,1,0,1
"Myyrmäki, Vantaa",B,no condition,-,2023,Yksiö,Iskospolku 2,1h+kt,20.5,"10
                                   ",557,4,0,1,1,0,1,1,1,0,1
"Myyrmäki, Vantaa",B,no condition,-,2023,Yksiö,Iskospolku 2,1h+kt,20.5,"15
                                   ",568,4,0,1,1,0,1,1,1,0,1
"Myyrmäki, Vantaa",B,no condition,-,2023,Yksiö,Iskospolku 2,1h+kt,21,"2
                                   ",546,4,0,1,1,0,1,1,1,0,1
"Myyrmäki, Vantaa",B,no condition,-,2023,Yksiö,Iskospolku 2,1h+kt,22,"2
                                   ",550,4,0,1,1,0,1,1,1,0,1
"Myyrmäki, Vantaa",B,no condition,-,2023,Yksiö,Iskospolku 2,1h+kt,22,"4
                                   ",560,4,0,1,1,0,1,1,1,0,1
"Myyrmäki, Vantaa",B,no condition,-,2023,Yksiö,Iskospolku 2,1h+kt,22,"6
                                   ",571,4,0,1,1,0,1,1,1,0,1
"Myyrmäki, Vantaa",B,no condition,-,2023,Yksiö,Iskospolku 2,1h+kt,22.5,"1
                                   ",562,4,0,1,1,0,1,1,1,0,1
"Myyrmäki, Vantaa",B,no condition,-,2023,Yksiö,Iskospolku 2,1h+kt,23,"1
                                   ",575,4,0,1,1,0,1,1,1,0,1
"Myyrmäki, Vantaa",B,no condition,-,2023,Yksiö,Iskospolku 2,1h+kk,23.5,"1
                                   ",588,4,0,1,1,0,1,1,1,0,1
"Myyrmäki, Vantaa",B,no condition,-,2023,Yksiö,Iskospolku 2,1h+kt,26.5,"1
                                   ",596,4,0,1,1,0,1,1,1,0,1
"Myyrmäki, Vantaa",B,no condition,-,2023,Yksiö,Iskospolku 2,1h+kt,28,"1
                                   ",607,4,0,1,1,0,1,1,1,0,1
"Myyrmäki, Vantaa",B,no condition,-,2023,Yksiö,Iskospolku 2,1h+kk,29,"1
                                   ",621,4,0,1,1,0,1,1,1,0,1
"Myyrmäki, Vantaa",B,no condition,-,2023,Yksiö,Iskospolku 2,1h+kk,29,"2
                                   ",631,4,0,1,1,0,1,1,1,0,1
"Myyrmäki, Vantaa",B,no condition,-,2023,Yksiö,Iskospolku 2,1h+kk,29,"3
                                   ",642,4,0,1,1,0,1,1,1,0,1
"Myyrmäki, Vantaa",B,no condition,-,2023,Yksiö,Iskospolku 2,1h+kk,29.5,"1
                                   ",631,4,0,1,1,0,1,1,1,0,1
"Myyrmäki, Vantaa",B,no condition,-,2023,Yksiö,Iskospolku 2,1h+kk,29.5,"2
                                   ",642,4,0,1,1,0,1,1,1,0,1
"Myyrmäki, Vantaa",B,no condition,-,2023,Yksiö,Iskospolku 2,1h+kk,29.5,"3
                                   ",652,4,0,1,1,0,1,1,1,0,1
"Myyrmäki, Vantaa",B,no condition,-,2023,Yksiö,Iskospolku 2,1h+kk,30,"2
                                   ",642,4,0,1,1,0,1,1,1,0,1
"Myyrmäki, Vantaa",B,no condition,-,2023,Yksiö,Iskospolku 2,1h+kk,30,"2
                                   ",652,4,0,1,1,0,1,1,1,0,1
"Myyrmäki, Vantaa",B,no condition,-,2023,Yksiö,Iskospolku 2,1h+kk,30,"3
                                   ",663,4,0,1,1,0,1,1,1,0,1
"Myyrmäki, Vantaa",B,no condition,-,2023,Kaksio,Iskospolku 2,2h+kt,34,"2
                                   ",668,4,0,1,1,0,1,1,1,0,1
"Myyrmäki, Vantaa",B,no condition,-,2023,Kaksio,Iskospolku 2,2h+kt,34,"2
                                   ",678,4,0,1,1,0,1,1,1,0,1
"Myyrmäki, Vantaa",B,no condition,-,2023,Kaksio,Iskospolku 2,2h+kt,34,"3
                                   ",690,4,0,1,1,0,1,1,1,0,1
"Myyrmäki, Vantaa",B,no condition,-,2023,Kaksio,Iskospolku 2,2h+kt,34.5,"1
                                   ",678,4,0,1,1,0,1,1,1,0,1
"Myyrmäki, Vantaa",B,no condition,-,2023,Kaksio,Iskospolku 2,2h+kt,35,"1
                                   ",689,4,0,1,1,0,1,1,1,0,1
"Myyrmäki, Vantaa",B,no condition,-,2023,Kaksio,Iskospolku 2,2h+kt,35,"2
                                   ",699,4,0,1,1,0,1,1,1,0,1
"Myyrmäki, Vantaa",B,no condition,-,2023,Kaksio,Iskospolku 2,2h+kt,35,"3
                                   ",709,4,0,1,1,0,1,1,1,0,1
"Myyrmäki, Vantaa",B,no condition,-,2023,Kaksio,Iskospolku 2,2h+kt,36,"3
                                   ",708,4,0,1,1,0,1,1,1,0,1
"Myyrmäki, Vantaa",B,no condition,-,2023,Kaksio,Iskospolku 2,2h+kt,36,"6
                                   ",719,4,0,1,1,0,1,1,1,0,1
"Myyrmäki, Vantaa",B,no condition,-,2023,Kaksio,Iskospolku 2,2h+kt,36,"9
                                   ",729,4,0,1,1,0,1,1,1,0,1
"Myyrmäki, Vantaa",B,no condition,-,2023,Kaksio,Iskospolku 2,2h+kt,36.5,"1
                                   ",719,4,0,1,1,0,1,1,1,0,1
"Myyrmäki, Vantaa",B,no condition,-,2023,Kaksio,Iskospolku 2,2h+kt,37,"2
                                   ",728,4,0,1,1,0,1,1,1,0,1
"Myyrmäki, Vantaa",B,no condition,-,2023,Kaksio,Iskospolku 2,2h+kt,38.5,"1
                                   ",759,4,0,1,1,0,1,1,1,0,1
"Myyrmäki, Vantaa",B,no condition,-,2023,Kaksio,Iskospolku 2,2h+kt,38.5,"2
                                   ",769,4,0,1,1,0,1,1,1,0,1
"Myyrmäki, Vantaa",B,no condition,-,2023,Kaksio,Iskospolku 2,2h+kt,38.5,"3
                                   ",779,4,0,1,1,0,1,1,1,0,1
"Myyrmäki, Vantaa",B,no condition,-,2023,Kaksio,Iskospolku 2,2h+kt,39,"1
                                   ",768,4,0,1,1,0,1,1,1,0,1
"Myyrmäki, Vantaa",B,no condition,-,2023,Kaksio,Iskospolku 2,2h+kt,40,"1
                                   ",779,4,0,1,1,0,1,1,1,0,1
"Myyrmäki, Vantaa",B,no condition,-,2023,Kaksio,Iskospolku 2,2h+kt,41,"1
                                   ",800,4,0,1,1,0,1,1,1,0,1
"Myyrmäki, Vantaa",B,no condition,-,2023,Kaksio,Iskospolku 2,2h+kt,41,"2
                                   ",819,4,0,1,1,0,1,1,1,0,1
"Myyrmäki, Vantaa",B,no condition,-,2023,Kaksio,Iskospolku 2,2h+kt,41,"3
                                   ",830,4,0,1,1,0,1,1,1,0,1
"Myyrmäki, Vantaa",B,no condition,-,2023,Kaksio,Iskospolku 2,2h+k,53.5,"1
                                   ",872,4,0,1,1,0,1,1,1,0,1
"Myyrmäki, Vantaa",B,no condition,-,2023,Kaksio,Iskospolku 2,2h+k,53.5,"1
                                   ",882,4,0,1,1,0,1,1,1,0,1
"Myyrmäki, Vantaa",B,no condition,-,2023,Kaksio,Iskospolku 2,2h+k,53.5,"3
                                   ",894,4,0,1,1,0,1,1,1,0,1
"Myyrmäki, Vantaa",B,no condition,-,2023,Kaksio,Iskospolku 2,2h+k,54,"1
                                   ",898,4,0,1,1,0,1,1,1,0,1
"Myyrmäki, Vantaa",B,no condition,-,2023,Kolmio,Iskospolku 2,2h+k,53.5,"1
                                   ",880,4,0,1,1,0,1,1,1,0,1
"Merihaka, Helsinki",F,no condition,2004,1983,Soluhuone,Hakaniemenranta 12,1h,12.6,"8
                                   ",331,3,0,0,1,0,1,1,1,0,1
"Merihaka, Helsinki",F,no condition,2004,1983,Soluhuone,Hakaniemenranta 12,1h,12.6,"9
                                   ",340,3,0,0,1,0,1,1,1,0,1
"Merihaka, Helsinki",F,no condition,2004,1983,Soluhuone,Hakaniemenranta 12,1h,12.6,"6
                                   ",347,3,0,0,1,0,1,1,1,0,1
"Merihaka, Helsinki",F,no condition,2004,1983,Soluhuone,Hakaniemenranta 12,1h,12.6,"5
                                   ",354,3,0,0,1,0,1,1,1,0,1
"Merihaka, Helsinki",F,no condition,2004,1983,Soluhuone,Hakaniemenranta 12,1h,12.6,"1
                                   ",476,3,0,0,1,0,1,1,1,0,1
"Merihaka, Helsinki",F,no condition,2004,1983,Soluhuone,Hakaniemenranta 12,1h,14.1,"12
                                   ",367,3,0,0,1,0,1,1,1,0,1
"Merihaka, Helsinki",F,no condition,2004,1983,Soluhuone,Hakaniemenranta 12,1h,15.3,"8
                                   ",375,3,0,0,1,0,1,1,1,0,1
"Merihaka, Helsinki",F,no condition,2004,1983,Soluhuone,Hakaniemenranta 12,1h,15.3,"9
                                   ",386,3,0,0,1,0,1,1,1,0,1
"Merihaka, Helsinki",F,no condition,2004,1983,Soluhuone,Hakaniemenranta 12,1h,15.3,"5
                                   ",397,3,0,0,1,0,1,1,1,0,1
"Merihaka, Helsinki",F,no condition,2004,1983,Soluhuone,Hakaniemenranta 12,1h,15.6,"8
                                   ",384,3,0,0,1,0,1,1,1,0,1
"Merihaka, Helsinki",F,no condition,2004,1983,Soluhuone,Hakaniemenranta 12,1h,15.6,"9
                                   ",391,3,0,0,1,0,1,1,1,0,1
"Merihaka, Helsinki",F,no condition,2004,1983,Soluhuone,Hakaniemenranta 12,1h,15.6,"6
                                   ",394,3,0,0,1,0,1,1,1,0,1
"Merihaka, Helsinki",F,no condition,2004,1983,Soluhuone,Hakaniemenranta 12,1h,15.6,"5
                                   ",401,3,0,0,1,0,1,1,1,0,1
"Merihaka, Helsinki",F,no condition,2004,1983,Soluhuone,Hakaniemenranta 12,1h,15.6,"1
                                   ",525,3,0,0,1,0,1,1,1,0,1
"Merihaka, Helsinki",F,no condition,2004,1983,Soluhuone,Hakaniemenranta 12,1h,16.2,"6
                                   ",404,3,0,0,1,0,1,1,1,0,1
"Merihaka, Helsinki",F,no condition,2004,1983,Yksiö,Hakaniemenranta 12,1h+kk,21,"23
                                   ",479,3,0,0,1,0,1,1,1,0,1
"Merihaka, Helsinki",F,no condition,2004,1983,Kalustettu soluhuone,Hakaniemenranta 12,1h,12.6,"1
                                   ",498,3,0,0,1,0,1,1,1,0,1
"Merihaka, Helsinki",F,no condition,2004,1983,Kalustettu soluhuone,Hakaniemenranta 12,1h,14.1,"6
                                   ",547,3,0,0,1,0,1,1,1,0,1
"Merihaka, Helsinki",F,no condition,2004,1983,Kalustettu soluhuone,Hakaniemenranta 12,1h,15.3,"1
                                   ",556,3,0,0,1,0,1,1,1,0,1
"Merihaka, Helsinki",F,no condition,2004,1983,Kalustettu soluhuone,Hakaniemenranta 12,1h,15.6,"1
                                   ",568,3,0,0,1,0,1,1,1,0,1
"Merihaka, Helsinki",F,no condition,2004,1983,Kalustettu yksiö,Hakaniemenranta 12,1h+kk,21,"7
                                   ",696,3,0,0,1,0,1,1,1,0,1
"Merihaka, Helsinki",F,no condition,2004,1983,Kaksio,Hakaniemenranta 12,2h+kk,40,"21
                                   ",731,3,0,0,1,0,1,1,1,0,1
"Merihaka, Helsinki",F,no condition,2004,1983,Kolmio,Hakaniemenranta 12,2h+tpk,62,"14
                                   ",985,3,0,0,1,0,1,1,1,0,1
"Merihaka, Helsinki",F,no condition,2004,1983,Kolmio,Hakaniemenranta 12,2h+tpk,64,"14
                                   ",988,3,0,0,1,0,1,1,1,0,1
"Merihaka, Helsinki",F,no condition,2004,1983,Kolmio,Hakaniemenranta 12,3h+kt,64,"1
                                   ",988,3,0,0,1,0,1,1,1,0,1
"Merihaka, Helsinki",F,no condition,2004,1983,Kolmio,Hakaniemenranta 12,3h+k,68.5,"1
                                   ",1132,3,0,0,1,0,1,1,1,0,1
"Lauttasaari, Helsinki",E,no condition,2007,1951,Yksiö,Haahkakuja 5,1h+kt,27.5,"2
                                   ",616,no rating,0,0,1,0,1,1,1,0,1
"Lauttasaari, Helsinki",E,no condition,2007,1951,Yksiö,Haahkakuja 5,1h+kt,31.5,"1
                                   ",683,no rating,0,0,1,0,1,1,1,0,1
"Lauttasaari, Helsinki",E,no condition,2007,1951,Yksiö,Haahkakuja 5,1h+kt,32,"1
                                   ",694,no rating,0,0,1,0,1,1,1,0,1
"Lauttasaari, Helsinki",E,no condition,2007,1951,Yksiö,Haahkakuja 5,1h+kt,32.5,"1
                                   ",705,no rating,0,0,1,0,1,1,1,0,1
"Lauttasaari, Helsinki",E,no condition,2007,1951,Yksiö,Haahkakuja 5,1h+kk,33,"1
                                   ",714,no rating,0,0,1,0,1,1,1,0,1
"Lauttasaari, Helsinki",E,no condition,2007,1951,Yksiö,Haahkakuja 5,1h+kt,33.5,"1
                                   ",725,no rating,0,0,1,0,1,1,1,0,1
"Lauttasaari, Helsinki",E,no condition,2007,1951,Yksiö,Haahkakuja 5,1h+kt,36.5,"1
                                   ",769,no rating,0,0,1,0,1,1,1,0,1
"Lauttasaari, Helsinki",E,no condition,2007,1951,Yksiö,Haahkakuja 5,1h+kk,37,"1
                                   ",775,no rating,0,0,1,0,1,1,1,0,1
"Lauttasaari, Helsinki",E,no condition,2007,1951,Yksiö,Haahkakuja 5,1h+kt,37,"2
                                   ",775,no rating,0,0,1,0,1,1,1,0,1
"Lauttasaari, Helsinki",E,no condition,2007,1951,Yksiö,Haahkakuja 5,1h+kt,37.5,"2
                                   ",789,no rating,0,0,1,0,1,1,1,0,1
"Lauttasaari, Helsinki",E,no condition,2007,1951,Yksiö,Haahkakuja 5,1h+kk,38.5,"1
                                   ",790,no rating,0,0,1,0,1,1,1,0,1
"Lauttasaari, Helsinki",E,no condition,2007,1951,Yksiö,Haahkakuja 5,1h+kt,38.5,"3
                                   ",790,no rating,0,0,1,0,1,1,1,0,1
"Lauttasaari, Helsinki",E,no condition,2007,1951,Yksiö,Haahkakuja 5,1h+kk,39,"2
                                   ",802,no rating,0,0,1,0,1,1,1,0,1
"Lauttasaari, Helsinki",E,no condition,2007,1951,Yksiö,Haahkakuja 5,1h+kt,40,"1
                                   ",891,no rating,0,0,1,0,1,1,1,0,1
"Lauttasaari, Helsinki",E,no condition,2007,1951,Yksiö,Haahkakuja 5,1h+kt,40.5,"1
                                   ",826,no rating,0,0,1,0,1,1,1,0,1
"Lauttasaari, Helsinki",E,no condition,2007,1951,Yksiö,Haahkakuja 5,1h+kk,43.5,"1
                                   ",885,no rating,0,0,1,0,1,1,1,0,1
"Lauttasaari, Helsinki",E,no condition,2007,1951,Yksiö,Haahkakuja 5,1h+kk,45,"1
                                   ",905,no rating,0,0,1,0,1,1,1,0,1
"Lauttasaari, Helsinki",E,no condition,2007,1951,Kaksio,Haahkakuja 5,1h+tpk,38.5,"1
                                   ",804,no rating,0,0,1,0,1,1,1,0,1
"Lauttasaari, Helsinki",E,no condition,2007,1951,Kaksio,Haahkakuja 5,1h+tpk,40,"1
                                   ",839,no rating,0,0,1,0,1,1,1,0,1
"Lauttasaari, Helsinki",E,no condition,2007,1951,Kaksio,Haahkakuja 5,1h+tpk,43.5,"1
                                   ",885,no rating,0,0,1,0,1,1,1,0,1
"Lauttasaari, Helsinki",E,no condition,2007,1951,Kaksio,Haahkakuja 5,1h+tpk,44.5,"1
                                   ",908,no rating,0,0,1,0,1,1,1,0,1
"Lauttasaari, Helsinki",E,no condition,2007,1951,Kaksio,Haahkakuja 5,1h+tpk,45,"1
                                   ",906,no rating,0,0,1,0,1,1,1,0,1
"Lauttasaari, Helsinki",E,no condition,2007,1951,Kaksio,Haahkakuja 5,1h+tpk,45.5,"1
                                   ",919,no rating,0,0,1,0,1,1,1,0,1
"Lauttasaari, Helsinki",E,no condition,2007,1951,Kaksio,Haahkakuja 5,1h+tpk,46,"1
                                   ",935,no rating,0,0,1,0,1,1,1,0,1
"Lauttasaari, Helsinki",E,no condition,2007,1951,Kaksio,Haahkakuja 5,1h+tpk,51,"1
                                   ",1011,no rating,0,0,1,0,1,1,1,0,1
"Lauttasaari, Helsinki",E,no condition,2007,1951,Kaksio,Haahkakuja 5,1h+tpk,51.5,"1
                                   ",1017,no rating,0,0,1,0,1,1,1,0,1
"Lauttasaari, Helsinki",E,no condition,2007,1951,Kaksio,Haahkakuja 5,1h+oh+kk,53,"2
                                   ",1048,no rating,0,0,1,0,1,1,1,0,1
"Lauttasaari, Helsinki",E,no condition,2007,1951,Kaksio,Haahkakuja 5,1h+oh+kk,53.5,"1
                                   ",1052,no rating,0,0,1,0,1,1,1,0,1
"Otaniemi-Teekkarikylä, Espoo",A,no condition,-,2019,Soluhuone,Miestentie 2,1h,15,"6
                                   ",452,3,0,0,1,0,1,1,1,0,1
"Otaniemi-Teekkarikylä, Espoo",A,no condition,-,2019,Soluhuone,Miestentie 2,1h,15,"6
                                   ",462,3,0,0,1,0,1,1,1,0,1
"Otaniemi-Teekkarikylä, Espoo",A,no condition,-,2019,Soluhuone,Miestentie 2,1h,15.5,"5
                                   ",471,3,0,0,1,0,1,1,1,0,1
"Otaniemi-Teekkarikylä, Espoo",A,no condition,-,2019,Soluhuone,Miestentie 2,1h,16,"7
                                   ",471,3,0,0,1,0,1,1,1,0,1
"Otaniemi-Teekkarikylä, Espoo",A,no condition,-,2019,Yksiö,Miestentie 2,1h+kt,23.5,"95
                                   ",604,3,0,0,1,0,1,1,1,0,1
"Otaniemi-Teekkarikylä, Espoo",A,no condition,-,2019,Yksiö,Miestentie 2,1h+kt,31,"4
                                   ",672,3,0,0,1,0,1,1,1,0,1
"Otaniemi-Teekkarikylä, Espoo",A,no condition,-,2019,Yksiö,Miestentie 2,1h+alk+kt,39,"1
                                   ",805,3,0,0,1,0,1,1,1,0,1
"Otaniemi-Teekkarikylä, Espoo",A,no condition,-,2019,Kalustettu yksiö,Miestentie 2,1h+kt,21,"6
                                   ",752,3,0,0,1,0,1,1,1,0,1
"Otaniemi-Teekkarikylä, Espoo",A,no condition,-,2019,Kaksio,Miestentie 2,1h+oh+kt,35.5,"7
                                   ",752,3,0,0,1,0,1,1,1,0,1
"Otaniemi-Teekkarikylä, Espoo",A,no condition,-,2019,Kaksio,Miestentie 2,1h+oh+kt,45.5,"6
                                   ",866,3,0,0,1,0,1,1,1,0,1
"Otaniemi-Teekkarikylä, Espoo",E,no condition,2013,1988,Soluhuone,Servin Maijan Tie 3,1h,12.4,"10
                                   ",364,no rating,1,0,0,0,0,1,1,0,1
"Otaniemi-Teekkarikylä, Espoo",E,no condition,2013,1988,Soluhuone,Servin Maijan Tie 3,1h,12.4,"8
                                   ",365,no rating,1,0,0,0,0,1,1,0,1
"Otaniemi-Teekkarikylä, Espoo",E,no condition,2013,1988,Soluhuone,Servin Maijan Tie 3,1h,12.5,"16
                                   ",365,no rating,1,0,0,0,0,1,1,0,1
"Otaniemi-Teekkarikylä, Espoo",E,no condition,2013,1988,Soluhuone,Servin Maijan Tie 3,1h,12.5,"2
                                   ",509,no rating,1,0,0,0,0,1,1,0,1
"Otaniemi-Teekkarikylä, Espoo",E,no condition,2013,1988,Soluhuone,Servin Maijan Tie 3,1h,13,"5
                                   ",373,no rating,1,0,0,0,0,1,1,0,1
"Otaniemi-Teekkarikylä, Espoo",E,no condition,2013,1988,Soluhuone,Servin Maijan Tie 3,1h,13,"4
                                   ",374,no rating,1,0,0,0,0,1,1,0,1
"Otaniemi-Teekkarikylä, Espoo",E,no condition,2013,1988,Soluhuone,Servin Maijan Tie 3,1h,13.1,"4
                                   ",372,no rating,1,0,0,0,0,1,1,0,1
"Otaniemi-Teekkarikylä, Espoo",E,no condition,2013,1988,Soluhuone,Servin Maijan Tie 3,1h,13.1,"4
                                   ",376,no rating,1,0,0,0,0,1,1,0,1
"Otaniemi-Teekkarikylä, Espoo",E,no condition,2013,1988,Kolmio,Servin Maijan Tie 3,2h+oh+k,75,"3
                                   ",1020,no rating,1,0,0,0,0,1,1,0,1
"Otaniemi-Teekkarikylä, Espoo",E,no condition,2013,1988,Kolmio,Servin Maijan Tie 3,2h+oh+k,75.5,"2
                                   ",1024,no rating,1,0,0,0,0,1,1,0,1
"Otaniemi-Teekkarikylä, Espoo",E,no condition,2013,1988,Kolmio,Servin Maijan Tie 3,3h+kt,75.5,"1
                                   ",1024,no rating,1,0,0,0,0,1,1,0,1
"Otaniemi-Teekkarikylä, Espoo",G,no condition,2007,1973,Yksiö,Jämeräntaival 9,1h+kt,21,"2
                                   ",479,no rating,1,0,0,0,0,1,0,0,1
"Otaniemi-Teekkarikylä, Espoo",G,no condition,2007,1973,Yksiö,Jämeräntaival 9,1h+kt,23,"1
                                   ",471,no rating,1,0,0,0,0,1,0,0,1
"Otaniemi-Teekkarikylä, Espoo",G,no condition,2007,1973,Yksiö,Jämeräntaival 9,1h+kt,29,"1
                                   ",568,no rating,1,0,0,0,0,1,0,0,1
"Otaniemi-Teekkarikylä, Espoo",G,no condition,2007,1973,Yksiö,Jämeräntaival 9,1h+kt,30,"1
                                   ",582,no rating,1,0,0,0,0,1,0,0,1
"Otaniemi-Teekkarikylä, Espoo",G,no condition,2007,1973,Yksiö,Jämeräntaival 9,1h+kt,31,"6
                                   ",685,no rating,1,0,0,0,0,1,0,0,1
"Otaniemi-Teekkarikylä, Espoo",G,no condition,2007,1973,Yksiö,Jämeräntaival 9,1h+kt,32,"2
                                   ",608,no rating,1,0,0,0,0,1,0,0,1
"Otaniemi-Teekkarikylä, Espoo",G,no condition,2007,1973,Yksiö,Jämeräntaival 9,1h+kt,33,"2
                                   ",617,no rating,1,0,0,0,0,1,0,0,1
"Otaniemi-Teekkarikylä, Espoo","D, E",no condition,2020,1995,Kaksio,Jämeräntaival 10,1h+oh+kt,36,"15
                                   ",658,3,1,0,1,0,0,1,1,0,1
"Otaniemi-Teekkarikylä, Espoo","D, E",no condition,2020,1995,Kaksio,Jämeräntaival 10,1h+oh+kt,36.5,"15
                                   ",663,3,1,0,1,0,0,1,1,0,1
"Otaniemi-Teekkarikylä, Espoo","D, E",no condition,2020,1995,Kaksio,Jämeräntaival 10,1h+oh+kt,39,"8
                                   ",690,3,1,0,1,0,0,1,1,0,1
"Otaniemi-Teekkarikylä, Espoo","D, E",no condition,2020,1995,Kaksio,Jämeräntaival 10,1h+oh+kt,39.5,"40
                                   ",695,3,1,0,1,0,0,1,1,0,1
"Otaniemi-Teekkarikylä, Espoo","D, E",no condition,2020,1995,Kaksio,Jämeräntaival 10,1h+oh+kt,42,"8
                                   ",730,3,1,0,1,0,0,1,1,0,1
"Otaniemi-Teekkarikylä, Espoo","D, E",no condition,2020,1995,Kaksio,Jämeräntaival 10,1h+oh+kt,42.5,"55
                                   ",735,3,1,0,1,0,0,1,1,0,1
"Otaniemi-Teekkarikylä, Espoo","D, E",no condition,2020,1995,Kaksio,Jämeräntaival 10,1h+oh+kt,48,"16
                                   ",787,3,1,0,1,0,0,1,1,0,1
"Otaniemi-Teekkarikylä, Espoo",F,no condition,2008,1970,Soluhuone,Servinkuja 6,1h,11,"1
                                   ",342,no rating,1,0,0,0,0,1,1,0,1
"Otaniemi-Teekkarikylä, Espoo",F,no condition,2008,1970,Soluhuone,Servinkuja 6,1h,11,"1
                                   ",345,no rating,1,0,0,0,0,1,1,0,1
"Otaniemi-Teekkarikylä, Espoo",F,no condition,2008,1970,Soluhuone,Servinkuja 6,1h,11.6,"1
                                   ",346,no rating,1,0,0,0,0,1,1,0,1
"Otaniemi-Teekkarikylä, Espoo",F,no condition,2008,1970,Soluhuone,Servinkuja 6,1h,15,"1
                                   ",396,no rating,1,0,0,0,0,1,1,0,1
"Otaniemi-Teekkarikylä, Espoo",F,no condition,2008,1970,Soluhuone,Servinkuja 6,1h,15.5,"1
                                   ",394,no rating,1,0,0,0,0,1,1,0,1
"Otaniemi-Teekkarikylä, Espoo",F,no condition,2008,1970,Soluhuone,Servinkuja 6,1h,16,"1
                                   ",401,no rating,1,0,0,0,0,1,1,0,1
"Otaniemi-Teekkarikylä, Espoo",F,no condition,2008,1970,Soluhuone,Servinkuja 6,1h,16,"2
                                   ",405,no rating,1,0,0,0,0,1,1,0,1
"Otaniemi-Teekkarikylä, Espoo",F,no condition,2008,1970,Soluhuone,Servinkuja 6,1h,16.2,"1
                                   ",401,no rating,1,0,0,0,0,1,1,0,1
"Otaniemi-Teekkarikylä, Espoo",F,no condition,2008,1970,Yksiö,Servinkuja 6,1h+kk,29.5,"2
                                   ",544,no rating,1,0,0,0,0,1,1,0,1
"Otaniemi-Teekkarikylä, Espoo",F,no condition,2008,1970,Yksiö,Servinkuja 6,1h+kt,29.5,"1
                                   ",544,no rating,1,0,0,0,0,1,1,0,1
"Otaniemi-Teekkarikylä, Espoo",F,no condition,2008,1970,Yksiö,Servinkuja 6,1h+kk,30.5,"2
                                   ",558,no rating,1,0,0,0,0,1,1,0,1
"Otaniemi-Teekkarikylä, Espoo",F,no condition,2008,1970,Yksiö,Servinkuja 6,1h+kk,31,"1
                                   ",567,no rating,1,0,0,0,0,1,1,0,1
"Otaniemi-Teekkarikylä, Espoo",F,no condition,2008,1970,Kaksio,Servinkuja 6,1h+tpk,43,"3
                                   ",693,no rating,1,0,0,0,0,1,1,0,1
"Otaniemi-Teekkarikylä, Espoo",F,no condition,2008,1970,Kaksio,Servinkuja 6,1h+tpk,44.5,"6
                                   ",709,no rating,1,0,0,0,0,1,1,0,1
"Otaniemi-Teekkarikylä, Espoo",F,no condition,2008,1970,Kolmio,Servinkuja 6,2h+tpk,59,"1
                                   ",839,no rating,1,0,0,0,0,1,1,0,1
"Otaniemi-Teekkarikylä, Espoo",F,no condition,2008,1970,Kolmio,Servinkuja 6,2h+tpk,59.5,"8
                                   ",845,no rating,1,0,0,0,0,1,1,0,1
"Otaniemi-Teekkarikylä, Espoo",D,no condition,2019,1972,Soluhuone,Jämeräntaival 11,1h,13,"15
                                   ",296,4,1,0,0,0,0,1,1,0,1
"Otaniemi-Teekkarikylä, Espoo",D,no condition,2019,1972,Soluhuone,Jämeräntaival 11,1h,14,"173
                                   ",315,4,1,0,0,0,0,1,1,0,1
"Otaniemi-Teekkarikylä, Espoo",D,no condition,2019,1972,Soluhuone,Jämeräntaival 11,1h,14,"50
                                   ",323,4,1,0,0,0,0,1,1,0,1
"Otaniemi-Teekkarikylä, Espoo",D,no condition,2019,1972,Soluhuone,Jämeräntaival 11,1h,14,"72
                                   ",338,4,1,0,0,0,0,1,1,0,1
"Otaniemi-Teekkarikylä, Espoo",D,no condition,2019,1972,Soluhuone,Jämeräntaival 11,1h,14,"26
                                   ",428,4,1,0,0,0,0,1,1,0,1
"Otaniemi-Teekkarikylä, Espoo",D,no condition,2019,1972,Soluhuone,Jämeräntaival 11,1h,14.5,"4
                                   ",324,4,1,0,0,0,0,1,1,0,1
"Otaniemi-Teekkarikylä, Espoo",D,no condition,2019,1972,Soluhuone,Jämeräntaival 11,1h,15,"4
                                   ",336,4,1,0,0,0,0,1,1,0,1
"Otaniemi-Teekkarikylä, Espoo",D,no condition,2019,1972,Soluhuone,Jämeräntaival 11,1h,15,"49
                                   ",340,4,1,0,0,0,0,1,1,0,1
"Otaniemi-Teekkarikylä, Espoo",D,no condition,2019,1972,Soluhuone,Jämeräntaival 11,1h,17,"15
                                   ",357,4,1,0,0,0,0,1,1,0,1
"Otaniemi-Teekkarikylä, Espoo",D,no condition,2019,1972,Yksiö,Jämeräntaival 11,1h+kt,19.5,"41
                                   ",436,4,1,0,0,0,0,1,1,0,1
"Otaniemi-Teekkarikylä, Espoo",D,no condition,2019,1972,Yksiö,Jämeräntaival 11,1h+kt,21.5,"15
                                   ",466,4,1,0,0,0,0,1,1,0,1
"Otaniemi-Teekkarikylä, Espoo",D,no condition,2019,1972,Kalustettu soluhuone,Jämeräntaival 11,1h,13,"1
                                   ",451,4,1,0,0,0,0,1,1,0,1
"Otaniemi-Teekkarikylä, Espoo",D,no condition,2019,1972,Kalustettu soluhuone,Jämeräntaival 11,1h,14,"36
                                   ",477,4,1,0,0,0,0,1,1,0,1
"Otaniemi-Teekkarikylä, Espoo",D,no condition,2019,1972,Kalustettu soluhuone,Jämeräntaival 11,1h,14,"6
                                   ",489,4,1,0,0,0,0,1,1,0,1
"Otaniemi-Teekkarikylä, Espoo",D,no condition,2019,1972,Kalustettu soluhuone,Jämeräntaival 11,1h,14,"6
                                   ",507,4,1,0,0,0,0,1,1,0,1
"Otaniemi-Teekkarikylä, Espoo",D,no condition,2019,1972,Kalustettu soluhuone,Jämeräntaival 11,1h,15,"15
                                   ",510,4,1,0,0,0,0,1,1,0,1
"Otaniemi-Teekkarikylä, Espoo",D,no condition,2019,1972,Kalustettu soluhuone,Jämeräntaival 11,1h,17,"1
                                   ",534,4,1,0,0,0,0,1,1,0,1
"Otaniemi-Teekkarikylä, Espoo",D,no condition,2019,1972,Kalustettu yksiö,Jämeräntaival 11,1h+kt,19.5,"7
                                   ",637,4,1,0,0,0,0,1,1,0,1
"Otaniemi-Teekkarikylä, Espoo",D,no condition,2019,1972,Kalustettu yksiö,Jämeräntaival 11,1h+kt,21.5,"1
                                   ",679,4,1,0,0,0,0,1,1,0,1
"Otaniemi-Teekkarikylä, Espoo",D,no condition,2019,1972,Kaksio,Jämeräntaival 11,2h+kk,40,"1
                                   ",673,4,1,0,0,0,0,1,1,0,1
"Otaniemi-Teekkarikylä, Espoo",E,no condition,-,2002,Soluhuone,Servinkuja 5,1h,17.5,"38
                                   ",401,no rating,1,0,1,0,0,1,1,0,1
"Otaniemi-Teekkarikylä, Espoo",E,no condition,-,2002,Yksiö,Servinkuja 5,1h+kt,28.5,"24
                                   ",581,no rating,1,0,1,0,0,1,1,0,1
"Otaniemi-Teekkarikylä, Espoo",E,no condition,-,2002,Yksiö,Servinkuja 5,1h+kk,35.5,"16
                                   ",628,no rating,1,0,1,0,0,1,1,0,1
"Otaniemi-Teekkarikylä, Espoo",E,no condition,-,2002,Yksiö,Servinkuja 5,1h+kk,37.5,"4
                                   ",641,no rating,1,0,1,0,0,1,1,0,1
"Otaniemi-Teekkarikylä, Espoo",E,no condition,-,2002,Yksiö,Servinkuja 5,1h+kk,37.5,"12
                                   ",657,no rating,1,0,1,0,0,1,1,0,1
"Otaniemi-Teekkarikylä, Espoo",E,no condition,-,2002,Kaksio,Servinkuja 5,2h+kk,51,"1
                                   ",799,no rating,1,0,1,0,0,1,1,0,1
"Ruskeasuo, Helsinki","D, F",no condition,"2006,2025",2013,Yksiö,Paraistentie 18,1h+k,31,"2
                                   ",675,5,0,1,0,0,1,1,1,0,1
"Ruskeasuo, Helsinki","D, F",no condition,"2006,2025",2013,Yksiö,Paraistentie 18,1h+kt,32,"9
                                   ",639,5,0,1,0,0,1,1,1,0,1
"Ruskeasuo, Helsinki","D, F",no condition,"2006,2025",2013,Kaksio,Paraistentie 18,2h+k,45,"10
                                   ",815,5,0,1,0,0,1,1,1,0,1
"Ruskeasuo, Helsinki","D, F",no condition,"2006,2025",2013,Kaksio,Paraistentie 18,2h+kt,49,"1
                                   ",817,5,0,1,0,0,1,1,1,0,1
"Ruskeasuo, Helsinki","D, F",no condition,"2006,2025",2013,Kaksio,Paraistentie 18,2h+kt,49,"1
                                   ",844,5,0,1,0,0,1,1,1,0,1
"Ruskeasuo, Helsinki","D, F",no condition,"2006,2025",2013,Kaksio,Paraistentie 18,2h+kt,49,"7
                                   ",845,5,0,1,0,0,1,1,1,0,1
"Ruskeasuo, Helsinki","D, F",no condition,"2006,2025",2013,Kaksio,Paraistentie 18,2h+k,50,"6
                                   ",895,5,0,1,0,0,1,1,1,0,1
"Ruskeasuo, Helsinki","D, F",no condition,"2006,2025",2013,Kolmio,Paraistentie 18,3h+k,65,"1
                                   ",1150,5,0,1,0,0,1,1,1,0,1
"Ruskeasuo, Helsinki","D, F",no condition,"2006,2025",2013,Kolmio,Paraistentie 18,3h+kt,65,"6
                                   ",1150,5,0,1,0,0,1,1,1,0,1
"Ruskeasuo, Helsinki","D, F",no condition,"2006,2025",2013,Kolmio,Paraistentie 18,3h+k,65.5,"2
                                   ",1150,5,0,1,0,0,1,1,1,0,1
"Ruskeasuo, Helsinki","D, F",no condition,"2006,2025",2013,Kolmio,Paraistentie 18,3h+kt,65.5,"6
                                   ",1150,5,0,1,0,0,1,1,1,0,1
"Ruskeasuo, Helsinki","D, F",no condition,"2006,2025",2013,Kolmio,Paraistentie 18,3h+k,66,"3
                                   ",1150,5,0,1,0,0,1,1,1,0,1
"Ruskeasuo, Helsinki",E,no condition,2021,1970,Yksiö,Paraistentie 19,1h+kt,21,"14
                                   ",611,no rating,0,1,1,0,1,1,1,0,1
"Ruskeasuo, Helsinki",E,no condition,2021,1970,Yksiö,Paraistentie 19,1h+kt,35,"3
                                   ",742,no rating,0,1,1,0,1,1,1,0,1
"Ruskeasuo, Helsinki",E,no condition,2021,1970,Yksiö,Paraistentie 19,1h+kt,41.5,"1
                                   ",820,no rating,0,1,1,0,1,1,1,0,1
"Ruskeasuo, Helsinki",E,no condition,2021,1970,Kaksio,Paraistentie 19,1h+oh+kt,30,"1
                                   ",662,no rating,0,1,1,0,1,1,1,0,1
"Ruskeasuo, Helsinki",E,no condition,2021,1970,Kaksio,Paraistentie 19,1h+oh+kt,30,"2
                                   ",663,no rating,0,1,1,0,1,1,1,0,1
"Ruskeasuo, Helsinki",E,no condition,2021,1970,Kaksio,Paraistentie 19,1h+oh+kt,35,"1
                                   ",722,no rating,0,1,1,0,1,1,1,0,1
"Ruskeasuo, Helsinki",E,no condition,2021,1970,Kaksio,Paraistentie 19,1h+oh+k,46,"1
                                   ",853,no rating,0,1,1,0,1,1,1,0,1
"Ruskeasuo, Helsinki",E,no condition,2021,1970,Kaksio,Paraistentie 19,1h+oh+kt,49,"3
                                   ",902,no rating,0,1,1,0,1,1,1,0,1
"Ruskeasuo, Helsinki",E,no condition,2021,1970,Kaksio,Paraistentie 19,1h+oh+k,50.5,"3
                                   ",890,no rating,0,1,1,0,1,1,1,0,1
"Ruskeasuo, Helsinki",E,no condition,2021,1970,Kaksio,Paraistentie 19,1h+oh+k,72.5,"1
                                   ",983,no rating,0,1,1,0,1,1,1,0,1
"Ruskeasuo, Helsinki",E,no condition,2021,1970,Kolmio,Paraistentie 19,3h+oh+kt,57,"3
                                   ",929,no rating,0,1,1,0,1,1,1,0,1
"Ruskeasuo, Helsinki",E,no condition,2021,1970,Kolmio,Paraistentie 19,2h+oh+k,66.5,"1
                                   ",963,no rating,0,1,1,0,1,1,1,0,1
"Ruskeasuo, Helsinki",E,no condition,2021,1970,Kolmio,Paraistentie 19,2h+oh+k,67,"3
                                   ",962,no rating,0,1,1,0,1,1,1,0,1
"Ruskeasuo, Helsinki",E,no condition,2021,1970,Kolmio,Paraistentie 19,2h+oh+kk,68.5,"3
                                   ",973,no rating,0,1,1,0,1,1,1,0,1
"Ruskeasuo, Helsinki",E,no condition,2021,1970,Kolmio,Paraistentie 19,2h+oh+kk,69,"1
                                   ",964,no rating,0,1,1,0,1,1,1,0,1
"Ruskeasuo, Helsinki",E,no condition,2021,1970,Kolmio,Paraistentie 19,2h+oh+kk,70.5,"3
                                   ",970,no rating,0,1,1,0,1,1,1,0,1
"Ruskeasuo, Helsinki",E,no condition,2021,1970,Kolmio,Paraistentie 19,2h+oh+kk,87.5,"1
                                   ",1024,no rating,0,1,1,0,1,1,1,0,1
"Kontula-Kurkimäki, Helsinki",E,no condition,2009,1984,Soluhuone,Kurkisuontie 12,1h,12.6,"2
                                   ",328,no rating,0,0,0,0,1,1,1,0,1
"Kontula-Kurkimäki, Helsinki",E,no condition,2009,1984,Kaksio,Kurkisuontie 12,1h+tpk,41,"6
                                   ",570,no rating,0,0,0,0,1,1,1,0,1
"Kontula-Kurkimäki, Helsinki",E,no condition,2009,1984,Kaksio,Kurkisuontie 12,1h+tpk,42.5,"6
                                   ",588,no rating,0,0,0,0,1,1,1,0,1
"Kontula-Kurkimäki, Helsinki",E,no condition,2009,1984,Kaksio,Kurkisuontie 12,1h+tpk,48,"1
                                   ",648,no rating,0,0,0,0,1,1,1,0,1
"Kontula-Kurkimäki, Helsinki",E,no condition,2009,1984,Kaksio,Kurkisuontie 12,2h+k,48,"3
                                   ",658,no rating,0,0,0,0,1,1,1,0,1
"Kontula-Kurkimäki, Helsinki",E,no condition,2009,1984,Kolmio,Kurkisuontie 12,2h+oh+k,60.5,"1
                                   ",839,no rating,0,0,0,0,1,1,1,0,1
"Kontula-Kurkimäki, Helsinki",E,no condition,2009,1984,Kolmio,Kurkisuontie 12,3h+kt,60.5,"2
                                   ",838,no rating,0,0,0,0,1,1,1,0,1
"Kontula-Kurkimäki, Helsinki",E,no condition,2009,1984,Kolmio,Kurkisuontie 12,2h+oh+k,66.5,"4
                                   ",912,no rating,0,0,0,0,1,1,1,0,1
"Kontula-Kurkimäki, Helsinki",E,no condition,2009,1984,Kolmio,Kurkisuontie 12,3h+k,66.5,"2
                                   ",902,no rating,0,0,0,0,1,1,1,0,1
"Kontula-Kurkimäki, Helsinki",E,no condition,2009,1984,Kolmio,Kurkisuontie 12,3h+k,66.5,"6
                                   ",913,no rating,0,0,0,0,1,1,1,0,1
"Kontula-Kurkimäki, Helsinki",E,no condition,2009,1984,Kolmio,Kurkisuontie 12,3h+kt,66.5,"1
                                   ",902,no rating,0,0,0,0,1,1,1,0,1
"Kontula-Kurkimäki, Helsinki",E,no condition,2009,1984,Kolmio,Kurkisuontie 12,3h+kt,66.5,"2
                                   ",913,no rating,0,0,0,0,1,1,1,0,1
"Kontula-Kurkimäki, Helsinki",F,no condition,2018,1993,Soluhuone,Linnoituksentie 10,1h,12,"9
                                   ",287,3,0,0,0,0,1,1,1,0,1
"Kontula-Kurkimäki, Helsinki",F,no condition,2018,1993,Soluhuone,Linnoituksentie 10,1h,12.2,"9
                                   ",290,3,0,0,0,0,1,1,1,0,1
"Kontula-Kurkimäki, Helsinki",F,no condition,2018,1993,Soluhuone,Linnoituksentie 10,1h,12.2,"12
                                   ",306,3,0,0,0,0,1,1,1,0,1
"Kontula-Kurkimäki, Helsinki",F,no condition,2018,1993,Soluhuone,Linnoituksentie 10,1h,12.2,"2
                                   ",316,3,0,0,0,0,1,1,1,0,1
"Kontula-Kurkimäki, Helsinki",F,no condition,2018,1993,Soluhuone,Linnoituksentie 10,1h,12.4,"9
                                   ",293,3,0,0,0,0,1,1,1,0,1
"Kontula-Kurkimäki, Helsinki",F,no condition,2018,1993,Soluhuone,Linnoituksentie 10,1h,12.4,"24
                                   ",309,3,0,0,0,0,1,1,1,0,1
"Kontula-Kurkimäki, Helsinki",F,no condition,2018,1993,Soluhuone,Linnoituksentie 10,1h,12.4,"8
                                   ",319,3,0,0,0,0,1,1,1,0,1
"Kontula-Kurkimäki, Helsinki",F,no condition,2018,1993,Soluhuone,Linnoituksentie 10,1h,12.5,"9
                                   ",296,3,0,0,0,0,1,1,1,0,1
"Kontula-Kurkimäki, Helsinki",F,no condition,2018,1993,Soluhuone,Linnoituksentie 10,1h,12.7,"2
                                   ",320,3,0,0,0,0,1,1,1,0,1
"Kontula-Kurkimäki, Helsinki",F,no condition,2018,1993,Soluhuone,Linnoituksentie 10,1h,13.1,"1
                                   ",328,3,0,0,0,0,1,1,1,0,1
"Kontula-Kurkimäki, Helsinki",F,no condition,2018,1993,Soluhuone,Linnoituksentie 10,1h,13.4,"1
                                   ",332,3,0,0,0,0,1,1,1,0,1
"Kontula-Kurkimäki, Helsinki",F,no condition,2018,1993,Soluhuone,Linnoituksentie 10,1h,14.1,"1
                                   ",338,3,0,0,0,0,1,1,1,0,1
"Kontula-Kurkimäki, Helsinki",F,no condition,2018,1993,Kalustettu soluhuone,Linnoituksentie 10,1h,12,"4
                                   ",440,3,0,0,0,0,1,1,1,0,1
"Kontula-Kurkimäki, Helsinki",F,no condition,2018,1993,Kalustettu soluhuone,Linnoituksentie 10,1h,12.1,"4
                                   ",417,3,0,0,0,0,1,1,1,0,1
"Kontula-Kurkimäki, Helsinki",F,no condition,2018,1993,Kalustettu soluhuone,Linnoituksentie 10,1h,12.2,"4
                                   ",444,3,0,0,0,0,1,1,1,0,1
"Kontula-Kurkimäki, Helsinki",F,no condition,2018,1993,Kalustettu soluhuone,Linnoituksentie 10,1h,12.2,"1
                                   ",466,3,0,0,0,0,1,1,1,0,1
"Kontula-Kurkimäki, Helsinki",F,no condition,2018,1993,Kalustettu soluhuone,Linnoituksentie 10,1h,12.2,"3
                                   ",480,3,0,0,0,0,1,1,1,0,1
"Kontula-Kurkimäki, Helsinki",F,no condition,2018,1993,Kalustettu soluhuone,Linnoituksentie 10,1h,12.4,"4
                                   ",448,3,0,0,0,0,1,1,1,0,1
"Kontula-Kurkimäki, Helsinki",F,no condition,2018,1993,Kalustettu soluhuone,Linnoituksentie 10,1h,12.4,"5
                                   ",470,3,0,0,0,0,1,1,1,0,1
"Kontula-Kurkimäki, Helsinki",F,no condition,2018,1993,Kalustettu soluhuone,Linnoituksentie 10,1h,12.4,"6
                                   ",484,3,0,0,0,0,1,1,1,0,1
"Kontula-Kurkimäki, Helsinki",F,no condition,2018,1993,Kalustettu soluhuone,Linnoituksentie 10,1h,12.5,"4
                                   ",452,3,0,0,0,0,1,1,1,0,1
"Kontula-Kurkimäki, Helsinki",F,no condition,2018,1993,Kalustettu soluhuone,Linnoituksentie 10,1h,12.5,"3
                                   ",492,3,0,0,0,0,1,1,1,0,1
"Kontula-Kurkimäki, Helsinki",F,no condition,2018,1993,Kaksio,Linnoituksentie 10,1h+tpk,40,"4
                                   ",586,3,0,0,0,0,1,1,1,0,1
"Kontula-Kurkimäki, Helsinki",F,no condition,2018,1993,Kaksio,Linnoituksentie 10,1h+tpk,48.5,"6
                                   ",678,3,0,0,0,0,1,1,1,0,1
"Kontula-Kurkimäki, Helsinki",F,no condition,2018,1993,Kaksio,Linnoituksentie 10,2h+k,48.5,"7
                                   ",678,3,0,0,0,0,1,1,1,0,1
"Kontula-Kurkimäki, Helsinki",F,no condition,2018,1993,Kaksio,Linnoituksentie 10,2h+kt,48.5,"2
                                   ",678,3,0,0,0,0,1,1,1,0,1
"Kontula-Kurkimäki, Helsinki",F,no condition,2018,1993,Kaksio,Linnoituksentie 10,1h+tpk,49,"29
                                   ",688,3,0,0,0,0,1,1,1,0,1
"Kontula-Kurkimäki, Helsinki",F,no condition,2018,1993,Kaksio,Linnoituksentie 10,2h+k,49,"5
                                   ",688,3,0,0,0,0,1,1,1,0,1
"Kontula-Kurkimäki, Helsinki",F,no condition,2018,1993,Kaksio,Linnoituksentie 10,2h+kt,49,"1
                                   ",688,3,0,0,0,0,1,1,1,0,1
"Kontula-Kurkimäki, Helsinki",F,no condition,2018,1993,Kaksio,Linnoituksentie 10,2h+k,49.5,"10
                                   ",693,3,0,0,0,0,1,1,1,0,1
"Kontula-Kurkimäki, Helsinki",F,no condition,2018,1993,Kaksio,Linnoituksentie 10,2h+kt,49.5,"3
                                   ",693,3,0,0,0,0,1,1,1,0,1
"Kontula-Kurkimäki, Helsinki",F,no condition,2018,1993,Kaksio,Linnoituksentie 10,2h+k,57.5,"2
                                   ",710,3,0,0,0,0,1,1,1,0,1
"Kontula-Kurkimäki, Helsinki",F,no condition,2018,1993,Kaksio,Linnoituksentie 10,2h+kt,57.5,"1
                                   ",710,3,0,0,0,0,1,1,1,0,1
"Kontula-Kurkimäki, Helsinki",F,no condition,2018,1993,Yksiö,Linnoituksentie 10,1h+kk,49,"1
                                   ",680,3,0,0,0,0,1,1,1,0,1
"Kontula-Kurkimäki, Helsinki",F,no condition,2018,1993,Kolmio,Linnoituksentie 10,2h+oh+k,73,"1
                                   ",798,3,0,0,0,0,1,1,1,0,1
"Kontula-Kurkimäki, Helsinki",F,no condition,2018,1993,Kolmio,Linnoituksentie 10,2h+tpk,73,"3
                                   ",809,3,0,0,0,0,1,1,1,0,1
"Kontula-Kurkimäki, Helsinki",F,no condition,2018,1993,Kolmio,Linnoituksentie 10,3h+k,73,"8
                                   ",809,3,0,0,0,0,1,1,1,0,1
"Kontula-Kurkimäki, Helsinki",F,no condition,2018,1993,Kolmio,Linnoituksentie 10,3h+kt,73,"24
                                   ",809,3,0,0,0,0,1,1,1,0,1
"Kontula-Kurkimäki, Helsinki",F,no condition,2018,1993,Kolmio,Linnoituksentie 10,3h+kt,73,"1
                                   ",841,3,0,0,0,0,1,1,1,0,1
"Kontula-Kurkimäki, Helsinki",F,no condition,2018,1993,Kolmio,Linnoituksentie 10,2h+tpk,75,"1
                                   ",802,3,0,0,0,0,1,1,1,0,1
"Kontula-Kurkimäki, Helsinki",F,no condition,2018,1993,Kolmio,Linnoituksentie 10,2h+tpk,75.5,"2
                                   ",833,3,0,0,0,0,1,1,1,0,1
"Kontula-Kurkimäki, Helsinki",F,no condition,2018,1993,Kolmio,Linnoituksentie 10,3h+kt,75.5,"1
                                   ",833,3,0,0,0,0,1,1,1,0,1
"Kontula-Kurkimäki, Helsinki",F,no condition,2018,1993,Kolmio,Linnoituksentie 10,3h+k,76,"1
                                   ",838,3,0,0,0,0,1,1,1,0,1
"Kontula-Kurkimäki, Helsinki",F,no condition,2018,1993,Kolmio,Linnoituksentie 10,3h+kt,76,"3
                                   ",838,3,0,0,0,0,1,1,1,0,1
"Kontula-Kurkimäki, Helsinki",F,no condition,2018,1993,Kolmio,Linnoituksentie 10,2h+oh+kt,76.5,"1
                                   ",960,3,0,0,0,0,1,1,1,0,1
"Kontula-Kurkimäki, Helsinki",F,no condition,2018,1993,Kolmio,Linnoituksentie 10,2h+tpk,76.5,"5
                                   ",838,3,0,0,0,0,1,1,1,0,1
"Kontula-Kurkimäki, Helsinki",F,no condition,2018,1993,Kolmio,Linnoituksentie 10,3h+kt,76.5,"5
                                   ",838,3,0,0,0,0,1,1,1,0,1
"Kontula-Kurkimäki, Helsinki",F,no condition,2018,1993,Kolmio,Linnoituksentie 10,2h+tpk,77,"1
                                   ",842,3,0,0,0,0,1,1,1,0,1
"Kontula-Kurkimäki, Helsinki",F,no condition,2018,1993,Kolmio,Linnoituksentie 10,2h+tpk,77,"8
                                   ",845,3,0,0,0,0,1,1,1,0,1
"Kontula-Kurkimäki, Helsinki",F,no condition,2018,1993,Kolmio,Linnoituksentie 10,3h+k,77,"2
                                   ",845,3,0,0,0,0,1,1,1,0,1
"Kontula-Kurkimäki, Helsinki",F,no condition,2018,1993,Kolmio,Linnoituksentie 10,3h+kt,77,"2
                                   ",845,3,0,0,0,0,1,1,1,0,1
"Kontula-Kurkimäki, Helsinki",F,no condition,2018,1993,Kolmio,Linnoituksentie 10,3h+k,79,"1
                                   ",1011,3,0,0,0,0,1,1,1,0,1
"Kontula-Kurkimäki, Helsinki",F,no condition,2018,1993,Kolmio,Linnoituksentie 10,3h+k,80,"2
                                   ",849,3,0,0,0,0,1,1,1,0,1
"Kontula-Kurkimäki, Helsinki",F,no condition,2018,1993,Kolmio,Linnoituksentie 10,3h+oh+kt,93.5,"1
                                   ",1064,3,0,0,0,0,1,1,1,0,1
"Kontula-Kurkimäki, Helsinki",F,no condition,2018,1993,Kolmio,Linnoituksentie 10,4h+kt,93.5,"5
                                   ",1064,3,0,0,0,0,1,1,1,0,1
"Kontula-Kurkimäki, Helsinki",F,no condition,2014,1989,Soluhuone,Kilpolantie 16,1h,12,"4
                                   ",310,no rating,0,0,0,0,1,1,1,0,1
"Kontula-Kurkimäki, Helsinki",F,no condition,2014,1989,Soluhuone,Kilpolantie 16,1h,12,"3
                                   ",321,no rating,0,0,0,0,1,1,1,0,1
"Kontula-Kurkimäki, Helsinki",F,no condition,2014,1989,Soluhuone,Kilpolantie 16,1h,12.1,"2
                                   ",314,no rating,0,0,0,0,1,1,1,0,1
"Kontula-Kurkimäki, Helsinki",F,no condition,2014,1989,Soluhuone,Kilpolantie 16,1h,12.6,"6
                                   ",308,no rating,0,0,0,0,1,1,1,0,1
"Kontula-Kurkimäki, Helsinki",F,no condition,2014,1989,Kaksio,Kilpolantie 16,1h+tpk,49.5,"2
                                   ",683,no rating,0,0,0,0,1,1,1,0,1
"Kontula-Kurkimäki, Helsinki",F,no condition,2014,1989,Kaksio,Kilpolantie 16,1h+tpk,49.5,"4
                                   ",693,no rating,0,0,0,0,1,1,1,0,1
"Kontula-Kurkimäki, Helsinki",F,no condition,2014,1989,Kaksio,Kilpolantie 16,2h+k,49.5,"4
                                   ",693,no rating,0,0,0,0,1,1,1,0,1
"Kontula-Kurkimäki, Helsinki",F,no condition,2014,1989,Kaksio,Kilpolantie 16,2h+kt,49.5,"1
                                   ",683,no rating,0,0,0,0,1,1,1,0,1
"Kontula-Kurkimäki, Helsinki",F,no condition,2014,1989,Kaksio,Kilpolantie 16,2h+kt,49.5,"1
                                   ",693,no rating,0,0,0,0,1,1,1,0,1
"Kontula-Kurkimäki, Helsinki",F,no condition,2014,1989,Kaksio,Kilpolantie 16,2h+k,50,"3
                                   ",687,no rating,0,0,0,0,1,1,1,0,1
"Kontula-Kurkimäki, Helsinki",F,no condition,2014,1989,Kaksio,Kilpolantie 16,2h+k,50,"7
                                   ",698,no rating,0,0,0,0,1,1,1,0,1
"Kontula-Kurkimäki, Helsinki",F,no condition,2014,1989,Kaksio,Kilpolantie 16,2h+kt,50,"1
                                   ",687,no rating,0,0,0,0,1,1,1,0,1
"Kontula-Kurkimäki, Helsinki",F,no condition,2014,1989,Kaksio,Kilpolantie 16,2h+kt,50,"1
                                   ",698,no rating,0,0,0,0,1,1,1,0,1
"Kontula-Kurkimäki, Helsinki",F,no condition,2014,1989,Kaksio,Kilpolantie 16,1h+tpk,51,"3
                                   ",699,no rating,0,0,0,0,1,1,1,0,1
"Kontula-Kurkimäki, Helsinki",F,no condition,2014,1989,Kaksio,Kilpolantie 16,2h+k,51.5,"3
                                   ",702,no rating,0,0,0,0,1,1,1,0,1
"Kontula-Kurkimäki, Helsinki",F,no condition,2014,1989,Kolmio,Kilpolantie 16,3h+kt,64,"1
                                   ",855,no rating,0,0,0,0,1,1,1,0,1
"Kontula-Kurkimäki, Helsinki",F,no condition,2014,1989,Kolmio,Kilpolantie 16,2h+oh+k,67,"1
                                   ",897,no rating,0,0,0,0,1,1,1,0,1
"Kontula-Kurkimäki, Helsinki",F,no condition,2014,1989,Kolmio,Kilpolantie 16,2h+oh+k,67,"3
                                   ",908,no rating,0,0,0,0,1,1,1,0,1
"Kontula-Kurkimäki, Helsinki",F,no condition,2014,1989,Kolmio,Kilpolantie 16,2h+oh+kt,67,"1
                                   ",898,no rating,0,0,0,0,1,1,1,0,1
"Kontula-Kurkimäki, Helsinki",F,no condition,2014,1989,Kolmio,Kilpolantie 16,2h+oh+kt,67,"1
                                   ",908,no rating,0,0,0,0,1,1,1,0,1
"Kontula-Kurkimäki, Helsinki",F,no condition,2014,1989,Kolmio,Kilpolantie 16,3h+k,67,"1
                                   ",908,no rating,0,0,0,0,1,1,1,0,1
"Kontula-Kurkimäki, Helsinki",F,no condition,2014,1989,Kolmio,Kilpolantie 16,3h+kt,67,"1
                                   ",897,no rating,0,0,0,0,1,1,1,0,1
"Kontula-Kurkimäki, Helsinki",F,no condition,2014,1989,Kolmio,Kilpolantie 16,3h+kt,67,"8
                                   ",908,no rating,0,0,0,0,1,1,1,0,1
"Kontula-Kurkimäki, Helsinki",F,no condition,2014,1989,Kolmio,Kilpolantie 16,3h+kt,67.5,"3
                                   ",902,no rating,0,0,0,0,1,1,1,0,1
"Kontula-Kurkimäki, Helsinki",F,no condition,2014,1989,Kolmio,Kilpolantie 16,2h+oh+k,69.5,"1
                                   ",927,no rating,0,0,0,0,1,1,1,0,1
"Kontula-Kurkimäki, Helsinki",F,no condition,2014,1989,Kolmio,Kilpolantie 16,2h+oh+kt,69.5,"1
                                   ",927,no rating,0,0,0,0,1,1,1,0,1
"Kontula-Kurkimäki, Helsinki",F,no condition,2014,1989,Kolmio,Kilpolantie 16,3h+kt,69.5,"3
                                   ",927,no rating,0,0,0,0,1,1,1,0,1
"Kontula-Kurkimäki, Helsinki",E,no condition,-,1991,Soluhuone,Kurkisuontie 9,1h,13.8,"2
                                   ",340,no rating,0,0,0,0,1,1,1,0,1
"Kontula-Kurkimäki, Helsinki",E,no condition,-,1991,Soluhuone,Kurkisuontie 9,1h,13.9,"1
                                   ",341,no rating,0,0,0,0,1,1,1,0,1
"Kontula-Kurkimäki, Helsinki",E,no condition,-,1991,Soluhuone,Kurkisuontie 9,1h,14.3,"2
                                   ",300,no rating,0,0,0,0,1,1,1,0,1
"Kontula-Kurkimäki, Helsinki",E,no condition,-,1991,Soluhuone,Kurkisuontie 9,1h,14.8,"2
                                   ",308,no rating,0,0,0,0,1,1,1,0,1
"Kontula-Kurkimäki, Helsinki",E,no condition,-,1991,Soluhuone,Kurkisuontie 9,1h,14.9,"4
                                   ",308,no rating,0,0,0,0,1,1,1,0,1
"Kontula-Kurkimäki, Helsinki",E,no condition,-,1991,Kaksio,Kurkisuontie 9,1h+oh+k,48.5,"6
                                   ",686,no rating,0,0,0,0,1,1,1,0,1
"Kontula-Kurkimäki, Helsinki",E,no condition,-,1991,Kaksio,Kurkisuontie 9,1h+tpk,50,"15
                                   ",700,no rating,0,0,0,0,1,1,1,0,1
"Kontula-Kurkimäki, Helsinki",E,no condition,-,1991,Kaksio,Kurkisuontie 9,1h+oh+k,53,"1
                                   ",728,no rating,0,0,0,0,1,1,1,0,1
"Kontula-Kurkimäki, Helsinki",E,no condition,-,1991,Kaksio,Kurkisuontie 9,2h+k,53,"3
                                   ",728,no rating,0,0,0,0,1,1,1,0,1
"Kontula-Kurkimäki, Helsinki",E,no condition,-,1991,Kaksio,Kurkisuontie 9,1h+oh+k,54,"3
                                   ",744,no rating,0,0,0,0,1,1,1,0,1
"Kontula-Kurkimäki, Helsinki",E,no condition,-,1991,Kaksio,Kurkisuontie 9,1h+tpk,54,"3
                                   ",744,no rating,0,0,0,0,1,1,1,0,1
"Kontula-Kurkimäki, Helsinki",E,no condition,-,1991,Kolmio,Kurkisuontie 9,2h+oh+k,66,"3
                                   ",842,no rating,0,0,0,0,1,1,1,0,1
"Kontula-Kurkimäki, Helsinki",E,no condition,-,1991,Kolmio,Kurkisuontie 9,2h+oh+k,66,"6
                                   ",852,no rating,0,0,0,0,1,1,1,0,1
"Kontula-Kurkimäki, Helsinki",E,no condition,-,1991,Kolmio,Kurkisuontie 9,3h+kt,71.5,"2
                                   ",894,no rating,0,0,0,0,1,1,1,0,1
"Kontula-Kurkimäki, Helsinki",E,no condition,-,1991,Kolmio,Kurkisuontie 9,2h+oh+k,76.5,"1
                                   ",845,no rating,0,0,0,0,1,1,1,0,1
"Kontula-Kurkimäki, Helsinki",E,no condition,-,1991,Kolmio,Kurkisuontie 9,2h+oh+k,76.5,"1
                                   ",952,no rating,0,0,0,0,1,1,1,0,1
"Kontula-Kurkimäki, Helsinki",E,no condition,-,1991,Kolmio,Kurkisuontie 9,3h+k,76.5,"1
                                   ",952,no rating,0,0,0,0,1,1,1,0,1
"Kontula-Kurkimäki, Helsinki",E,no condition,-,1991,Kolmio,Kurkisuontie 9,3h+kt,76.5,"3
                                   ",942,no rating,0,0,0,0,1,1,1,0,1
"Kontula-Kurkimäki, Helsinki",E,no condition,-,1991,Kolmio,Kurkisuontie 9,3h+kt,76.5,"2
                                   ",952,no rating,0,0,0,0,1,1,1,0,1
"Kontula-Kurkimäki, Helsinki",E,no condition,-,1991,Kolmio,Kurkisuontie 9,4h+kt,91.5,"1
                                   ",1064,no rating,0,0,0,0,1,1,1,0,1
"Matinkylä, Espoo",D,no condition,-,2010,Soluhuone,Matinniitynkuja 4,1h,10,"6
                                   ",365,4,0,0,1,0,1,1,1,0,1
"Matinkylä, Espoo",D,no condition,-,2010,Soluhuone,Matinniitynkuja 4,1h,10.5,"12
                                   ",347,4,0,0,1,0,1,1,1,0,1
"Matinkylä, Espoo",D,no condition,-,2010,Soluhuone,Matinniitynkuja 4,1h,10.5,"6
                                   ",352,4,0,0,1,0,1,1,1,0,1
"Matinkylä, Espoo",D,no condition,-,2010,Soluhuone,Matinniitynkuja 4,1h,11,"3
                                   ",347,4,0,0,1,0,1,1,1,0,1
"Matinkylä, Espoo",D,no condition,-,2010,Soluhuone,Matinniitynkuja 4,1h,11,"2
                                   ",359,4,0,0,1,0,1,1,1,0,1
"Matinkylä, Espoo",D,no condition,-,2010,Soluhuone,Matinniitynkuja 4,1h,11.5,"8
                                   ",343,4,0,0,1,0,1,1,1,0,1
"Matinkylä, Espoo",D,no condition,-,2010,Soluhuone,Matinniitynkuja 4,1h,11.5,"4
                                   ",359,4,0,0,1,0,1,1,1,0,1
"Matinkylä, Espoo",D,no condition,-,2010,Soluhuone,Matinniitynkuja 4,1h,12,"3
                                   ",357,4,0,0,1,0,1,1,1,0,1
"Matinkylä, Espoo",D,no condition,-,2010,Soluhuone,Matinniitynkuja 4,1h,12.5,"3
                                   ",371,4,0,0,1,0,1,1,1,0,1
"Matinkylä, Espoo",D,no condition,-,2010,Yksiö,Matinniitynkuja 4,1h+kt,27,"2
                                   ",557,4,0,0,1,0,1,1,1,0,1
"Matinkylä, Espoo",D,no condition,-,2010,Yksiö,Matinniitynkuja 4,1h+kt,27.5,"10
                                   ",568,4,0,0,1,0,1,1,1,0,1
"Matinkylä, Espoo",D,no condition,-,2010,Yksiö,Matinniitynkuja 4,1h+kt,28,"26
                                   ",572,4,0,0,1,0,1,1,1,0,1
"Matinkylä, Espoo",D,no condition,-,2010,Yksiö,Matinniitynkuja 4,1h+kt,32.5,"1
                                   ",614,4,0,0,1,0,1,1,1,0,1
"Matinkylä, Espoo",D,no condition,-,2010,Kaksio,Matinniitynkuja 4,1h+tpk,40.5,"10
                                   ",716,4,0,0,1,0,1,1,1,0,1
"Matinkylä, Espoo",D,no condition,-,2010,Kaksio,Matinniitynkuja 4,1h+tpk,42.5,"1
                                   ",729,4,0,0,1,0,1,1,1,0,1
"Matinkylä, Espoo",D,no condition,-,2010,Kaksio,Matinniitynkuja 4,1h+tpk,42.5,"6
                                   ",739,4,0,0,1,0,1,1,1,0,1
"Matinkylä, Espoo",D,no condition,-,2010,Kaksio,Matinniitynkuja 4,1h+tpk,42.5,"2
                                   ",741,4,0,0,1,0,1,1,1,0,1
"Matinkylä, Espoo",D,no condition,-,2010,Kaksio,Matinniitynkuja 4,1h+tpk,43,"4
                                   ",740,4,0,0,1,0,1,1,1,0,1
"Matinkylä, Espoo",D,no condition,-,2010,Kaksio,Matinniitynkuja 4,1h+tpk,43,"1
                                   ",742,4,0,0,1,0,1,1,1,0,1
"Matinkylä, Espoo",D,no condition,-,2010,Kolmio,Matinniitynkuja 4,3h+kt,57,"1
                                   ",1006,4,0,0,1,0,1,1,1,0,1
"Matinkylä, Espoo",D,no condition,-,2010,Kolmio,Matinniitynkuja 4,2h+tpk,57.5,"1
                                   ",1000,4,0,0,1,0,1,1,1,0,1
"Matinkylä, Espoo",D,no condition,-,2010,Kolmio,Matinniitynkuja 4,3h+k,57.5,"5
                                   ",1000,4,0,0,1,0,1,1,1,0,1
"Matinkylä, Espoo",D,no condition,-,2010,Kolmio,Matinniitynkuja 4,3h+kt,57.5,"7
                                   ",1000,4,0,0,1,0,1,1,1,0,1
"Matinkylä, Espoo",D,no condition,-,2010,Kolmio,Matinniitynkuja 4,3h+kt,57.5,"2
                                   ",990,4,0,0,1,0,1,1,1,0,1
"Matinkylä, Espoo",D,no condition,-,2010,Kolmio,Matinniitynkuja 4,2h+tpk,60,"1
                                   ",1015,4,0,0,1,0,1,1,1,0,1
"Matinkylä, Espoo",D,no condition,-,2010,Kolmio,Matinniitynkuja 4,3h+k,60,"1
                                   ",1015,4,0,0,1,0,1,1,1,0,1
"Matinkylä, Espoo",D,no condition,-,2010,Kolmio,Matinniitynkuja 4,3h+kt,60,"5
                                   ",1015,4,0,0,1,0,1,1,1,0,1
"Matinkylä, Espoo",D,no condition,-,2010,Kolmio,Matinniitynkuja 4,2h+oh+kt,67.5,"2
                                   ",1038,4,0,0,1,0,1,1,1,0,1
"Matinkylä, Espoo",D,no condition,-,2010,Kolmio,Matinniitynkuja 4,3h+kt,67.5,"5
                                   ",1038,4,0,0,1,0,1,1,1,0,1
"Matinkylä, Espoo",D,no condition,-,2010,Kolmio,Matinniitynkuja 4,2h+oh+k,77.5,"1
                                   ",1054,4,0,0,1,0,1,1,1,0,1
"Matinkylä, Espoo",D,no condition,-,2010,Kolmio,Matinniitynkuja 4,2h+oh+kt,77.5,"1
                                   ",1054,4,0,0,1,0,1,1,1,0,1
"Matinkylä, Espoo",D,no condition,-,2010,Kolmio,Matinniitynkuja 4,4h+k,79,"1
                                   ",1056,4,0,0,1,0,1,1,1,0,1
"Matinkylä, Espoo",D,no condition,-,2010,Kolmio,Matinniitynkuja 4,4h+kt,79,"2
                                   ",1056,4,0,0,1,0,1,1,1,0,1
"Matinkylä, Espoo",E,no condition,-,2005,Yksiö,Rantaharju 10,1h+kt,28,"101
                                   ",493,no rating,0,0,0,0,1,1,1,0,1
"Matinkylä, Espoo",E,no condition,-,2005,Kaksio,Rantaharju 10,1h+tpk,42.5,"26
                                   ",653,no rating,0,0,0,0,1,1,1,0,1
"Matinkylä, Espoo",E,no condition,-,2005,Kaksio,Rantaharju 10,1h+tpk,46.5,"16
                                   ",671,no rating,0,0,0,0,1,1,1,0,1
"Matinkylä, Espoo",E,no condition,-,2005,Kaksio,Rantaharju 10,1h+tpk,46.5,"66
                                   ",681,no rating,0,0,0,0,1,1,1,0,1
"Korso, Vantaa",F,no condition,2010,1987,Soluhuone,Peltomyyränkuja 2,1h,11,"1
                                   ",263,2,0,0,0,0,1,1,1,0,1
"Korso, Vantaa",F,no condition,2010,1987,Soluhuone,Peltomyyränkuja 2,1h,11.5,"1
                                   ",268,2,0,0,0,0,1,1,1,0,1
"Korso, Vantaa",F,no condition,2010,1987,Soluhuone,Peltomyyränkuja 2,1h,12,"1
                                   ",273,2,0,0,0,0,1,1,1,0,1
"Korso, Vantaa",F,no condition,2010,1987,Soluhuone,Peltomyyränkuja 2,1h,13,"1
                                   ",272,2,0,0,0,0,1,1,1,0,1
"Korso, Vantaa",F,no condition,2010,1987,Soluhuone,Peltomyyränkuja 2,1h,13.5,"2
                                   ",337,2,0,0,0,0,1,1,1,0,1
"Korso, Vantaa",F,no condition,2010,1987,Soluhuone,Peltomyyränkuja 2,1h,14,"1
                                   ",289,2,0,0,0,0,1,1,1,0,1
"Korso, Vantaa",F,no condition,2010,1987,Soluhuone,Peltomyyränkuja 2,1h,15.5,"1
                                   ",306,2,0,0,0,0,1,1,1,0,1
"Korso, Vantaa",F,no condition,2010,1987,Kaksio,Peltomyyränkuja 2,1h+oh+k,52,"5
                                   ",661,2,0,0,0,0,1,1,1,0,1
"Korso, Vantaa",F,no condition,2010,1987,Kaksio,Peltomyyränkuja 2,1h+oh+k,52,"5
                                   ",671,2,0,0,0,0,1,1,1,0,1
"Korso, Vantaa",F,no condition,2010,1987,Kaksio,Peltomyyränkuja 2,2h+k,52,"2
                                   ",661,2,0,0,0,0,1,1,1,0,1
"Korso, Vantaa",F,no condition,2010,1987,Kaksio,Peltomyyränkuja 2,2h+k,52,"4
                                   ",671,2,0,0,0,0,1,1,1,0,1
"Korso, Vantaa",F,no condition,2010,1987,Kolmio,Peltomyyränkuja 2,2h+oh+k,61.5,"4
                                   ",733,2,0,0,0,0,1,1,1,0,1
"Korso, Vantaa",F,no condition,2010,1987,Kolmio,Peltomyyränkuja 2,2h+oh+k,61.5,"4
                                   ",743,2,0,0,0,0,1,1,1,0,1
"Korso, Vantaa",F,no condition,2010,1987,Kolmio,Peltomyyränkuja 2,3h+k,61.5,"1
                                   ",782,2,0,0,0,0,1,1,1,0,1
"Korso, Vantaa",F,no condition,2010,1987,Kolmio,Peltomyyränkuja 2,3h+k,68.5,"2
                                   ",848,2,0,0,0,0,1,1,1,0,1
"Korso, Vantaa",F,no condition,2010,1987,Kolmio,Peltomyyränkuja 2,3h+kt,68.5,"1
                                   ",835,2,0,0,0,0,1,1,1,0,1
"Espoon keskus-Suvela, Espoo",E,no condition,2014,1973,Soluhuone,Kirstinharju 1,1h,11,"4
                                   ",261,5,0,0,1,0,1,1,1,0,1
"Espoon keskus-Suvela, Espoo",E,no condition,2014,1973,Soluhuone,Kirstinharju 1,1h,11,"8
                                   ",266,5,0,0,1,0,1,1,1,0,1
"Espoon keskus-Suvela, Espoo",E,no condition,2014,1973,Soluhuone,Kirstinharju 1,1h,13.1,"4
                                   ",280,5,0,0,1,0,1,1,1,0,1
"Espoon keskus-Suvela, Espoo",E,no condition,2014,1973,Soluhuone,Kirstinharju 1,1h,13.1,"2
                                   ",292,5,0,0,1,0,1,1,1,0,1
"Espoon keskus-Suvela, Espoo",E,no condition,2014,1973,Soluhuone,Kirstinharju 1,1h,13.3,"4
                                   ",283,5,0,0,1,0,1,1,1,0,1
"Espoon keskus-Suvela, Espoo",E,no condition,2014,1973,Soluhuone,Kirstinharju 1,1h,13.3,"2
                                   ",292,5,0,0,1,0,1,1,1,0,1
"Espoon keskus-Suvela, Espoo",E,no condition,2014,1973,Soluhuone,Kirstinharju 1,1h,14.1,"6
                                   ",355,5,0,0,1,0,1,1,1,0,1
"Espoon keskus-Suvela, Espoo",E,no condition,2014,1973,Soluhuone,Kirstinharju 1,1h,15.7,"6
                                   ",372,5,0,0,1,0,1,1,1,0,1
"Espoon keskus-Suvela, Espoo",E,no condition,2014,1973,Kaksio,Kirstinharju 1,1h+oh+kk,50.5,"22
                                   ",621,5,0,0,1,0,1,1,1,0,1
"Espoon keskus-Suvela, Espoo",E,no condition,2014,1973,Kolmio,Kirstinharju 1,2h+tpk,67.5,"16
                                   ",737,5,0,0,1,0,1,1,1,0,1
"Espoon keskus-Suvela, Espoo",E,no condition,2014,1973,Kolmio,Kirstinharju 1,3h+oh+k,74,"5
                                   ",833,5,0,0,1,0,1,1,1,0,1
"Espoon keskus-Suvela, Espoo",E,no condition,2014,1973,Kolmio,Kirstinharju 1,3h+oh+k,74,"2
                                   ",834,5,0,0,1,0,1,1,1,0,1
"Espoon keskus-Suvela, Espoo",E,no condition,2014,1973,Kolmio,Kirstinharju 1,3h+oh+k,74,"5
                                   ",835,5,0,0,1,0,1,1,1,0,1
"Espoon keskus-Suvela, Espoo",E,no condition,2014,1973,Kolmio,Kirstinharju 1,3h+oh+k,74,"1
                                   ",836,5,0,0,1,0,1,1,1,0,1
"Espoon keskus-Suvela, Espoo",E,no condition,2014,1973,Kolmio,Kirstinharju 1,3h+tpk,74,"1
                                   ",835,5,0,0,1,0,1,1,1,0,1
"Espoon keskus-Suvela, Espoo",F,no condition,2010,1989,Soluhuone,Kylävainionkuja 6,1h,11,"1
                                   ",286,3,0,0,0,0,1,1,1,0,1
"Espoon keskus-Suvela, Espoo",F,no condition,2010,1989,Soluhuone,Kylävainionkuja 6,1h,11.5,"1
                                   ",303,3,0,0,0,0,1,1,1,0,1
"Espoon keskus-Suvela, Espoo",F,no condition,2010,1989,Soluhuone,Kylävainionkuja 6,1h,12,"1
                                   ",303,3,0,0,0,0,1,1,1,0,1
"Espoon keskus-Suvela, Espoo",F,no condition,2010,1989,Soluhuone,Kylävainionkuja 6,1h,12.5,"1
                                   ",288,3,0,0,0,0,1,1,1,0,1
"Espoon keskus-Suvela, Espoo",F,no condition,2010,1989,Soluhuone,Kylävainionkuja 6,1h,12.5,"1
                                   ",289,3,0,0,0,0,1,1,1,0,1
"Espoon keskus-Suvela, Espoo",F,no condition,2010,1989,Soluhuone,Kylävainionkuja 6,1h,12.5,"2
                                   ",311,3,0,0,0,0,1,1,1,0,1
"Espoon keskus-Suvela, Espoo",F,no condition,2010,1989,Soluhuone,Kylävainionkuja 6,1h,12.5,"1
                                   ",315,3,0,0,0,0,1,1,1,0,1
"Espoon keskus-Suvela, Espoo",F,no condition,2010,1989,Soluhuone,Kylävainionkuja 6,1h,13,"2
                                   ",294,3,0,0,0,0,1,1,1,0,1
"Espoon keskus-Suvela, Espoo",F,no condition,2010,1989,Soluhuone,Kylävainionkuja 6,1h,13,"1
                                   ",315,3,0,0,0,0,1,1,1,0,1
"Espoon keskus-Suvela, Espoo",F,no condition,2010,1989,Soluhuone,Kylävainionkuja 6,1h,13,"4
                                   ",316,3,0,0,0,0,1,1,1,0,1
"Espoon keskus-Suvela, Espoo",F,no condition,2010,1989,Soluhuone,Kylävainionkuja 6,1h,13.5,"3
                                   ",322,3,0,0,0,0,1,1,1,0,1
"Espoon keskus-Suvela, Espoo",F,no condition,2010,1989,Soluhuone,Kylävainionkuja 6,1h,13.5,"1
                                   ",326,3,0,0,0,0,1,1,1,0,1
"Espoon keskus-Suvela, Espoo",F,no condition,2010,1989,Soluhuone,Kylävainionkuja 6,1h,14,"1
                                   ",307,3,0,0,0,0,1,1,1,0,1
"Espoon keskus-Suvela, Espoo",F,no condition,2010,1989,Soluhuone,Kylävainionkuja 6,1h,19,"1
                                   ",373,3,0,0,0,0,1,1,1,0,1
"Espoon keskus-Suvela, Espoo",F,no condition,2010,1989,Yksiö,Kylävainionkuja 6,1h+kt,31,"1
                                   ",498,3,0,0,0,0,1,1,1,0,1
"Espoon keskus-Suvela, Espoo",F,no condition,2010,1989,Yksiö,Kylävainionkuja 6,1h+kt,32.5,"2
                                   ",519,3,0,0,0,0,1,1,1,0,1
"Espoon keskus-Suvela, Espoo",F,no condition,2010,1989,Yksiö,Kylävainionkuja 6,1h+kk,42,"3
                                   ",618,3,0,0,0,0,1,1,1,0,1
"Espoon keskus-Suvela, Espoo",F,no condition,2010,1989,Kaksio,Kylävainionkuja 6,2h+k,44.5,"5
                                   ",623,3,0,0,0,0,1,1,1,0,1
"Espoon keskus-Suvela, Espoo",F,no condition,2010,1989,Kaksio,Kylävainionkuja 6,2h+kk,46,"2
                                   ",650,3,0,0,0,0,1,1,1,0,1
"Espoon keskus-Suvela, Espoo",F,no condition,2010,1989,Kaksio,Kylävainionkuja 6,1h+oh+kk,52,"2
                                   ",716,3,0,0,0,0,1,1,1,0,1
"Espoon keskus-Suvela, Espoo",F,no condition,2010,1989,Kaksio,Kylävainionkuja 6,1h+oh+k,53.5,"1
                                   ",723,3,0,0,0,0,1,1,1,0,1
"Espoon keskus-Suvela, Espoo",F,no condition,2010,1989,Kaksio,Kylävainionkuja 6,1h+oh+k,53.5,"2
                                   ",724,3,0,0,0,0,1,1,1,0,1
"Espoon keskus-Suvela, Espoo",F,no condition,2010,1989,Kolmio,Kylävainionkuja 6,3h+kt,63,"1
                                   ",809,3,0,0,0,0,1,1,1,0,1
"Espoon keskus-Suvela, Espoo",F,no condition,2010,1989,Kolmio,Kylävainionkuja 6,2h+oh+k,63.5,"3
                                   ",809,3,0,0,0,0,1,1,1,0,1
"Espoon keskus-Suvela, Espoo",F,no condition,2010,1989,Kolmio,Kylävainionkuja 6,2h+oh+k,65.5,"1
                                   ",878,3,0,0,0,0,1,1,1,0,1
"Espoon keskus-Suvela, Espoo",F,no condition,2010,1989,Kolmio,Kylävainionkuja 6,3h+k,65.5,"1
                                   ",878,3,0,0,0,0,1,1,1,0,1
"Espoon keskus-Suvela, Espoo",F,no condition,2010,1989,Kolmio,Kylävainionkuja 6,2h+tpk,66.5,"3
                                   ",842,3,0,0,0,0,1,1,1,0,1
"Espoon keskus-Suvela, Espoo",F,no condition,2010,1989,Kolmio,Kylävainionkuja 6,2h+oh+k,68,"2
                                   ",848,3,0,0,0,0,1,1,1,0,1
"Espoon keskus-Suvela, Espoo",F,no condition,2010,1989,Kolmio,Kylävainionkuja 6,2h+tpk,68.5,"3
                                   ",843,3,0,0,0,0,1,1,1,0,1
"Espoon keskus-Suvela, Espoo",F,no condition,2010,1989,Kolmio,Kylävainionkuja 6,3h+kt,69,"1
                                   ",905,3,0,0,0,0,1,1,1,0,1
"Espoon keskus-Suvela, Espoo",F,no condition,2010,1989,Kolmio,Kylävainionkuja 6,3h+k,69.5,"2
                                   ",906,3,0,0,0,0,1,1,1,0,1
"Espoon keskus-Suvela, Espoo",F,no condition,2010,1989,Kolmio,Kylävainionkuja 6,3h+kt,71.5,"1
                                   ",884,3,0,0,0,0,1,1,1,0,1
"Espoon keskus-Suvela, Espoo",D,no condition,2022,1983,Yksiö,Vieraskuja 5,1h+kt,22,"4
                                   ",506,no rating,0,1,1,1,1,1,1,0,1
"Espoon keskus-Suvela, Espoo",D,no condition,2022,1983,Yksiö,Vieraskuja 5,1h+kt,22,"4
                                   ",516,no rating,0,1,1,1,1,1,1,0,1
"Espoon keskus-Suvela, Espoo",D,no condition,2022,1983,Yksiö,Vieraskuja 5,1h+kt,22,"4
                                   ",517,no rating,0,1,1,1,1,1,1,0,1
"Espoon keskus-Suvela, Espoo",D,no condition,2022,1983,Yksiö,Vieraskuja 5,1h+kt,22,"4
                                   ",529,no rating,0,1,1,1,1,1,1,0,1
"Espoon keskus-Suvela, Espoo",D,no condition,2022,1983,Yksiö,Vieraskuja 5,1h+kt,23,"2
                                   ",539,no rating,0,1,1,1,1,1,1,0,1
"Espoon keskus-Suvela, Espoo",D,no condition,2022,1983,Yksiö,Vieraskuja 5,1h+kt,23,"2
                                   ",540,no rating,0,1,1,1,1,1,1,0,1
"Espoon keskus-Suvela, Espoo",D,no condition,2022,1983,Yksiö,Vieraskuja 5,1h+kt,23,"2
                                   ",551,no rating,0,1,1,1,1,1,1,0,1
"Espoon keskus-Suvela, Espoo",D,no condition,2022,1983,Yksiö,Vieraskuja 5,1h+kt,23,"6
                                   ",552,no rating,0,1,1,1,1,1,1,0,1
"Espoon keskus-Suvela, Espoo",D,no condition,2022,1983,Yksiö,Vieraskuja 5,1h+kt,23,"4
                                   ",563,no rating,0,1,1,1,1,1,1,0,1
"Espoon keskus-Suvela, Espoo",D,no condition,2022,1983,Yksiö,Vieraskuja 5,1h+kt,29,"1
                                   ",572,no rating,0,1,1,1,1,1,1,0,1
"Espoon keskus-Suvela, Espoo",D,no condition,2022,1983,Yksiö,Vieraskuja 5,1h+k,38,"2
                                   ",617,no rating,0,1,1,1,1,1,1,0,1
"Espoon keskus-Suvela, Espoo",D,no condition,2022,1983,Yksiö,Vieraskuja 5,1h+k,38,"2
                                   ",628,no rating,0,1,1,1,1,1,1,0,1
"Espoon keskus-Suvela, Espoo",D,no condition,2022,1983,Kaksio,Vieraskuja 5,2h+kk,46,"1
                                   ",689,no rating,0,1,1,1,1,1,1,0,1
"Espoon keskus-Suvela, Espoo",D,no condition,2022,1983,Kaksio,Vieraskuja 5,2h+kk,46,"5
                                   ",699,no rating,0,1,1,1,1,1,1,0,1
"Espoon keskus-Suvela, Espoo",D,no condition,2022,1983,Kaksio,Vieraskuja 5,2h+kk,46,"10
                                   ",709,no rating,0,1,1,1,1,1,1,0,1
"Espoon keskus-Suvela, Espoo",D,no condition,2022,1983,Kaksio,Vieraskuja 5,2h+kk,46,"8
                                   ",721,no rating,0,1,1,1,1,1,1,0,1
"Espoon keskus-Suvela, Espoo",D,no condition,2022,1983,Kolmio,Vieraskuja 5,3h+k,65,"10
                                   ",897,no rating,0,1,1,1,1,1,1,0,1
"Espoon keskus-Suvela, Espoo",D,no condition,2022,1983,Kolmio,Vieraskuja 5,3h+k,65,"18
                                   ",907,no rating,0,1,1,1,1,1,1,0,1
"Espoon keskus-Suvela, Espoo",D,no condition,2022,1983,Kolmio,Vieraskuja 5,3h+k,65,"12
                                   ",918,no rating,0,1,1,1,1,1,1,0,1
"Espoon keskus-Suvela, Espoo",E,no condition,-,1992,Soluhuone,Kirjanpitäjänkuja 4,1h,14.1,"2
                                   ",339,no rating,0,0,1,0,1,1,1,0,1
"Espoon keskus-Suvela, Espoo",E,no condition,-,1992,Soluhuone,Kirjanpitäjänkuja 4,1h,14.2,"1
                                   ",339,no rating,0,0,1,0,1,1,1,0,1
"Espoon keskus-Suvela, Espoo",E,no condition,-,1992,Soluhuone,Kirjanpitäjänkuja 4,1h,16.7,"4
                                   ",331,no rating,0,0,1,0,1,1,1,0,1
"Espoon keskus-Suvela, Espoo",E,no condition,-,1992,Soluhuone,Kirjanpitäjänkuja 4,1h,17.2,"2
                                   ",335,no rating,0,0,1,0,1,1,1,0,1
"Espoon keskus-Suvela, Espoo",E,no condition,-,1992,Soluhuone,Kirjanpitäjänkuja 4,1h,18.2,"3
                                   ",368,no rating,0,0,1,0,1,1,1,0,1
"Espoon keskus-Suvela, Espoo",E,no condition,-,1992,Soluhuone,Kirjanpitäjänkuja 4,1h,19.9,"3
                                   ",384,no rating,0,0,1,0,1,1,1,0,1
"Espoon keskus-Suvela, Espoo",E,no condition,-,1992,Soluhuone,Kirjanpitäjänkuja 4,1h,20.9,"2
                                   ",376,no rating,0,0,1,0,1,1,1,0,1
"Espoon keskus-Suvela, Espoo",E,no condition,-,1992,Soluhuone,Kirjanpitäjänkuja 4,1h,21,"3
                                   ",395,no rating,0,0,1,0,1,1,1,0,1
"Espoon keskus-Suvela, Espoo",E,no condition,-,1992,Kalustettu soluhuone,Kirjanpitäjänkuja 4,1h,13,"3
                                   ",467,no rating,0,0,1,0,1,1,1,0,1
"Espoon keskus-Suvela, Espoo",E,no condition,-,1992,Kalustettu soluhuone,Kirjanpitäjänkuja 4,1h,13.5,"3
                                   ",477,no rating,0,0,1,0,1,1,1,0,1
"Espoon keskus-Suvela, Espoo",E,no condition,-,1992,Kalustettu soluhuone,Kirjanpitäjänkuja 4,1h,14.1,"4
                                   ",522,no rating,0,0,1,0,1,1,1,0,1
"Espoon keskus-Suvela, Espoo",E,no condition,-,1992,Kalustettu soluhuone,Kirjanpitäjänkuja 4,1h,14.2,"2
                                   ",522,no rating,0,0,1,0,1,1,1,0,1
"Espoon keskus-Suvela, Espoo",E,no condition,-,1992,Kalustettu soluhuone,Kirjanpitäjänkuja 4,1h,14.3,"3
                                   ",489,no rating,0,0,1,0,1,1,1,0,1
"Espoon keskus-Suvela, Espoo",E,no condition,-,1992,Kalustettu soluhuone,Kirjanpitäjänkuja 4,1h,16.7,"4
                                   ",512,no rating,0,0,1,0,1,1,1,0,1
"Espoon keskus-Suvela, Espoo",E,no condition,-,1992,Kalustettu soluhuone,Kirjanpitäjänkuja 4,1h,17.2,"2
                                   ",517,no rating,0,0,1,0,1,1,1,0,1
"Espoon keskus-Suvela, Espoo",E,no condition,-,1992,Kalustettu soluhuone,Kirjanpitäjänkuja 4,1h,18.2,"1
                                   ",562,no rating,0,0,1,0,1,1,1,0,1
"Espoon keskus-Suvela, Espoo",E,no condition,-,1992,Kalustettu soluhuone,Kirjanpitäjänkuja 4,1h,19.9,"1
                                   ",584,no rating,0,0,1,0,1,1,1,0,1
"Espoon keskus-Suvela, Espoo",E,no condition,-,1992,Kalustettu soluhuone,Kirjanpitäjänkuja 4,1h,20.9,"2
                                   ",573,no rating,0,0,1,0,1,1,1,0,1
"Espoon keskus-Suvela, Espoo",E,no condition,-,1992,Kalustettu soluhuone,Kirjanpitäjänkuja 4,1h,21,"1
                                   ",598,no rating,0,0,1,0,1,1,1,0,1
"Espoon keskus-Suvela, Espoo",E,no condition,-,1992,Kaksio,Kirjanpitäjänkuja 4,1h+tpk,38.5,"4
                                   ",535,no rating,0,0,1,0,1,1,1,0,1
"Espoon keskus-Suvela, Espoo",E,no condition,-,1992,Kaksio,Kirjanpitäjänkuja 4,1h+tpk,39,"8
                                   ",542,no rating,0,0,1,0,1,1,1,0,1
"Espoon keskus-Suvela, Espoo",E,no condition,-,1992,Kaksio,Kirjanpitäjänkuja 4,1h+oh+kk,51,"10
                                   ",681,no rating,0,0,1,0,1,1,1,0,1
"Espoon keskus-Suvela, Espoo",E,no condition,-,1992,Kaksio,Kirjanpitäjänkuja 4,2h+k,60,"4
                                   ",771,no rating,0,0,1,0,1,1,1,0,1
"Espoon keskus-Suvela, Espoo",E,no condition,-,1992,Kaksio,Kirjanpitäjänkuja 4,2h+k,62,"3
                                   ",796,no rating,0,0,1,0,1,1,1,0,1
"Espoon keskus-Suvela, Espoo",E,no condition,-,1992,Kaksio,Kirjanpitäjänkuja 4,2h+k,62,"1
                                   ",797,no rating,0,0,1,0,1,1,1,0,1
"Espoon keskus-Suvela, Espoo",E,no condition,-,1992,Kolmio,Kirjanpitäjänkuja 4,2h+tpk,73.5,"4
                                   ",864,no rating,0,0,1,0,1,1,1,0,1
"Espoon keskus-Suvela, Espoo",E,no condition,-,1992,Kolmio,Kirjanpitäjänkuja 4,3h+k,83,"1
                                   ",940,no rating,0,0,1,0,1,1,1,0,1
"Espoon keskus-Suvela, Espoo",E,no condition,-,1992,Kolmio,Kirjanpitäjänkuja 4,3h+kt,85,"1
                                   ",940,no rating,0,0,1,0,1,1,1,0,1
"Espoon keskus-Suvela, Espoo","F, E",no condition,2025,2013,Soluhuone,Siltakuja 2,1h,12.5,"24
                                   ",342,5,0,1,1,1,1,1,1,0,1
"Espoon keskus-Suvela, Espoo","F, E",no condition,2025,2013,Soluhuone,Siltakuja 2,1h,15.5,"8
                                   ",355,5,0,1,1,1,1,1,1,0,1
"Espoon keskus-Suvela, Espoo","F, E",no condition,2025,2013,Yksiö,Siltakuja 2,1h+kt,20.5,"2
                                   ",474,5,0,1,1,1,1,1,1,0,1
"Espoon keskus-Suvela, Espoo","F, E",no condition,2025,2013,Yksiö,Siltakuja 2,1h+kt,20.5,"5
                                   ",484,5,0,1,1,1,1,1,1,0,1
"Espoon keskus-Suvela, Espoo","F, E",no condition,2025,2013,Yksiö,Siltakuja 2,1h+kt,21,"1
                                   ",484,5,0,1,1,1,1,1,1,0,1
"Espoon keskus-Suvela, Espoo","F, E",no condition,2025,2013,Yksiö,Siltakuja 2,1h+kt,21,"1
                                   ",494,5,0,1,1,1,1,1,1,0,1
"Espoon keskus-Suvela, Espoo","F, E",no condition,2025,2013,Yksiö,Siltakuja 2,1h+kt,22.5,"4
                                   ",495,5,0,1,1,1,1,1,1,0,1
"Espoon keskus-Suvela, Espoo","F, E",no condition,2025,2013,Yksiö,Siltakuja 2,1h+kt,22.5,"5
                                   ",505,5,0,1,1,1,1,1,1,0,1
"Espoon keskus-Suvela, Espoo","F, E",no condition,2025,2013,Yksiö,Siltakuja 2,1h+kt,27,"26
                                   ",479,5,0,1,1,1,1,1,1,0,1
"Espoon keskus-Suvela, Espoo","F, E",no condition,2025,2013,Yksiö,Siltakuja 2,1h+kt,27,"4
                                   ",551,5,0,1,1,1,1,1,1,0,1
"Espoon keskus-Suvela, Espoo","F, E",no condition,2025,2013,Yksiö,Siltakuja 2,1h+kt,27,"8
                                   ",561,5,0,1,1,1,1,1,1,0,1
"Espoon keskus-Suvela, Espoo","F, E",no condition,2025,2013,Yksiö,Siltakuja 2,1h+kt,28,"3
                                   ",567,5,0,1,1,1,1,1,1,0,1
"Espoon keskus-Suvela, Espoo","F, E",no condition,2025,2013,Yksiö,Siltakuja 2,1h+kt,28,"12
                                   ",577,5,0,1,1,1,1,1,1,0,1
"Espoon keskus-Suvela, Espoo","F, E",no condition,2025,2013,Yksiö,Siltakuja 2,1h+kt,28,"2
                                   ",587,5,0,1,1,1,1,1,1,0,1
"Espoon keskus-Suvela, Espoo","F, E",no condition,2025,2013,Yksiö,Siltakuja 2,1h+kt,28.5,"8
                                   ",500,5,0,1,1,1,1,1,1,0,1
"Espoon keskus-Suvela, Espoo","F, E",no condition,2025,2013,Yksiö,Siltakuja 2,1h+kk,29,"1
                                   ",506,5,0,1,1,1,1,1,1,0,1
"Espoon keskus-Suvela, Espoo","F, E",no condition,2025,2013,Yksiö,Siltakuja 2,1h+kt,29,"15
                                   ",506,5,0,1,1,1,1,1,1,0,1
"Espoon keskus-Suvela, Espoo","F, E",no condition,2025,2013,Yksiö,Siltakuja 2,1h+kt,29,"3
                                   ",508,5,0,1,1,1,1,1,1,0,1
"Espoon keskus-Suvela, Espoo","F, E",no condition,2025,2013,Yksiö,Siltakuja 2,1h+kt,29,"2
                                   ",519,5,0,1,1,1,1,1,1,0,1
"Espoon keskus-Suvela, Espoo","F, E",no condition,2025,2013,Yksiö,Siltakuja 2,1h+kt,30,"1
                                   ",575,5,0,1,1,1,1,1,1,0,1
"Espoon keskus-Suvela, Espoo","F, E",no condition,2025,2013,Yksiö,Siltakuja 2,1h+kt,30.5,"1
                                   ",580,5,0,1,1,1,1,1,1,0,1
"Espoon keskus-Suvela, Espoo","F, E",no condition,2025,2013,Yksiö,Siltakuja 2,1h+kt,35,"1
                                   ",593,5,0,1,1,1,1,1,1,0,1
"Espoon keskus-Suvela, Espoo","F, E",no condition,2025,2013,Kaksio,Siltakuja 2,2h+kt,31.5,"1
                                   ",595,5,0,1,1,1,1,1,1,0,1
"Espoon keskus-Suvela, Espoo","F, E",no condition,2025,2013,Kaksio,Siltakuja 2,2h+kt,31.5,"2
                                   ",605,5,0,1,1,1,1,1,1,0,1
"Espoon keskus-Suvela, Espoo","F, E",no condition,2025,2013,Kaksio,Siltakuja 2,2h+kt,32,"6
                                   ",600,5,0,1,1,1,1,1,1,0,1
"Espoon keskus-Suvela, Espoo","F, E",no condition,2025,2013,Kaksio,Siltakuja 2,2h+kt,32,"8
                                   ",610,5,0,1,1,1,1,1,1,0,1
"Espoon keskus-Suvela, Espoo","F, E",no condition,2025,2013,Kaksio,Siltakuja 2,2h+kt,32.5,"7
                                   ",605,5,0,1,1,1,1,1,1,0,1
"Espoon keskus-Suvela, Espoo","F, E",no condition,2025,2013,Kaksio,Siltakuja 2,2h+kt,32.5,"5
                                   ",615,5,0,1,1,1,1,1,1,0,1
"Espoon keskus-Suvela, Espoo","F, E",no condition,2025,2013,Kaksio,Siltakuja 2,2h+kt,37,"2
                                   ",640,5,0,1,1,1,1,1,1,0,1
"Espoon keskus-Suvela, Espoo","F, E",no condition,2025,2013,Kaksio,Siltakuja 2,2h+kt,37,"1
                                   ",650,5,0,1,1,1,1,1,1,0,1
"Espoon keskus-Suvela, Espoo","F, E",no condition,2025,2013,Kaksio,Siltakuja 2,1h+oh+kk,41,"4
                                   ",646,5,0,1,1,1,1,1,1,0,1
"Espoon keskus-Suvela, Espoo","F, E",no condition,2025,2013,Kaksio,Siltakuja 2,2h+kt,41,"1
                                   ",655,5,0,1,1,1,1,1,1,0,1
"Espoon keskus-Suvela, Espoo","F, E",no condition,2025,2013,Kaksio,Siltakuja 2,2h+kt,41,"2
                                   ",665,5,0,1,1,1,1,1,1,0,1
"Espoon keskus-Suvela, Espoo","F, E",no condition,2025,2013,Kaksio,Siltakuja 2,2h+kt,41.5,"1
                                   ",673,5,0,1,1,1,1,1,1,0,1
"Espoon keskus-Suvela, Espoo","F, E",no condition,2025,2013,Kaksio,Siltakuja 2,2h+kt,44,"1
                                   ",711,5,0,1,1,1,1,1,1,0,1
"Espoon keskus-Suvela, Espoo","F, E",no condition,2025,2013,Kaksio,Siltakuja 2,2h+kt,44.5,"9
                                   ",708,5,0,1,1,1,1,1,1,0,1
"Espoon keskus-Suvela, Espoo","F, E",no condition,2025,2013,Kaksio,Siltakuja 2,2h+kt,44.5,"16
                                   ",718,5,0,1,1,1,1,1,1,0,1
"Espoon keskus-Suvela, Espoo","F, E",no condition,2025,2013,Kaksio,Siltakuja 2,2h+kt,44.5,"2
                                   ",728,5,0,1,1,1,1,1,1,0,1
"Espoon keskus-Suvela, Espoo","F, E",no condition,2025,2013,Kaksio,Siltakuja 2,1h+oh+kk,46,"4
                                   ",691,5,0,1,1,1,1,1,1,0,1
"Espoon keskus-Suvela, Espoo","F, E",no condition,2025,2013,Kaksio,Siltakuja 2,1h+oh+kk,46,"1
                                   ",701,5,0,1,1,1,1,1,1,0,1
"Espoon keskus-Suvela, Espoo","F, E",no condition,2025,2013,Kaksio,Siltakuja 2,2h+kk,46,"1
                                   ",674,5,0,1,1,1,1,1,1,0,1
"Espoon keskus-Suvela, Espoo","F, E",no condition,2025,2013,Kaksio,Siltakuja 2,2h+kk,46,"1
                                   ",683,5,0,1,1,1,1,1,1,0,1
"Espoon keskus-Suvela, Espoo","F, E",no condition,2025,2013,Kaksio,Siltakuja 2,2h+kk,46,"1
                                   ",695,5,0,1,1,1,1,1,1,0,1
"Espoon keskus-Suvela, Espoo","F, E",no condition,2025,2013,Kaksio,Siltakuja 2,2h+kt,48,"1
                                   ",720,5,0,1,1,1,1,1,1,0,1
"Espoon keskus-Suvela, Espoo","F, E",no condition,2025,2013,Kaksio,Siltakuja 2,2h+kt,48,"3
                                   ",730,5,0,1,1,1,1,1,1,0,1
"Espoon keskus-Suvela, Espoo","F, E",no condition,2025,2013,Kaksio,Siltakuja 2,2h+kk,49.5,"1
                                   ",714,5,0,1,1,1,1,1,1,0,1
"Espoon keskus-Suvela, Espoo","F, E",no condition,2025,2013,Kaksio,Siltakuja 2,1h+oh+kk,52,"1
                                   ",724,5,0,1,1,1,1,1,1,0,1
"Espoon keskus-Suvela, Espoo","F, E",no condition,2025,2013,Kaksio,Siltakuja 2,1h+oh+kt,52,"2
                                   ",724,5,0,1,1,1,1,1,1,0,1
"Espoon keskus-Suvela, Espoo","F, E",no condition,2025,2013,Kaksio,Siltakuja 2,2h+kt,66,"2
                                   ",813,5,0,1,1,1,1,1,1,0,1
"Espoon keskus-Suvela, Espoo","F, E",no condition,2025,2013,Kaksio,Siltakuja 2,2h+kt,66.5,"1
                                   ",835,5,0,1,1,1,1,1,1,0,1
"Espoon keskus-Suvela, Espoo","F, E",no condition,2025,2013,Kolmio,Siltakuja 2,3h+kt,65.5,"1
                                   ",860,5,0,1,1,1,1,1,1,0,1
"Espoon keskus-Suvela, Espoo","F, E",no condition,2025,2013,Kolmio,Siltakuja 2,3h+kt,66,"1
                                   ",865,5,0,1,1,1,1,1,1,0,1
"Espoon keskus-Suvela, Espoo","F, E",no condition,2025,2013,Kolmio,Siltakuja 2,3h+kt,78.5,"1
                                   ",930,5,0,1,1,1,1,1,1,0,1
"Malminkartano, Helsinki",E,no condition,2016,1977,Soluhuone,Viljelijäntie 4-6,1h,10.21,"32
                                   ",308,3,0,0,0,0,1,1,1,0,1
"Malminkartano, Helsinki",E,no condition,2016,1977,Yksiö,Viljelijäntie 4-6,1h+kt,27,"5
                                   ",477,3,0,0,0,0,1,1,1,0,1
"Malminkartano, Helsinki",E,no condition,2016,1977,Kolmio,Viljelijäntie 4-6,2h+tpk,42.5,"1
                                   ",603,3,0,0,0,0,1,1,1,0,1
"Malminkartano, Helsinki",E,no condition,2016,1977,Kolmio,Viljelijäntie 4-6,2h+tpk,42.5,"1
                                   ",609,3,0,0,0,0,1,1,1,0,1
"Malminkartano, Helsinki",E,no condition,2016,1977,Kolmio,Viljelijäntie 4-6,2h+tpk,42.5,"126
                                   ",619,3,0,0,0,0,1,1,1,0,1
"Malminkartano, Helsinki",E,no condition,2016,1977,Kaksio,Viljelijäntie 4-6,1h+tpk,42.5,"43
                                   ",619,3,0,0,0,0,1,1,1,0,1
"Malminkartano, Helsinki",F,no condition,2018,1978,Soluhuone,Arentikuja 1,1h,10.2,"10
                                   ",310,4,0,0,0,0,1,1,1,0,1
"Malminkartano, Helsinki",F,no condition,2018,1978,Yksiö,Arentikuja 1,1h+kt,27,"1
                                   ",456,4,0,0,0,0,1,1,1,0,1
"Malminkartano, Helsinki",F,no condition,2018,1978,Yksiö,Arentikuja 1,1h+kt,27,"3
                                   ",457,4,0,0,0,0,1,1,1,0,1
"Malminkartano, Helsinki",F,no condition,2018,1978,Kolmio,Arentikuja 1,2h+tpk,42.5,"63
                                   ",619,4,0,0,0,0,1,1,1,0,1
"Malminkartano, Helsinki",F,no condition,2018,1978,Kaksio,Arentikuja 1,1h+tpk,42.5,"88
                                   ",619,4,0,0,0,0,1,1,1,0,1
"Malminkartano, Helsinki",F,no condition,2004,1982,Soluhuone,Juustenintie 3,1h,11.7,"1
                                   ",281,no rating,0,0,0,0,1,1,1,0,1
"Malminkartano, Helsinki",F,no condition,2004,1982,Soluhuone,Juustenintie 3,1h,12,"1
                                   ",279,no rating,0,0,0,0,1,1,1,0,1
"Malminkartano, Helsinki",F,no condition,2004,1982,Soluhuone,Juustenintie 3,1h,12,"8
                                   ",283,no rating,0,0,0,0,1,1,1,0,1
"Malminkartano, Helsinki",F,no condition,2004,1982,Soluhuone,Juustenintie 3,1h,12,"4
                                   ",285,no rating,0,0,0,0,1,1,1,0,1
"Malminkartano, Helsinki",F,no condition,2004,1982,Soluhuone,Juustenintie 3,1h,12,"1
                                   ",286,no rating,0,0,0,0,1,1,1,0,1
"Malminkartano, Helsinki",F,no condition,2004,1982,Soluhuone,Juustenintie 3,1h,12,"1
                                   ",293,no rating,0,0,0,0,1,1,1,0,1
"Malminkartano, Helsinki",F,no condition,2004,1982,Soluhuone,Juustenintie 3,1h,12,"2
                                   ",303,no rating,0,0,0,0,1,1,1,0,1
"Malminkartano, Helsinki",F,no condition,2004,1982,Soluhuone,Juustenintie 3,1h,12,"1
                                   ",321,no rating,0,0,0,0,1,1,1,0,1
"Malminkartano, Helsinki",F,no condition,2004,1982,Soluhuone,Juustenintie 3,1h,12.1,"1
                                   ",295,no rating,0,0,0,0,1,1,1,0,1
"Malminkartano, Helsinki",F,no condition,2004,1982,Soluhuone,Juustenintie 3,1h,12.8,"2
                                   ",311,no rating,0,0,0,0,1,1,1,0,1
"Malminkartano, Helsinki",F,no condition,2004,1982,Soluhuone,Juustenintie 3,1h,13.1,"2
                                   ",289,no rating,0,0,0,0,1,1,1,0,1
"Malminkartano, Helsinki",F,no condition,2004,1982,Soluhuone,Juustenintie 3,1h,13.1,"16
                                   ",299,no rating,0,0,0,0,1,1,1,0,1
"Malminkartano, Helsinki",F,no condition,2004,1982,Soluhuone,Juustenintie 3,1h,13.1,"2
                                   ",300,no rating,0,0,0,0,1,1,1,0,1
"Malminkartano, Helsinki",F,no condition,2004,1982,Soluhuone,Juustenintie 3,1h,13.1,"10
                                   ",303,no rating,0,0,0,0,1,1,1,0,1
"Malminkartano, Helsinki",F,no condition,2004,1982,Soluhuone,Juustenintie 3,1h,13.1,"2
                                   ",314,no rating,0,0,0,0,1,1,1,0,1
"Malminkartano, Helsinki",F,no condition,2004,1982,Soluhuone,Juustenintie 3,1h,13.1,"2
                                   ",335,no rating,0,0,0,0,1,1,1,0,1
"Malminkartano, Helsinki",F,no condition,2004,1982,Soluhuone,Juustenintie 3,1h,14.7,"1
                                   ",326,no rating,0,0,0,0,1,1,1,0,1
"Malminkartano, Helsinki",F,no condition,2004,1982,Yksiö,Juustenintie 3,1h+kt,25,"1
                                   ",404,no rating,0,0,0,0,1,1,1,0,1
"Malminkartano, Helsinki",F,no condition,2004,1982,Yksiö,Juustenintie 3,1h+kt,25,"1
                                   ",407,no rating,0,0,0,0,1,1,1,0,1
"Malminkartano, Helsinki",F,no condition,2004,1982,Yksiö,Juustenintie 3,1h+kk,30.5,"2
                                   ",469,no rating,0,0,0,0,1,1,1,0,1
"Malminkartano, Helsinki",F,no condition,2004,1982,Yksiö,Juustenintie 3,1h+k,31.5,"1
                                   ",481,no rating,0,0,0,0,1,1,1,0,1
"Malminkartano, Helsinki",F,no condition,2004,1982,Yksiö,Juustenintie 3,1h+kk,39.5,"1
                                   ",578,no rating,0,0,0,0,1,1,1,0,1
"Malminkartano, Helsinki",F,no condition,2004,1982,Kaksio,Juustenintie 3,1h+tpk,41,"1
                                   ",566,no rating,0,0,0,0,1,1,1,0,1
"Malminkartano, Helsinki",F,no condition,2004,1982,Kaksio,Juustenintie 3,1h+tpk,42.5,"2
                                   ",593,no rating,0,0,0,0,1,1,1,0,1
"Malminkartano, Helsinki",F,no condition,2004,1982,Kaksio,Juustenintie 3,1h+tpk,42.5,"4
                                   ",594,no rating,0,0,0,0,1,1,1,0,1
"Malminkartano, Helsinki",F,no condition,2004,1982,Kaksio,Juustenintie 3,1h+tpk,42.5,"17
                                   ",597,no rating,0,0,0,0,1,1,1,0,1
"Malminkartano, Helsinki",F,no condition,2004,1982,Kaksio,Juustenintie 3,1h+tpk,42.5,"1
                                   ",600,no rating,0,0,0,0,1,1,1,0,1
"Malminkartano, Helsinki",F,no condition,2004,1982,Kaksio,Juustenintie 3,1h+tpk,43,"6
                                   ",598,no rating,0,0,0,0,1,1,1,0,1
"Malminkartano, Helsinki",F,no condition,2004,1982,Kaksio,Juustenintie 3,1h+tpk,43,"5
                                   ",601,no rating,0,0,0,0,1,1,1,0,1
"Malminkartano, Helsinki",F,no condition,2004,1982,Kaksio,Juustenintie 3,1h+tpk,43,"14
                                   ",602,no rating,0,0,0,0,1,1,1,0,1
"Malminkartano, Helsinki",F,no condition,2004,1982,Kaksio,Juustenintie 3,1h+tpk,53,"1
                                   ",696,no rating,0,0,0,0,1,1,1,0,1
"Malminkartano, Helsinki",F,no condition,2004,1982,Kaksio,Juustenintie 3,1h+oh+k,53.5,"1
                                   ",707,no rating,0,0,0,0,1,1,1,0,1
"Malminkartano, Helsinki",F,no condition,2004,1982,Kaksio,Juustenintie 3,2h+kt,53.5,"1
                                   ",736,no rating,0,0,0,0,1,1,1,0,1
"Malminkartano, Helsinki",F,no condition,2004,1982,Kaksio,Juustenintie 3,1h+tpk,54,"1
                                   ",709,no rating,0,0,0,0,1,1,1,0,1
"Malminkartano, Helsinki",F,no condition,2004,1982,Kaksio,Juustenintie 3,1h+tpk,55,"2
                                   ",724,no rating,0,0,0,0,1,1,1,0,1
"Malminkartano, Helsinki",F,no condition,2004,1982,Kaksio,Juustenintie 3,2h+k,55.5,"1
                                   ",698,no rating,0,0,0,0,1,1,1,0,1
"Malminkartano, Helsinki",F,no condition,2004,1982,Kaksio,Juustenintie 3,2h+kt,55.5,"1
                                   ",730,no rating,0,0,0,0,1,1,1,0,1
"Malminkartano, Helsinki",F,no condition,2004,1982,Kolmio,Juustenintie 3,2h+oh+k,63,"1
                                   ",813,no rating,0,0,0,0,1,1,1,0,1
"Malminkartano, Helsinki",F,no condition,2004,1982,Kolmio,Juustenintie 3,3h+kt,63.5,"3
                                   ",817,no rating,0,0,0,0,1,1,1,0,1
"Malminkartano, Helsinki",F,no condition,2004,1982,Kolmio,Juustenintie 3,2h+oh+k,65,"5
                                   ",825,no rating,0,0,0,0,1,1,1,0,1
"Malminkartano, Helsinki",F,no condition,2004,1982,Kolmio,Juustenintie 3,2h+oh+kt,65,"1
                                   ",825,no rating,0,0,0,0,1,1,1,0,1
"Malminkartano, Helsinki",F,no condition,2004,1982,Kolmio,Juustenintie 3,2h+tpk,65,"8
                                   ",825,no rating,0,0,0,0,1,1,1,0,1
"Malminkartano, Helsinki",F,no condition,2004,1982,Kolmio,Juustenintie 3,3h+k,65,"3
                                   ",825,no rating,0,0,0,0,1,1,1,0,1
"Malminkartano, Helsinki",F,no condition,2004,1982,Kolmio,Juustenintie 3,3h+kt,65,"13
                                   ",825,no rating,0,0,0,0,1,1,1,0,1
"Malminkartano, Helsinki",F,no condition,2004,1982,Kolmio,Juustenintie 3,2h+oh+kt,65.5,"1
                                   ",833,no rating,0,0,0,0,1,1,1,0,1
"Malminkartano, Helsinki",F,no condition,2004,1982,Kolmio,Juustenintie 3,2h+tpk,65.5,"1
                                   ",833,no rating,0,0,0,0,1,1,1,0,1
"Malminkartano, Helsinki",F,no condition,2004,1982,Kolmio,Juustenintie 3,3h+k,65.5,"1
                                   ",833,no rating,0,0,0,0,1,1,1,0,1
"Malminkartano, Helsinki",F,no condition,2004,1982,Kolmio,Juustenintie 3,3h+kt,65.5,"8
                                   ",833,no rating,0,0,0,0,1,1,1,0,1
"Malminkartano, Helsinki",F,no condition,2004,1982,Kolmio,Juustenintie 3,3h+kt,68.5,"1
                                   ",889,no rating,0,0,0,0,1,1,1,0,1
"Malminkartano, Helsinki",F,no condition,2004,1982,Kolmio,Juustenintie 3,3h+kt,70.5,"1
                                   ",897,no rating,0,0,0,0,1,1,1,0,1
"Malminkartano, Helsinki",F,no condition,2004,1982,Kolmio,Juustenintie 3,3h+k,76,"1
                                   ",956,no rating,0,0,0,0,1,1,1,0,1
"Malminkartano, Helsinki",F,no condition,2004,1982,Kolmio,Juustenintie 3,3h+tpk,76,"1
                                   ",956,no rating,0,0,0,0,1,1,1,0,1
"Malminkartano, Helsinki",F,no condition,2004,1982,Kolmio,Juustenintie 3,3h+oh+kt,80.5,"1
                                   ",982,no rating,0,0,0,0,1,1,1,0,1
"Vallila, Helsinki",F,no condition,2009,1987,Soluhuone,Karstulantie 8,1h,12,"1
                                   ",303,3,0,0,0,0,1,1,1,0,1
"Vallila, Helsinki",F,no condition,2009,1987,Soluhuone,Karstulantie 8,1h,12,"6
                                   ",338,3,0,0,0,0,1,1,1,0,1
"Vallila, Helsinki",F,no condition,2009,1987,Soluhuone,Karstulantie 8,1h,12,"1
                                   ",360,3,0,0,0,0,1,1,1,0,1
"Vallila, Helsinki",F,no condition,2009,1987,Soluhuone,Karstulantie 8,1h,12.5,"2
                                   ",334,3,0,0,0,0,1,1,1,0,1
"Vallila, Helsinki",F,no condition,2009,1987,Soluhuone,Karstulantie 8,1h,12.5,"5
                                   ",373,3,0,0,0,0,1,1,1,0,1
"Vallila, Helsinki",F,no condition,2009,1987,Soluhuone,Karstulantie 8,1h,12.5,"1
                                   ",381,3,0,0,0,0,1,1,1,0,1
"Vallila, Helsinki",F,no condition,2009,1987,Soluhuone,Karstulantie 8,1h,12.5,"1
                                   ",382,3,0,0,0,0,1,1,1,0,1
"Vallila, Helsinki",F,no condition,2009,1987,Soluhuone,Karstulantie 8,1h,13,"1
                                   ",314,3,0,0,0,0,1,1,1,0,1
"Vallila, Helsinki",F,no condition,2009,1987,Soluhuone,Karstulantie 8,1h,13,"4
                                   ",341,3,0,0,0,0,1,1,1,0,1
"Vallila, Helsinki",F,no condition,2009,1987,Soluhuone,Karstulantie 8,1h,13,"5
                                   ",350,3,0,0,0,0,1,1,1,0,1
"Vallila, Helsinki",F,no condition,2009,1987,Soluhuone,Karstulantie 8,1h,13,"1
                                   ",354,3,0,0,0,0,1,1,1,0,1
"Vallila, Helsinki",F,no condition,2009,1987,Soluhuone,Karstulantie 8,1h,13,"2
                                   ",379,3,0,0,0,0,1,1,1,0,1
"Vallila, Helsinki",F,no condition,2009,1987,Soluhuone,Karstulantie 8,1h,13,"10
                                   ",380,3,0,0,0,0,1,1,1,0,1
"Vallila, Helsinki",F,no condition,2009,1987,Soluhuone,Karstulantie 8,1h,13,"2
                                   ",386,3,0,0,0,0,1,1,1,0,1
"Vallila, Helsinki",F,no condition,2009,1987,Soluhuone,Karstulantie 8,1h,13,"2
                                   ",388,3,0,0,0,0,1,1,1,0,1
"Vallila, Helsinki",F,no condition,2009,1987,Soluhuone,Karstulantie 8,1h,13.5,"1
                                   ",322,3,0,0,0,0,1,1,1,0,1
"Vallila, Helsinki",F,no condition,2009,1987,Soluhuone,Karstulantie 8,1h,13.5,"5
                                   ",358,3,0,0,0,0,1,1,1,0,1
"Vallila, Helsinki",F,no condition,2009,1987,Soluhuone,Karstulantie 8,1h,13.5,"1
                                   ",360,3,0,0,0,0,1,1,1,0,1
"Vallila, Helsinki",F,no condition,2009,1987,Soluhuone,Karstulantie 8,1h,13.5,"2
                                   ",373,3,0,0,0,0,1,1,1,0,1
"Vallila, Helsinki",F,no condition,2009,1987,Soluhuone,Karstulantie 8,1h,13.5,"2
                                   ",386,3,0,0,0,0,1,1,1,0,1
"Vallila, Helsinki",F,no condition,2009,1987,Soluhuone,Karstulantie 8,1h,14,"2
                                   ",391,3,0,0,0,0,1,1,1,0,1
"Vallila, Helsinki",F,no condition,2009,1987,Soluhuone,Karstulantie 8,1h,14.5,"2
                                   ",386,3,0,0,0,0,1,1,1,0,1
"Vallila, Helsinki",F,no condition,2009,1987,Soluhuone,Karstulantie 8,1h,15,"1
                                   ",341,3,0,0,0,0,1,1,1,0,1
"Vallila, Helsinki",F,no condition,2009,1987,Soluhuone,Karstulantie 8,1h,15,"1
                                   ",384,3,0,0,0,0,1,1,1,0,1
"Vallila, Helsinki",F,no condition,2009,1987,Soluhuone,Karstulantie 8,1h,15,"2
                                   ",407,3,0,0,0,0,1,1,1,0,1
"Vallila, Helsinki",F,no condition,2009,1987,Soluhuone,Karstulantie 8,1h,15.5,"2
                                   ",378,3,0,0,0,0,1,1,1,0,1
"Vallila, Helsinki",F,no condition,2009,1987,Soluhuone,Karstulantie 8,1h,15.5,"4
                                   ",402,3,0,0,0,0,1,1,1,0,1
"Vallila, Helsinki",F,no condition,2009,1987,Soluhuone,Karstulantie 8,1h,17,"2
                                   ",435,3,0,0,0,0,1,1,1,0,1
"Vallila, Helsinki",F,no condition,2009,1987,Soluhuone,Karstulantie 8,1h,17.5,"1
                                   ",378,3,0,0,0,0,1,1,1,0,1
"Vallila, Helsinki",F,no condition,2009,1987,Soluhuone,Karstulantie 8,1h,17.5,"5
                                   ",415,3,0,0,0,0,1,1,1,0,1
"Vallila, Helsinki",F,no condition,2009,1987,Soluhuone,Karstulantie 8,1h,19,"2
                                   ",451,3,0,0,0,0,1,1,1,0,1
"Vallila, Helsinki",F,no condition,2009,1987,Yksiö,Karstulantie 8,1h+k,36,"6
                                   ",652,3,0,0,0,0,1,1,1,0,1
"Vallila, Helsinki",F,no condition,2009,1987,Yksiö,Karstulantie 8,1h+k,37.5,"1
                                   ",675,3,0,0,0,0,1,1,1,0,1
"Vallila, Helsinki",F,no condition,2009,1987,Yksiö,Karstulantie 8,1h+k,38.5,"1
                                   ",661,3,0,0,0,0,1,1,1,0,1
"Vallila, Helsinki",F,no condition,2009,1987,Yksiö,Karstulantie 8,1h+k,40.5,"5
                                   ",706,3,0,0,0,0,1,1,1,0,1
"Vallila, Helsinki",F,no condition,2009,1987,Yksiö,Karstulantie 8,1h+kt,40.5,"1
                                   ",706,3,0,0,0,0,1,1,1,0,1
"Vallila, Helsinki",F,no condition,2009,1987,Kaksio,Karstulantie 8,1h+tpk,38,"20
                                   ",653,3,0,0,0,0,1,1,1,0,1
"Vallila, Helsinki",F,no condition,2009,1987,Kaksio,Karstulantie 8,1h+tpk,38.5,"1
                                   ",661,3,0,0,0,0,1,1,1,0,1
"Vallila, Helsinki",F,no condition,2009,1987,Kaksio,Karstulantie 8,1h+k,40.5,"1
                                   ",673,3,0,0,0,0,1,1,1,0,1
"Vallila, Helsinki",F,no condition,2009,1987,Kaksio,Karstulantie 8,2h+kt,40.5,"3
                                   ",706,3,0,0,0,0,1,1,1,0,1
"Vallila, Helsinki",F,no condition,2009,1987,Kaksio,Karstulantie 8,2h+kk,48.5,"11
                                   ",796,3,0,0,0,0,1,1,1,0,1
"Vallila, Helsinki",F,no condition,2009,1987,Kaksio,Karstulantie 8,2h+kt,48.5,"4
                                   ",796,3,0,0,0,0,1,1,1,0,1
"Vallila, Helsinki",F,no condition,2009,1987,Kaksio,Karstulantie 8,1h+oh+k,50.5,"2
                                   ",820,3,0,0,0,0,1,1,1,0,1
"Vallila, Helsinki",F,no condition,2009,1987,Kaksio,Karstulantie 8,2h+k,50.5,"6
                                   ",820,3,0,0,0,0,1,1,1,0,1
"Vallila, Helsinki",F,no condition,2009,1987,Kaksio,Karstulantie 8,2h+kt,50.5,"1
                                   ",811,3,0,0,0,0,1,1,1,0,1
"Vallila, Helsinki",F,no condition,2009,1987,Kaksio,Karstulantie 8,2h+kt,50.5,"5
                                   ",820,3,0,0,0,0,1,1,1,0,1
"Vallila, Helsinki",F,no condition,2009,1987,Kaksio,Karstulantie 8,2h+k,60.5,"1
                                   ",939,3,0,0,0,0,1,1,1,0,1
"Vallila, Helsinki",F,no condition,2009,1987,Kolmio,Karstulantie 8,2h+oh+kt,66,"2
                                   ",956,3,0,0,0,0,1,1,1,0,1
"Vallila, Helsinki",F,no condition,2009,1987,Kolmio,Karstulantie 8,3h+kt,66,"9
                                   ",956,3,0,0,0,0,1,1,1,0,1
"Vallila, Helsinki",F,no condition,2009,1987,Kolmio,Karstulantie 8,2h+oh+k,71,"1
                                   ",1045,3,0,0,0,0,1,1,1,0,1
"Vallila, Helsinki",F,no condition,2009,1987,Kolmio,Karstulantie 8,3h+kt,71,"2
                                   ",1045,3,0,0,0,0,1,1,1,0,1
"Vallila, Helsinki",F,no condition,2009,1987,Kolmio,Karstulantie 8,3h+kt,71.5,"1
                                   ",1048,3,0,0,0,0,1,1,1,0,1
"Vallila, Helsinki",F,no condition,2009,1987,Kolmio,Karstulantie 8,3h+kt,71.5,"5
                                   ",1070,3,0,0,0,0,1,1,1,0,1
"Vallila, Helsinki",F,no condition,2009,1987,Kolmio,Karstulantie 8,3h+k,75.5,"1
                                   ",1097,3,0,0,0,0,1,1,1,0,1
"Vallila, Helsinki",F,no condition,2009,1987,Kolmio,Karstulantie 8,3h+kt,75.5,"2
                                   ",1097,3,0,0,0,0,1,1,1,0,1
"Vallila, Helsinki",F,no condition,2009,1987,Kolmio,Karstulantie 8,3h+kt,80,"3
                                   ",1108,3,0,0,0,0,1,1,1,0,1
"Kannelmäki, Helsinki","F, G",no condition,2015,1975,Soluhuone,Klaneettitie 1,1h,13.6,"7
                                   ",279,no rating,0,0,1,0,1,1,0,0,1
"Kannelmäki, Helsinki","F, G",no condition,2015,1975,Soluhuone,Klaneettitie 1,1h,13.6,"12
                                   ",292,no rating,0,0,1,0,1,1,0,0,1
"Kannelmäki, Helsinki","F, G",no condition,2015,1975,Soluhuone,Klaneettitie 1,1h,13.8,"4
                                   ",276,no rating,0,0,1,0,1,1,0,0,1
"Kannelmäki, Helsinki","F, G",no condition,2015,1975,Soluhuone,Klaneettitie 1,1h,13.9,"5
                                   ",279,no rating,0,0,1,0,1,1,0,0,1
"Kannelmäki, Helsinki","F, G",no condition,2015,1975,Soluhuone,Klaneettitie 1,1h,14.1,"12
                                   ",280,no rating,0,0,1,0,1,1,0,0,1
"Kannelmäki, Helsinki","F, G",no condition,2015,1975,Soluhuone,Klaneettitie 1,1h,14.2,"5
                                   ",280,no rating,0,0,1,0,1,1,0,0,1
"Kannelmäki, Helsinki","F, G",no condition,2015,1975,Yksiö,Klaneettitie 1,1h+kt,21,"2
                                   ",416,no rating,0,0,1,0,1,1,0,0,1
"Kannelmäki, Helsinki","F, G",no condition,2015,1975,Yksiö,Klaneettitie 1,1h+kk,27,"1
                                   ",482,no rating,0,0,1,0,1,1,0,0,1
"Kannelmäki, Helsinki","F, G",no condition,2015,1975,Kalustettu soluhuone,Klaneettitie 1,1h,13.6,"2
                                   ",426,no rating,0,0,1,0,1,1,0,0,1
"Kannelmäki, Helsinki","F, G",no condition,2015,1975,Kalustettu soluhuone,Klaneettitie 1,1h,13.6,"1
                                   ",431,no rating,0,0,1,0,1,1,0,0,1
"Kannelmäki, Helsinki","F, G",no condition,2015,1975,Kalustettu soluhuone,Klaneettitie 1,1h,13.6,"10
                                   ",446,no rating,0,0,1,0,1,1,0,0,1
"Kannelmäki, Helsinki","F, G",no condition,2015,1975,Kalustettu soluhuone,Klaneettitie 1,1h,13.6,"85
                                   ",476,no rating,0,0,1,0,1,1,0,0,1
"Kannelmäki, Helsinki","F, G",no condition,2015,1975,Kalustettu soluhuone,Klaneettitie 1,1h,13.7,"1
                                   ",476,no rating,0,0,1,0,1,1,0,0,1
"Kannelmäki, Helsinki","F, G",no condition,2015,1975,Kalustettu soluhuone,Klaneettitie 1,1h,13.8,"7
                                   ",424,no rating,0,0,1,0,1,1,0,0,1
"Kannelmäki, Helsinki","F, G",no condition,2015,1975,Kalustettu soluhuone,Klaneettitie 1,1h,14.1,"17
                                   ",431,no rating,0,0,1,0,1,1,0,0,1
"Kannelmäki, Helsinki","F, G",no condition,2015,1975,Kalustettu soluhuone,Klaneettitie 1,1h,14.1,"1
                                   ",476,no rating,0,0,1,0,1,1,0,0,1
"Kannelmäki, Helsinki","F, G",no condition,2015,1975,Kaksio,Klaneettitie 1,2h+k,41,"15
                                   ",594,no rating,0,0,1,0,1,1,0,0,1
"Kannelmäki, Helsinki","F, G",no condition,2015,1975,Kaksio,Klaneettitie 1,1h+tpk,41.5,"52
                                   ",602,no rating,0,0,1,0,1,1,0,0,1
"Kannelmäki, Helsinki","F, G",no condition,2015,1975,Kolmio,Klaneettitie 1,2h+oh+k,66,"1
                                   ",849,no rating,0,0,1,0,1,1,0,0,1
"Kannelmäki, Helsinki","F, G",no condition,2015,1975,Kolmio,Klaneettitie 1,3h+k,66,"4
                                   ",848,no rating,0,0,1,0,1,1,0,0,1
"Kannelmäki, Helsinki",F,no condition,2019,1978,Soluhuone,Kitarakuja 1,1h,10.5,"3
                                   ",273,5,0,0,1,0,1,1,0,0,1
"Kannelmäki, Helsinki",F,no condition,2019,1978,Soluhuone,Kitarakuja 1,1h,10.5,"2
                                   ",277,5,0,0,1,0,1,1,0,0,1
"Kannelmäki, Helsinki",F,no condition,2019,1978,Soluhuone,Kitarakuja 1,1h,11,"1
                                   ",258,5,0,0,1,0,1,1,0,0,1
"Kannelmäki, Helsinki",F,no condition,2019,1978,Soluhuone,Kitarakuja 1,1h,11,"1
                                   ",266,5,0,0,1,0,1,1,0,0,1
"Kannelmäki, Helsinki",F,no condition,2019,1978,Soluhuone,Kitarakuja 1,1h,11,"13
                                   ",277,5,0,0,1,0,1,1,0,0,1
"Kannelmäki, Helsinki",F,no condition,2019,1978,Soluhuone,Kitarakuja 1,1h,11,"3
                                   ",279,5,0,0,1,0,1,1,0,0,1
"Kannelmäki, Helsinki",F,no condition,2019,1978,Soluhuone,Kitarakuja 1,1h,11,"10
                                   ",281,5,0,0,1,0,1,1,0,0,1
"Kannelmäki, Helsinki",F,no condition,2019,1978,Soluhuone,Kitarakuja 1,1h,11,"2
                                   ",284,5,0,0,1,0,1,1,0,0,1
"Kannelmäki, Helsinki",F,no condition,2019,1978,Soluhuone,Kitarakuja 1,1h,11.5,"3
                                   ",266,5,0,0,1,0,1,1,0,0,1
"Kannelmäki, Helsinki",F,no condition,2019,1978,Soluhuone,Kitarakuja 1,1h,11.5,"3
                                   ",271,5,0,0,1,0,1,1,0,0,1
"Kannelmäki, Helsinki",F,no condition,2019,1978,Soluhuone,Kitarakuja 1,1h,11.5,"26
                                   ",284,5,0,0,1,0,1,1,0,0,1
"Kannelmäki, Helsinki",F,no condition,2019,1978,Soluhuone,Kitarakuja 1,1h,11.5,"3
                                   ",287,5,0,0,1,0,1,1,0,0,1
"Kannelmäki, Helsinki",F,no condition,2019,1978,Soluhuone,Kitarakuja 1,1h,11.5,"20
                                   ",289,5,0,0,1,0,1,1,0,0,1
"Kannelmäki, Helsinki",F,no condition,2019,1978,Soluhuone,Kitarakuja 1,1h,11.5,"2
                                   ",291,5,0,0,1,0,1,1,0,0,1
"Kannelmäki, Helsinki",F,no condition,2019,1978,Kalustettu soluhuone,Kitarakuja 1,1h,10.5,"1
                                   ",392,5,0,0,1,0,1,1,0,0,1
"Kannelmäki, Helsinki",F,no condition,2019,1978,Kalustettu soluhuone,Kitarakuja 1,1h,10.5,"1
                                   ",414,5,0,0,1,0,1,1,0,0,1
"Kannelmäki, Helsinki",F,no condition,2019,1978,Kalustettu soluhuone,Kitarakuja 1,1h,10.5,"2
                                   ",422,5,0,0,1,0,1,1,0,0,1
"Kannelmäki, Helsinki",F,no condition,2019,1978,Kalustettu soluhuone,Kitarakuja 1,1h,10.5,"3
                                   ",427,5,0,0,1,0,1,1,0,0,1
"Kannelmäki, Helsinki",F,no condition,2019,1978,Kalustettu soluhuone,Kitarakuja 1,1h,11,"1
                                   ",402,5,0,0,1,0,1,1,0,0,1
"Kannelmäki, Helsinki",F,no condition,2019,1978,Kalustettu soluhuone,Kitarakuja 1,1h,11,"1
                                   ",423,5,0,0,1,0,1,1,0,0,1
"Kannelmäki, Helsinki",F,no condition,2019,1978,Kalustettu soluhuone,Kitarakuja 1,1h,11,"2
                                   ",427,5,0,0,1,0,1,1,0,0,1
"Kannelmäki, Helsinki",F,no condition,2019,1978,Kalustettu soluhuone,Kitarakuja 1,1h,11,"2
                                   ",430,5,0,0,1,0,1,1,0,0,1
"Kannelmäki, Helsinki",F,no condition,2019,1978,Kalustettu soluhuone,Kitarakuja 1,1h,11,"6
                                   ",432,5,0,0,1,0,1,1,0,0,1
"Kannelmäki, Helsinki",F,no condition,2019,1978,Kalustettu soluhuone,Kitarakuja 1,1h,11,"3
                                   ",436,5,0,0,1,0,1,1,0,0,1
"Kannelmäki, Helsinki",F,no condition,2019,1978,Kalustettu soluhuone,Kitarakuja 1,1h,11.5,"2
                                   ",410,5,0,0,1,0,1,1,0,0,1
"Kannelmäki, Helsinki",F,no condition,2019,1978,Kalustettu soluhuone,Kitarakuja 1,1h,11.5,"2
                                   ",433,5,0,0,1,0,1,1,0,0,1
"Kannelmäki, Helsinki",F,no condition,2019,1978,Kalustettu soluhuone,Kitarakuja 1,1h,11.5,"4
                                   ",436,5,0,0,1,0,1,1,0,0,1
"Kannelmäki, Helsinki",F,no condition,2019,1978,Kalustettu soluhuone,Kitarakuja 1,1h,11.5,"2
                                   ",439,5,0,0,1,0,1,1,0,0,1
"Kannelmäki, Helsinki",F,no condition,2019,1978,Kalustettu soluhuone,Kitarakuja 1,1h,11.5,"12
                                   ",442,5,0,0,1,0,1,1,0,0,1
"Kannelmäki, Helsinki",F,no condition,2019,1978,Kalustettu soluhuone,Kitarakuja 1,1h,11.5,"3
                                   ",444,5,0,0,1,0,1,1,0,0,1
"Kannelmäki, Helsinki",F,no condition,2019,1978,Yksiö,Kitarakuja 1,1h+kt,26.5,"11
                                   ",587,5,0,0,1,0,1,1,0,0,1
"Kannelmäki, Helsinki",F,no condition,2019,1978,Yksiö,Kitarakuja 1,1h+kt,26.5,"1
                                   ",588,5,0,0,1,0,1,1,0,0,1
"Kannelmäki, Helsinki",F,no condition,2019,1978,Yksiö,Kitarakuja 1,1h+kt,26.5,"10
                                   ",599,5,0,0,1,0,1,1,0,0,1
"Kannelmäki, Helsinki",F,no condition,2019,1978,Kaksio,Kitarakuja 1,1h+oh+kt,55,"11
                                   ",793,5,0,0,1,0,1,1,0,0,1
"Kannelmäki, Helsinki",F,no condition,2019,1977,Soluhuone,Kitarakuja 3,1h,10.5,"1
                                   ",251,3,0,0,1,0,1,1,1,0,1
"Kannelmäki, Helsinki",F,no condition,2019,1977,Soluhuone,Kitarakuja 3,1h,10.5,"4
                                   ",273,3,0,0,1,0,1,1,1,0,1
"Kannelmäki, Helsinki",F,no condition,2019,1977,Soluhuone,Kitarakuja 3,1h,10.5,"1
                                   ",279,3,0,0,1,0,1,1,1,0,1
"Kannelmäki, Helsinki",F,no condition,2019,1977,Soluhuone,Kitarakuja 3,1h,11,"1
                                   ",256,3,0,0,1,0,1,1,1,0,1
"Kannelmäki, Helsinki",F,no condition,2019,1977,Soluhuone,Kitarakuja 3,1h,11,"1
                                   ",258,3,0,0,1,0,1,1,1,0,1
"Kannelmäki, Helsinki",F,no condition,2019,1977,Soluhuone,Kitarakuja 3,1h,11,"2
                                   ",275,3,0,0,1,0,1,1,1,0,1
"Kannelmäki, Helsinki",F,no condition,2019,1977,Soluhuone,Kitarakuja 3,1h,11,"20
                                   ",277,3,0,0,1,0,1,1,1,0,1
"Kannelmäki, Helsinki",F,no condition,2019,1977,Soluhuone,Kitarakuja 3,1h,11,"4
                                   ",279,3,0,0,1,0,1,1,1,0,1
"Kannelmäki, Helsinki",F,no condition,2019,1977,Soluhuone,Kitarakuja 3,1h,11,"18
                                   ",281,3,0,0,1,0,1,1,1,0,1
"Kannelmäki, Helsinki",F,no condition,2019,1977,Soluhuone,Kitarakuja 3,1h,11.5,"3
                                   ",264,3,0,0,1,0,1,1,1,0,1
"Kannelmäki, Helsinki",F,no condition,2019,1977,Soluhuone,Kitarakuja 3,1h,11.5,"2
                                   ",266,3,0,0,1,0,1,1,1,0,1
"Kannelmäki, Helsinki",F,no condition,2019,1977,Soluhuone,Kitarakuja 3,1h,11.5,"2
                                   ",280,3,0,0,1,0,1,1,1,0,1
"Kannelmäki, Helsinki",F,no condition,2019,1977,Soluhuone,Kitarakuja 3,1h,11.5,"40
                                   ",283,3,0,0,1,0,1,1,1,0,1
"Kannelmäki, Helsinki",F,no condition,2019,1977,Soluhuone,Kitarakuja 3,1h,11.5,"4
                                   ",287,3,0,0,1,0,1,1,1,0,1
"Kannelmäki, Helsinki",F,no condition,2019,1977,Soluhuone,Kitarakuja 3,1h,11.5,"35
                                   ",289,3,0,0,1,0,1,1,1,0,1
"Kannelmäki, Helsinki",F,no condition,2019,1977,Soluhuone,Kitarakuja 3,1h,12.5,"2
                                   ",285,3,0,0,1,0,1,1,1,0,1
"Kannelmäki, Helsinki",F,no condition,2019,1977,Soluhuone,Kitarakuja 3,1h,18,"1
                                   ",346,3,0,0,1,0,1,1,1,0,1
"Kannelmäki, Helsinki",F,no condition,2019,1977,Soluhuone,Kitarakuja 3,1h,8.5,"1
                                   ",219,3,0,0,1,0,1,1,1,0,1
"Kannelmäki, Helsinki",F,no condition,2019,1977,Kalustettu soluhuone,Kitarakuja 3,1h,10.5,"1
                                   ",422,3,0,0,1,0,1,1,1,0,1
"Kannelmäki, Helsinki",F,no condition,2019,1977,Kalustettu soluhuone,Kitarakuja 3,1h,11,"1
                                   ",398,3,0,0,1,0,1,1,1,0,1
"Kannelmäki, Helsinki",F,no condition,2019,1977,Kalustettu soluhuone,Kitarakuja 3,1h,11,"1
                                   ",421,3,0,0,1,0,1,1,1,0,1
"Kannelmäki, Helsinki",F,no condition,2019,1977,Kalustettu soluhuone,Kitarakuja 3,1h,11,"7
                                   ",427,3,0,0,1,0,1,1,1,0,1
"Kannelmäki, Helsinki",F,no condition,2019,1977,Kalustettu soluhuone,Kitarakuja 3,1h,11,"1
                                   ",430,3,0,0,1,0,1,1,1,0,1
"Kannelmäki, Helsinki",F,no condition,2019,1977,Kalustettu soluhuone,Kitarakuja 3,1h,11,"15
                                   ",432,3,0,0,1,0,1,1,1,0,1
"Kannelmäki, Helsinki",F,no condition,2019,1977,Kalustettu soluhuone,Kitarakuja 3,1h,11.5,"3
                                   ",409,3,0,0,1,0,1,1,1,0,1
"Kannelmäki, Helsinki",F,no condition,2019,1977,Kalustettu soluhuone,Kitarakuja 3,1h,11.5,"3
                                   ",430,3,0,0,1,0,1,1,1,0,1
"Kannelmäki, Helsinki",F,no condition,2019,1977,Kalustettu soluhuone,Kitarakuja 3,1h,11.5,"14
                                   ",435,3,0,0,1,0,1,1,1,0,1
"Kannelmäki, Helsinki",F,no condition,2019,1977,Kalustettu soluhuone,Kitarakuja 3,1h,11.5,"1
                                   ",439,3,0,0,1,0,1,1,1,0,1
"Kannelmäki, Helsinki",F,no condition,2019,1977,Kalustettu soluhuone,Kitarakuja 3,1h,11.5,"30
                                   ",442,3,0,0,1,0,1,1,1,0,1
"Kannelmäki, Helsinki",F,no condition,2019,1977,Yksiö,Kitarakuja 3,1h+kt,20.5,"1
                                   ",457,3,0,0,1,0,1,1,1,0,1
"Kannelmäki, Helsinki",F,no condition,2019,1977,Yksiö,Kitarakuja 3,1h+kt,26.5,"11
                                   ",587,3,0,0,1,0,1,1,1,0,1
"Kannelmäki, Helsinki",F,no condition,2019,1977,Yksiö,Kitarakuja 3,1h+kt,26.5,"6
                                   ",588,3,0,0,1,0,1,1,1,0,1
"Kannelmäki, Helsinki",F,no condition,2019,1977,Yksiö,Kitarakuja 3,1h+kt,26.5,"16
                                   ",599,3,0,0,1,0,1,1,1,0,1
"Kannelmäki, Helsinki",F,no condition,2019,1977,Kaksio,Kitarakuja 3,1h+oh+kt,39.5,"1
                                   ",684,3,0,0,1,0,1,1,1,0,1
"Kannelmäki, Helsinki",F,no condition,2019,1977,Kaksio,Kitarakuja 3,1h+oh+kt,55,"19
                                   ",793,3,0,0,1,0,1,1,1,0,1
"Rastila, Helsinki",F,no condition,2016,1990,Soluhuone,Harustie 8,1h,13,"21
                                   ",313,4,0,0,0,0,1,1,1,0,1
"Rastila, Helsinki",F,no condition,2016,1990,Kalustettu soluhuone,Harustie 8,1h,13,"18
                                   ",475,4,0,0,0,0,1,1,1,0,1
"Rastila, Helsinki",F,no condition,2016,1990,Kaksio,Harustie 8,1h+tpk,45,"3
                                   ",631,4,0,0,0,0,1,1,1,0,1
"Rastila, Helsinki",F,no condition,2016,1990,Kaksio,Harustie 8,1h+tpk,46,"4
                                   ",625,4,0,0,0,0,1,1,1,0,1
"Rastila, Helsinki",F,no condition,2016,1990,Kaksio,Harustie 8,1h+tpk,46,"16
                                   ",636,4,0,0,0,0,1,1,1,0,1
"Rastila, Helsinki",F,no condition,2016,1990,Kaksio,Harustie 8,1h+tpk,52,"12
                                   ",719,4,0,0,0,0,1,1,1,0,1
"Rastila, Helsinki",F,no condition,2016,1990,Kolmio,Harustie 8,2h+oh+k,68,"1
                                   ",821,4,0,0,0,0,1,1,1,0,1
"Rastila, Helsinki",F,no condition,2016,1990,Kolmio,Harustie 8,2h+oh+kt,68,"1
                                   ",832,4,0,0,0,0,1,1,1,0,1
"Rastila, Helsinki",F,no condition,2016,1990,Kolmio,Harustie 8,2h+tpk,68,"1
                                   ",821,4,0,0,0,0,1,1,1,0,1
"Rastila, Helsinki",F,no condition,2016,1990,Kolmio,Harustie 8,2h+tpk,68,"14
                                   ",832,4,0,0,0,0,1,1,1,0,1
"Rastila, Helsinki",F,no condition,2016,1990,Kolmio,Harustie 8,3h+k,68,"1
                                   ",832,4,0,0,0,0,1,1,1,0,1
"Rastila, Helsinki",F,no condition,2016,1990,Kolmio,Harustie 8,3h+k,68,"2
                                   ",833,4,0,0,0,0,1,1,1,0,1
"Rastila, Helsinki",F,no condition,2016,1990,Kolmio,Harustie 8,3h+kt,68,"3
                                   ",821,4,0,0,0,0,1,1,1,0,1
"Rastila, Helsinki",F,no condition,2016,1990,Kolmio,Harustie 8,3h+kt,68,"6
                                   ",832,4,0,0,0,0,1,1,1,0,1
"Rastila, Helsinki",D,no condition,-,2020,Yksiö,Retkeilijänkatu 11,1h+kt,16.5,"8
                                   ",534,3,0,0,1,0,1,1,1,0,1
"Rastila, Helsinki",D,no condition,-,2020,Yksiö,Retkeilijänkatu 11,1h+kt,17,"4
                                   ",534,3,0,0,1,0,1,1,1,0,1
"Rastila, Helsinki",D,no condition,-,2020,Yksiö,Retkeilijänkatu 11,1h+kt,17,"59
                                   ",545,3,0,0,1,0,1,1,1,0,1
"Rastila, Helsinki",D,no condition,-,2020,Yksiö,Retkeilijänkatu 11,1h+kt,17.5,"6
                                   ",558,3,0,0,1,0,1,1,1,0,1
"Rastila, Helsinki",D,no condition,-,2020,Yksiö,Retkeilijänkatu 11,1h+kt,19,"3
                                   ",573,3,0,0,1,0,1,1,1,0,1
"Rastila, Helsinki",D,no condition,-,2020,Yksiö,Retkeilijänkatu 11,1h+kt,25,"1
                                   ",624,3,0,0,1,0,1,1,1,0,1
"Rastila, Helsinki",D,no condition,-,2020,Yksiö,Retkeilijänkatu 11,1h+kt,25,"3
                                   ",647,3,0,0,1,0,1,1,1,0,1
"Rastila, Helsinki",D,no condition,-,2020,Yksiö,Retkeilijänkatu 11,1h+kt,27,"4
                                   ",647,3,0,0,1,0,1,1,1,0,1
"Rastila, Helsinki",D,no condition,-,2020,Yksiö,Retkeilijänkatu 11,1h+kt,27,"3
                                   ",658,3,0,0,1,0,1,1,1,0,1
"Rastila, Helsinki",D,no condition,-,2020,Yksiö,Retkeilijänkatu 11,1h+kt,28.5,"3
                                   ",653,3,0,0,1,0,1,1,1,0,1
"Rastila, Helsinki",D,no condition,-,2020,Yksiö,Retkeilijänkatu 11,1h+kt,31.5,"3
                                   ",686,3,0,0,1,0,1,1,1,0,1
"Rastila, Helsinki",D,no condition,-,2020,Yksiö,Retkeilijänkatu 11,1h+kt,47,"3
                                   ",876,3,0,0,1,0,1,1,1,0,1
"Rastila, Helsinki",F,no condition,2015,1991,Soluhuone,Harustie 7,1h,12.5,"1
                                   ",320,2,0,0,1,0,1,1,1,0,1
"Rastila, Helsinki",F,no condition,2015,1991,Soluhuone,Harustie 7,1h,13,"3
                                   ",299,2,0,0,1,0,1,1,1,0,1
"Rastila, Helsinki",F,no condition,2015,1991,Soluhuone,Harustie 7,1h,13,"12
                                   ",313,2,0,0,1,0,1,1,1,0,1
"Rastila, Helsinki",F,no condition,2015,1991,Soluhuone,Harustie 7,1h,13,"3
                                   ",321,2,0,0,1,0,1,1,1,0,1
"Rastila, Helsinki",F,no condition,2015,1991,Soluhuone,Harustie 7,1h,13,"3
                                   ",328,2,0,0,1,0,1,1,1,0,1
"Rastila, Helsinki",F,no condition,2015,1991,Soluhuone,Harustie 7,1h,13,"1
                                   ",333,2,0,0,1,0,1,1,1,0,1
"Rastila, Helsinki",F,no condition,2015,1991,Soluhuone,Harustie 7,1h,13,"1
                                   ",341,2,0,0,1,0,1,1,1,0,1
"Rastila, Helsinki",F,no condition,2015,1991,Soluhuone,Harustie 7,1h,13,"6
                                   ",358,2,0,0,1,0,1,1,1,0,1
"Rastila, Helsinki",F,no condition,2015,1991,Soluhuone,Harustie 7,1h,13.5,"6
                                   ",337,2,0,0,1,0,1,1,1,0,1
"Rastila, Helsinki",F,no condition,2015,1991,Soluhuone,Harustie 7,1h,13.5,"2
                                   ",348,2,0,0,1,0,1,1,1,0,1
"Rastila, Helsinki",F,no condition,2015,1991,Soluhuone,Harustie 7,1h,13.5,"3
                                   ",362,2,0,0,1,0,1,1,1,0,1
"Rastila, Helsinki",F,no condition,2015,1991,Soluhuone,Harustie 7,1h,14,"2
                                   ",313,2,0,0,1,0,1,1,1,0,1
"Rastila, Helsinki",F,no condition,2015,1991,Soluhuone,Harustie 7,1h,14,"2
                                   ",321,2,0,0,1,0,1,1,1,0,1
"Rastila, Helsinki",F,no condition,2015,1991,Soluhuone,Harustie 7,1h,14.5,"3
                                   ",331,2,0,0,1,0,1,1,1,0,1
"Rastila, Helsinki",F,no condition,2015,1991,Furnished shared studio,Harustie 7,1h,18,"8
                                   ",409,2,0,0,1,0,1,1,1,0,1
"Rastila, Helsinki",F,no condition,2015,1991,Yksiö,Harustie 7,1h+kt,29.5,"2
                                   ",476,2,0,0,1,0,1,1,1,0,1
"Rastila, Helsinki",F,no condition,2015,1991,Yksiö,Harustie 7,1h+kk,31,"3
                                   ",499,2,0,0,1,0,1,1,1,0,1
"Rastila, Helsinki",F,no condition,2015,1991,Yksiö,Harustie 7,1h+kt,33.5,"1
                                   ",532,2,0,0,1,0,1,1,1,0,1
"Rastila, Helsinki",F,no condition,2015,1991,Yksiö,Harustie 7,1h+kk,35,"1
                                   ",550,2,0,0,1,0,1,1,1,0,1
"Rastila, Helsinki",F,no condition,2015,1991,Kalustettu soluhuone,Harustie 7,1h,13,"2
                                   ",503,2,0,0,1,0,1,1,1,0,1
"Rastila, Helsinki",F,no condition,2015,1991,Kalustettu soluhuone,Harustie 7,1h,13,"1
                                   ",512,2,0,0,1,0,1,1,1,0,1
"Rastila, Helsinki",F,no condition,2015,1991,Kalustettu soluhuone,Harustie 7,1h,13,"1
                                   ",516,2,0,0,1,0,1,1,1,0,1
"Rastila, Helsinki",F,no condition,2015,1991,Kalustettu soluhuone,Harustie 7,1h,13.5,"2
                                   ",511,2,0,0,1,0,1,1,1,0,1
"Rastila, Helsinki",F,no condition,2015,1991,Kalustettu soluhuone,Harustie 7,1h,13.5,"2
                                   ",521,2,0,0,1,0,1,1,1,0,1
"Rastila, Helsinki",F,no condition,2015,1991,Kalustettu soluhuone,Harustie 7,1h,13.5,"1
                                   ",524,2,0,0,1,0,1,1,1,0,1
"Rastila, Helsinki",F,no condition,2015,1991,Kaksio,Harustie 7,1h+tpk,39,"1
                                   ",580,2,0,0,1,0,1,1,1,0,1
"Rastila, Helsinki",F,no condition,2015,1991,Kaksio,Harustie 7,1h+tpk,39,"4
                                   ",581,2,0,0,1,0,1,1,1,0,1
"Rastila, Helsinki",F,no condition,2015,1991,Kaksio,Harustie 7,1h+tpk,39,"1
                                   ",639,2,0,0,1,0,1,1,1,0,1
"Rastila, Helsinki",F,no condition,2015,1991,Kaksio,Harustie 7,2h+kk,45,"1
                                   ",639,2,0,0,1,0,1,1,1,0,1
"Rastila, Helsinki",F,no condition,2015,1991,Kaksio,Harustie 7,2h+kk,45,"6
                                   ",648,2,0,0,1,0,1,1,1,0,1
"Rastila, Helsinki",F,no condition,2015,1991,Kaksio,Harustie 7,1h+tpk,46.5,"4
                                   ",664,2,0,0,1,0,1,1,1,0,1
"Rastila, Helsinki",F,no condition,2015,1991,Kaksio,Harustie 7,2h+k,48,"4
                                   ",670,2,0,0,1,0,1,1,1,0,1
"Rastila, Helsinki",F,no condition,2015,1991,Kaksio,Harustie 7,2h+k,49.5,"4
                                   ",692,2,0,0,1,0,1,1,1,0,1
"Rastila, Helsinki",F,no condition,2015,1991,Kaksio,Harustie 7,2h+kt,49.5,"1
                                   ",693,2,0,0,1,0,1,1,1,0,1
"Rastila, Helsinki",F,no condition,2015,1991,Kaksio,Harustie 7,2h+k,52,"4
                                   ",725,2,0,0,1,0,1,1,1,0,1
"Rastila, Helsinki",F,no condition,2015,1991,Kaksio,Harustie 7,1h+tpk,53,"4
                                   ",739,2,0,0,1,0,1,1,1,0,1
"Rastila, Helsinki",F,no condition,2015,1991,Kaksio,Harustie 7,2h+k,71.5,"1
                                   ",885,2,0,0,1,0,1,1,1,0,1
"Rastila, Helsinki",F,no condition,2015,1991,Kaksio,Harustie 7,2h+kt,71.5,"1
                                   ",885,2,0,0,1,0,1,1,1,0,1
"Rastila, Helsinki",F,no condition,2015,1991,Kolmio,Harustie 7,3h+oh+k,107,"1
                                   ",1211,2,0,0,1,0,1,1,1,0,1
"Rastila, Helsinki",F,no condition,2015,1991,Kolmio,Harustie 7,2h+tpk,46.5,"6
                                   ",662,2,0,0,1,0,1,1,1,0,1
"Rastila, Helsinki",F,no condition,2015,1991,Kolmio,Harustie 7,2h+tpk,54.5,"5
                                   ",735,2,0,0,1,0,1,1,1,0,1
"Rastila, Helsinki",F,no condition,2015,1991,Kolmio,Harustie 7,3h+kt,68.5,"2
                                   ",935,2,0,0,1,0,1,1,1,0,1
"Rastila, Helsinki",F,no condition,2015,1991,Kolmio,Harustie 7,3h+tpk,68.5,"1
                                   ",936,2,0,0,1,0,1,1,1,0,1
"Rastila, Helsinki",F,no condition,2015,1991,Kolmio,Harustie 7,2h+oh+k,70.5,"1
                                   ",955,2,0,0,1,0,1,1,1,0,1
"Rastila, Helsinki",F,no condition,2015,1991,Kolmio,Harustie 7,3h+kt,70.5,"1
                                   ",956,2,0,0,1,0,1,1,1,0,1
"Rastila, Helsinki",F,no condition,2015,1991,Kolmio,Harustie 7,3h+kt,71,"1
                                   ",962,2,0,0,1,0,1,1,1,0,1
"Rastila, Helsinki",F,no condition,2015,1991,Kolmio,Harustie 7,2h+oh+kt,71.5,"1
                                   ",998,2,0,0,1,0,1,1,1,0,1
"Rastila, Helsinki",F,no condition,2015,1991,Kolmio,Harustie 7,3h+kt,72,"2
                                   ",979,2,0,0,1,0,1,1,1,0,1
"Rastila, Helsinki",F,no condition,2015,1991,Kolmio,Harustie 7,3h+tpk,72,"1
                                   ",979,2,0,0,1,0,1,1,1,0,1
"Rastila, Helsinki",F,no condition,2015,1991,Kolmio,Harustie 7,3h+k,74.5,"1
                                   ",1028,2,0,0,1,0,1,1,1,0,1
"Rastila, Helsinki",F,no condition,2015,1991,Kolmio,Harustie 7,3h+k,74.5,"6
                                   ",1029,2,0,0,1,0,1,1,1,0,1
"Rastila, Helsinki",F,no condition,2015,1991,Kolmio,Harustie 7,3h+kt,74.5,"3
                                   ",1028,2,0,0,1,0,1,1,1,0,1
"Rastila, Helsinki",F,no condition,2015,1991,Kolmio,Harustie 7,3h+kt,74.5,"1
                                   ",1029,2,0,0,1,0,1,1,1,0,1
"Rastila, Helsinki",F,no condition,2015,1991,Kolmio,Harustie 7,2h+oh+k,76,"1
                                   ",1007,2,0,0,1,0,1,1,1,0,1
"Rastila, Helsinki",F,no condition,2015,1991,Kolmio,Harustie 7,3h+kt,77,"1
                                   ",1006,2,0,0,1,0,1,1,1,0,1
"Rastila, Helsinki",F,no condition,2015,1991,Kolmio,Harustie 7,2h+oh+kt,78,"1
                                   ",984,2,0,0,1,0,1,1,1,0,1
"Rastila, Helsinki",F,no condition,2015,1991,Kolmio,Harustie 7,3h+kt,78,"1
                                   ",1028,2,0,0,1,0,1,1,1,0,1
"Rastila, Helsinki",F,no condition,2015,1991,Kolmio,Harustie 7,3h+k,79,"1
                                   ",1030,2,0,0,1,0,1,1,1,0,1
